id,name,org,city,regions,type,fields,min_age,max_age,grades,paid_type,pay_detail,season,duration,status,deadline_text,deadline_iso,deadline_confidence,needs_work_permit,who_can_apply,how_to_apply,url,apply_url,verified,verified_on,notes
1001-colors-seasonal-youth-apprenticeship,Seasonal Youth Apprenticeship,1001 Colors (Cincinnati public art and youth workforce development),"Cincinnati, OH",cincinnati,paid-youth-program,arts-media,14,21,,paid,$13 an hour,summer,"8 weeks, June to July; 20 to 30 hours a week, Monday to Friday about 8:30 a.m. to 4:00 p.m.",closed-expect-reopen,The 2026 Application and Interview Weekend has passed. The page says 2027 details will be posted by late 2026.,,last-year-pattern,True,Must be 14 to 21 years old at the start of employment. No prior professional experience is required.,Complete the in-person application and interview during the scheduled Application and Interview Weekend.,https://www.1001colors.org/artists/youth-opportunities/seasonal-youth-apprenticeship,,fetched,2026-10-09,The organization's Gallery Fellowship (ages 16 to 24) and 10-month Mural Studio job are separate programs. The old ArtWorks web address now redirects to 1001colors.org. Ohio law (ORC 4109.02) requires an age and schooling certificate (work permit) for working minors of school age; 16 and 17 year olds working in the summer months can instead give the employer proof of age and a signed parent or guardian consent statement.
accel-middle-college,ACCEL Middle College (East Side Union / Evergreen Valley College),East Side Union High School District,"San Jose, CA",san-jose; silicon-valley,pre-college,any,,,10 to 11,unpaid-credit,No cost listed on the page (public school program),school-year,2 years,year-round,Recruitment meetings are held in the evening; dates not posted on the page I read.,,unknown,False,"Sophomores (80 to 90 credits) and juniors (140 to 150 credits by January) with a 2.0 GPA or higher, good attendance, Algebra I or Integrated Math I done, and currently in Geometry or higher.","Register for the Evergreen Valley College placement test at (408) 274-7900 x6636, attend a recruitment and info meeting to get the application, then mail it or hand-deliver it to the Roble Building mailroom at Evergreen Valley College.",https://www.esuhsd.org/Schools/Accel-Middle-College,,fetched,2026-10-07,"Page lists no age rule and no 2026-27 meeting dates; call the coordinator (Kathleen Leal, (408) 274-7900 x6881) for the schedule. Must also be taking biology, chemistry and physics and English 2 (sophomores) or English 3 (juniors)."
acwdb-youth-innovation,Youth Innovation Program (WIOA In-School Youth),Alameda County Workforce Development Board,"Alameda County, CA",oakland; east-bay; alameda,paid-youth-program,any,16,21,Currently in high school or college,mixed,Not stated. The youth page mentions paid and unpaid work experience but gives no wage.,year-round,,rolling,Ongoing,,rolling,True,"Ages 16 to 21, currently in high school or college. Alameda County program. No income or residency rule is listed on the page.","Contact a regional provider: Eden Area ROP in Hayward, (510) 293-2900, or Tri-Valley ROP in Livermore, (925) 487-4153. Main ACWDB line: (510) 259-3842.",https://www.acwdb.org/youth/,,fetched,2026-10-07,"Out-of-school youth ages 16 to 24 use the Future Force program instead: La Familia (Eden Area) (925) 935-2643, Ohlone College (Tri Cities) (510) 742-2323, International Rescue Committee (North Cities) (510) 857-6884. See also Alameda County Youth Innovation Program, a separate listing from the same county board that names the same two providers (Eden ROP and Tri-Valley ROP)."
acwdb-youth-innovation-2,Alameda County Youth Innovation Program,Alameda County Workforce Development Board,"Hayward, CA (providers across Alameda County)",alameda; east-bay; fremont; oakland,paid-youth-program,any,16,21,,mixed,"Not stated on the page. Services include paid and unpaid work experience, so ask the provider about pay.",year-round,,rolling,Rolling.,,rolling,True,Ages 16 to 21 who are currently in high school or college. Out-of-school youth ages 16 to 24 use a separate county youth program.,"Contact one of the providers listed on the program page: Eden ROP in Hayward, (510) 293-2900, or Tri-Valley ROP in Livermore, (925) 487-4153. County line: 510-259-3842.",https://acwdb.org/youth-innovation/,,fetched,2026-10-07,"Two providers only: Eden ROP (Hayward) and Tri-Valley ROP (Livermore), so which one serves you depends on where you live. Pay is not stated. A Hayward AJCC fact sheet (Rubicon Programs) mentions federal WIOA youth ages 14 to 24 with at least one barrier; ask your provider about younger teens. See also Youth Innovation Program (WIOA In-School Youth), a separate listing from the same county board that names the same two providers."
after-school-matters-chicago,After School Matters (paid apprenticeships and assistantships),After School Matters,"Chicago, IL",chicago,paid-youth-program,any,14,18,,stipend,Paid stipend based on program level and frequency. Dollar amounts vary by program and are not stated on the apply page.,year-round,Spring: late Feb to mid May. Summer: late June to early Aug. Fall 2026: Sept 28 to Dec 12.,open-now,Fall 2026 application opened Aug 26 and programs started Sept 28; no closing date stated and spaces are limited. Spring 2027 applications open in January; summer 2027 in April (per the session timeline).,,unknown,,"Must live in the City of Chicago and attend a Chicago high school. Most programs are ages 14 to 18 (14 by Sept 28, 2026 for the fall session). Outreach Assistantships need age 16+.","Apply online (up to six programs, ranked). Save your Application ID for the Teen Dashboard. Most programs require an interview; offers must be accepted within 72 hours. A parent/guardian consent form is required after you accept.",https://afterschoolmatters.org/apply/,,fetched,2026-10-09,"One program per session. A Social Security number or ITIN is not required for every program; teens without one should contact ASM. Applying again each session needs a new application. The fall page says the application is open, but programs began Sept 28, so confirm spots remain. Work permit rules for under-16 not stated on ASM pages."
air-and-space-udvar-hazy-discovery-station-volunteer,"Discovery Station volunteer, Udvar-Hazy Center",Smithsonian National Air and Space Museum,"Chantilly, VA",fairfax,volunteer,science; education,16,,,unpaid,Unpaid.,year-round,At least 8 hours per month for one year,rolling,No application window stated; new openings are posted through the year.,,rolling,False,"Must be 16 or older for Discovery Station and Astronomy volunteering (18 for most other roles). Commit to at least 8 hours a month for one year, preferably in 3-hour shifts.","Click 'Apply Now' on the volunteer page, create an account in the museum's volunteer system, complete the orientation and online training, and sign a Program Volunteer Agreement.",https://airandspace.si.edu/get-involved/volunteer,,fetched,2026-10-09,"The Astronomy Education volunteer role (also 16+) was marked 'not recruiting at the moment'. Unpaid volunteering, so no work permit."
ala-girls-state-california,California Girls State (American Legion Auxiliary),"American Legion Auxiliary, Department of California",California (session location not stated on the site),statewide,leadership,law-government,,,11th grade (the site says each delegate is an 11th grader during the 2025-26 school year),unpaid,"Cost not stated on the pages read. The site says there are opportunities for scholarship consideration, including the Samsung American Legion Scholarship.",summer,"One week. The 2026 session (83rd) ran June 22-27, 2026.",closed-expect-reopen,"2026 session: June 22-27, 2026. 2027 dates and application deadlines are not posted on the site.",,last-year-pattern,False,"Girls in 11th grade who are selected and sponsored by a local American Legion Auxiliary Unit. Each high school may have only one delegate. If a school has no sponsoring Unit, a student can apply as a Department (statewide) alternate applicant. Age rules are not stated.",Ask your school counselor or contact a local American Legion Auxiliary Unit (the site has a spreadsheet to find one). Each Unit picks a delegate and two alternates. Students at schools with no sponsoring Unit can use the START HERE online application as Department alternate applicants.,https://cagirlsstate.org/,,fetched,2026-10-07,"Separate from the coed American Legion California Boys State (Boys & Girls State) program, which has its own card on this site. The FAQ says a student may apply to either American Legion CA Boys State or American Legion Auxiliary CA Girls State, but not both. Selection criteria, grade-school rules beyond the 11th grade note, and cost are not stated on the pages read."
alameda-county-community-food-bank-volunteer,Alameda County Community Food Bank: Volunteer,Alameda County Community Food Bank,"Oakland, CA",oakland; east-bay; alameda,volunteer,social-impact; food-hospitality,10,,,unpaid,,year-round,Shifts,year-round,No deadline. Pick a shift on the volunteer calendar.,,rolling,False,Ages 10 and up. Teens 15 to 17 may volunteer on their own. Under 15 needs an adult (1 adult for every 5 youth).,"Book shifts on the volunteer calendar or email volunteer@accfb.org, phone 510-635-3663 ext. 308.",https://www.accfb.org/volunteer/,https://www.accfb.org/get-involved/volunteer-calendar/,fetched,2026-10-07,"7900 Edgewater Dr, Oakland. Wear closed-toe shoes that cover your whole foot. BART to Coliseum, then AC Transit 98."
alameda-county-library-teen-volunteer,"Alameda County Library Teen Volunteers (Fremont, Newark, Union City)",Alameda County Library,"Fremont, Newark and Union City, CA",silicon-valley; fremont,volunteer,education,,,,unpaid,,year-round,,rolling,Ongoing.,,rolling,False,Ages and requirements vary by role and are shown on the portal. Not stated on the page I read.,Browse and apply on the library's Better Impact volunteer portal. Phone 510-745-1500. The application link is on the official page.,https://aclibrary.org/teens,,fetched,2026-10-07,The teen page is thin. Ask the Fremont Main Library which roles take teens.
alameda-free-library-teen-advisory-group,Alameda Free Library Teen Advisory Group (TAG),Alameda Free Library,"Alameda, CA (Main Library, Stafford Room)",alameda,leadership,education; arts-media,,,,unpaid,Community service hours only,school-year,"1st Tuesday of the month, 4:30 to 5:30 pm",rolling,Rolling,,rolling,False,Teens. The TAG page does not state an age or grade. Other teen volunteer roles on the same page use grades 7 to 12 or ages 12 to 17.,Complete the online TAG registration form on the library page. Questions: refdesk@alamedaca.gov or (510) 747-7777.,https://www.alamedafree.org/Teen-Services/Teen-Volunteer-Information,,fetched,2026-10-07,"Meets at the Main Library in the Stafford Room. The page states no age rule, so ask the library if you are younger than 12 or older than 17. See also Alameda Free Library Teen Volunteers (Book Reviewers and Coding with LEGO) for volunteer roles such as book reviews and LEGO coding."
alameda-free-library-teen-volunteers,Alameda Free Library Teen Volunteers (Book Reviewers and Coding with LEGO),Alameda Free Library,"Alameda, CA (Main Library)",alameda,volunteer,education; tech-cs,12,17,7 to 12,unpaid,Community service hours only,year-round,,rolling,Rolling,,rolling,False,Teen Book Reviewers: grades 7 to 12. Coding with LEGO: ages 12 to 17.,LEGO program: email Fernanda Nunez at fnunez@alamedaca.gov. Book reviews: use the Teen Book Reviews page. Questions: refdesk@alamedaca.gov or 510-747-7777.,https://www.alamedafree.org/PROGRAMS-SERVICES/Teen-Services/Teen-Volunteer-Information,,fetched,2026-10-07,"Book reviews are limited to one a month. No coding experience needed for LEGO. See also Alameda Free Library Teen Advisory Group (TAG) for the advisory role, where teens suggest ideas for library events and projects."
alameda-youth-career-job-fair,Alameda Youth Career and Job Fair,City of Alameda and Alameda Unified School District,"Alameda, CA (Encinal Jr/Sr High)",alameda,civic-government,any,,,,unpaid,Free event,spring,One afternoon,closed-expect-reopen,"The 10th annual fair was Wednesday, April 1, 2026, 1 to 5 pm. No 2027 date is posted.",,last-year-pattern,False,"Local youth, especially students in Alameda Unified School District career technical education programs.",No sign-up is listed; admission is free. Contacts: Jennifer Padilla (City) 510-747-6852; Amanda Vigil (AUSD) 510-337-7091.,https://www.alamedaca.gov/Shortcut-Content/Events-Activities/Youth-Career-Job-Fair-2026,,fetched,2026-10-07,"Held at Encinal Jr/Sr High, 210 Central Ave, Alameda. It is an annual fair, but the 2027 date has not been posted."
alliance-theatre-palefsky-collision-project,Palefsky Collision Project (Alliance Theatre),Alliance Theatre,"Atlanta, GA",atlanta,leadership,arts-media; education,,,Rising 11th and 12th grade (post-secondary also welcome),unpaid,Free to all participants. No stipend mentioned.,summer,"3 weeks, 10 a.m. to 6 p.m. daily (June 29 to July 17 in 2026, with performances July 17 and 18)",closed-expect-reopen,The interview and application window runs from January to mid-April each year; the Summer 2026 window is closed. 2027 dates not posted.,,last-year-pattern,False,"Rising 11th graders, 12th graders and post-secondary students. The page does not state a residency rule.",Apply during the window; the process includes an interview. The page encourages students to attend a performance and check back next year. Contact: collision.project@alliancetheatre.org or 404-733-4700.,https://alliancetheatre.org/palefsky-collision-project,,fetched,2026-10-09,"Free thanks to the Palefsky family. Exact dates were not printed on the application page, only the January to mid-April range. The Alliance also lists a year-long Teen Ensemble, but its current page was not read so it is not listed."
ann-arbor-aadl-teen-volunteer,Ann Arbor District Library Volunteer Program (teens and adults),Ann Arbor District Library,"Ann Arbor, MI",ann-arbor,volunteer,education; any,14,,,unpaid,Unpaid,year-round,Ongoing; you commit to the shifts you sign up for,rolling,"No deadline stated. Apply any time with the online form, then attend a volunteer orientation.",,rolling,,Anyone 14 or older. Ages 14 to 17 need a signed permission slip from a parent or guardian.,"Fill out the online volunteer application. After review you are contacted with details on signing up for a required volunteer orientation, then you pick shifts.",https://aadl.org/volunteer,,fetched,2026-10-09,"Library does not offer court-ordered community service. Older library posts mention a summer teen volunteer program, but the current page only describes the year-round program. Michigan's youth employment page (Youth Employment Standards Act) says the law covers employers of anyone under 18 including volunteers, so ask the program whether a work permit is needed."
ann-arbor-food-gatherers-volunteer,Food Gatherers Volunteer Shifts (warehouse and Community Kitchen),Food Gatherers (Washtenaw County food bank),"Ann Arbor, MI",ann-arbor,volunteer,social-impact; food-hospitality,14,,,unpaid,Unpaid,year-round,Single shifts; you can volunteer as often as you like,rolling,Shifts open for sign-up 3 months ahead and fill quickly.,,rolling,,"Age 14 or older to volunteer alone at the warehouse or Community Kitchen. Younger kids can come with an adult (warehouse 8 and up, kitchen 12 and up).","Create a user account with Individual Registration and sign up for shifts in advance; no walk-ins. If you need school hours signed or an observer will attend, call the volunteer coordinator first.",https://www.foodgatherers.org/get-involved/volunteer/,,fetched,2026-10-09,"Not teen-specific, but a steady way for teens 14 and up to earn volunteer hours. Warehouse work involves moderate lifting. Groups of four or more use a separate group form. Michigan's youth employment page (Youth Employment Standards Act) says the law covers employers of anyone under 18 including volunteers, so ask the program whether a work permit is needed."
ann-arbor-hshv-junior-volunteer,Junior Volunteer Program at Humane Society of Huron Valley,Humane Society of Huron Valley,"Ann Arbor, MI",ann-arbor,volunteer,social-impact; environment,12,17,,fee-based,"$205 program fee for the 6 session training (training, T-shirt, supplies). Limited scholarships for families with financial need.",year-round,"6 training sessions, then a 2 to 4 hour per month volunteer commitment",opens-soon,Registration for the November sessions (Nov 2 to 19) opens Mon Oct 19 at 8am; for the December sessions (Nov 30 to Dec 17) it opens Mon Nov 16 at 8am. Sessions are offered monthly and fill quickly.,,confirmed-2026-27,,Youth ages 12 to 17 (must be 12 before registering). Those about to turn 18 within 6 months may prefer the adult orientation.,"Online registration only, which opens about 30 days before each session. You must attend all six classes; there are no make-ups, refunds or transfers. A waitlist is available.",https://www.hshv.org/get-involved/volunteer/junior-volunteer,,fetched,2026-10-09,"Demand is higher than space, so you may wait months. After training you volunteer without a parent present. Inactive for 6 months or more means retaking the training. Shelter is at 3100 Cherry Hill Rd, Ann Arbor. Michigan's youth employment page (Youth Employment Standards Act) says the law covers employers of anyone under 18 including volunteers, so ask the program whether a work permit is needed."
ann-arbor-summerworks-washtenaw,SummerWorks (Washtenaw County Summer Youth Employment Program),"SummerWorks: Michigan Works! Southeast, Washtenaw County OCED, University of Michigan Poverty Solutions and partners","Ann Arbor, MI (Washtenaw County)",ann-arbor,paid-youth-program,any,16,24,,paid,Internships pay $15 or $17 per hour depending on whether you have finished high school or an equivalent (employer FAQ). About 20 to 25 hours a week.,summer,Program runs April to August; internship is 10 weeks between June and August,closed-expect-reopen,"2026 cycle: applications opened Jan 15 and were due Mar 22, 2026; internship period June 15 to Aug 21, 2026. The site says 2027 applications open in mid-January and are usually open late January to late March. 2027 closing date is not posted.",,last-year-pattern,True,"Ages 16 to 24 when programming begins (you must turn 16 by June 1 of the program year) AND you live in, or attend school in, Washtenaw County. Participants may take part for up to three years.","Online application (opens January): your contact info, parent or guardian contact, approximate household income, possible summer conflicts, and one reference who is not a relative. Accepted minors need a parent or guardian signature.",https://www.summerworks.info/young-adults,,fetched,2026-10-09,"A paid internship is not guaranteed: the site says a subset of participants is selected, though staff aim to match everyone. After acceptance you need I-9 identification documents and a bank account in your name for pay (this is for payroll, not a fee). Professional development is Tuesday or Wednesday evenings online, then Fridays 10am to 2pm in person from June. Michigan requires a work permit for minors under 18 to work; as of Oct 2, 2026 permits are issued through the state's Youth Employment Permit Portal, not schools. Contact: mail@summerworks.info."
ann-arbor-trinity-health-teen-volunteer,Trinity Health Ann Arbor Teen Volunteer Program,"Trinity Health Michigan, Ann Arbor and Livingston","Ann Arbor, MI",ann-arbor,volunteer,health,16,18,High school students,unpaid,Unpaid,year-round,Year-round roles with some seasonal placements (a summer teen cohort exists),unconfirmed,"No application dates posted. The 2026 Ann Arbor summer teen orientation was June 24, 2026, 11am to 4pm; no later orientation is listed.",,unknown,,High school students ages 16 to 18.,"Use the Apply Now button on the Ann Arbor and Livingston volunteer page (the link goes to the hospital's volunteer system at stjoemercyann.vsysweb.com). Then an interview, paperwork, health screening and a required orientation.",https://www.trinityhealthmichigan.org/foundation-and-giving/volunteer/ann-arbor-and-livingston,,fetched,2026-10-09,"Requirements listed for volunteers: interview, two TB skin tests, proof of varicella and MMR immunity, Tdap, this year's flu shot, health clearance form, one non-relative reference, and orientation; background checks apply to volunteers 18 and over. Also on the same page: The Farm at Trinity Health takes volunteers age 15 and up (no background check under 18). The Apply Now link is http, not https, so it is not in the apply_url field. Volunteer office phone is on the page. Michigan's youth employment page (Youth Employment Standards Act) says the law covers employers of anyone under 18 including volunteers, so ask the program whether a work permit is needed."
ann-arbor-ymca-youth-volunteer-corps,Youth Volunteer Corps and youth volunteer roles at the Ann Arbor YMCA,Ann Arbor YMCA,"Ann Arbor, MI",ann-arbor,volunteer,social-impact; education; sports,11,17,,unpaid,Unpaid,year-round,Varies: one-off service projects or ongoing roles,rolling,No deadline stated. Apply any time with the volunteer application.,,rolling,,The Youth Volunteer Corps is for teens ages 11 to 17. Ages for the other youth volunteer roles are not stated on the page. Youth sports coaches must be at least 14.,Use the Begin your application button on the volunteering page. Questions: volunteer@annarborymca.org.,https://www.annarborymca.org/why-the-y/volunteering/,https://volunteer.bloomerang.co/volunteer/#/join-party?k=yy0iehuoo53eo5&e=62270&fromOrg,fetched,2026-10-09,"The page's own link to a Youth Volunteer Corps page was a dead link when checked, so details of YVC projects and dates are not confirmed. The Y also lists other volunteer roles that appear aimed at adults. Michigan's youth employment page (Youth Employment Standards Act) says the law covers employers of anyone under 18 including volunteers, so ask the program whether a work permit is needed."
aquarium-of-the-pacific-voluntens,VolunTEENS at the Aquarium of the Pacific,Aquarium of the Pacific,"Long Beach, CA",los-angeles,volunteer,environment; science; education,14,16,,unpaid,Unpaid volunteer program (60 service hours).,year-round,"60 hours over a 10-week session (Spring, Summer or Fall), one shift a day each week, 9:30 a.m. to 3:30 p.m.",closed-expect-reopen,2026 windows: Summer applications Mar 1 to Apr 15; Fall applications Jun 20 to Aug 5. 2027 dates are not posted.,,last-year-pattern,False,"Teens 14 to 16. Applicants complete an online application and an on-site interview, then required trainings. Both a parent and the teen sign liability forms.","Fill out the volunteer application during an open window, attend an interview, then the online and on-site training days.",https://www.aquariumofpacific.org/volunteer/volunteens,https://bttr.im/bffey,fetched,2026-10-09,"Spring and Fall sessions are weekends only; Summer shifts run seven days a week. The Aquarium also lists other youth roles for ages 11 to 18 (Ocean Neighbors, Teen Science Cafe Volunteer, Student Eco-Ambassadors). The Education Volunteer role is for ages 16 and up with at least 100 hours in six months."
arc-nextgen-youth-workforce,NextGen Youth Workforce Program (WorkSource Atlanta Regional),"Atlanta Regional Commission, Atlanta Regional Workforce Development Board","Cherokee, Clayton, Douglas, Fayette, Gwinnett, Henry and Rockdale counties, GA",atlanta,paid-youth-program,any,16,24,,mixed,"The page does not mention wages, stipends or work experience pay. Ask your county provider what is offered.",year-round,Year-round,year-round,Year-round. No application dates are posted.,,rolling,False,"Ages 16 to 24 living in Cherokee, Clayton, Douglas, Fayette, Gwinnett, Henry or Rockdale County. In-school or out-of-school youth who face a barrier such as offender history, homelessness, foster care, parenting, disability or being a basic-skills-deficient or English learner diploma holder.","The page does not describe an application. Contact the provider for your county. Clayton: 770-997-4511 (640 Hwy 138 SW, Riverdale). Gwinnett: 404-913-0769 (3805 Crestwood Pkwy NW, Suite 300, Duluth). Cherokee: 770-345-5483. Henry: 404-913-0769. Douglas: 770-997-4511. Fayette: 770-910-7733. Rockdale: 770-991-7608.",https://atlantaregional.org/what-we-do/workforce-solutions/nextgen-workforce-building-futures-for-young-professionals-today/,,fetched,2026-10-09,"This is the only Gwinnett and Clayton county youth workforce program found. The City of Atlanta, Fulton, DeKalb and Cobb are not on this page's county list; see their own entries. Providers named on the page: Cherokee Youth Works and Hearts to Nourish Hope. Georgia requires a work permit only under 16, and this program starts at 16."
arc-upward-bound,TRIO Upward Bound and Upward Bound Math and Science (American River College),American River College (Los Rios),"Sacramento area, CA",sacramento,school-pathway,education; science; any,,,9 to 12,unpaid,Free program. No stipend mentioned on the page.,year-round,"Year-round, including a required summer component",rolling,No deadline posted on the page.,,unknown,False,"Students in grades 9 to 12 at Center, Del Campo, El Camino Fundamental or Inderkum High School who meet federal rules for financial need and/or being first in the family to go to college, and want to go beyond high school.","Fill out the online Upward Bound application, then staff review eligibility and interview the student and family if eligible. Contact arctrioub@arc.losrios.edu or (916) 484-8033 (Mon to Fri, 9 am to 6 pm).",https://arc.losrios.edu/student-resources/trio-upward-bound,,fetched,2026-10-07,"Only for students at the four listed partner schools. Summer participation is required. The dedicated application page did not show details when read, so ask staff for current dates."
armc-teen-volunteer-program,Teen Volunteer Program,Arrowhead Regional Medical Center (San Bernardino County),"Colton, CA",inland-empire,volunteer,health,14,,,unpaid,Unpaid volunteer role,year-round,At least 100 hours; one 2-hour shift a week,rolling,No dates posted. Apply any time.,,rolling,False,Anyone at least 14 and a half years old. The page lists this rule for all volunteers and links a separate Teen Volunteer Application.,"Complete the Teen Volunteer Application (Google form on the page). Questions: armc-volunteers@armc.sbcounty.gov or Volunteer Management, 400 N. Pepper Avenue, Colton, CA 92324.",https://www.arrowheadregional.org/get-involved/,https://forms.gle/p4K8EYBB3TB8tpQu7,fetched,2026-10-09,Minimum age is 14 and a half. The page lists no application deadline or start dates.
art-academy-of-cincinnati-teen-academy,Teen Academy (summer art classes),Art Academy of Cincinnati,"Cincinnati, OH",cincinnati,pre-college,arts-media,13,18,,fee-based,$185 per one-week course (Week 3 is $148). Morning (9 to 11:30 a.m.) and afternoon (12:30 to 3 p.m.) courses.,summer,Six weeks of themed courses (2026: June 1 to July 24),unconfirmed,The page shows the 2026 course schedule. 2027 dates and registration are not posted.,,last-year-pattern,False,"Teens 13 to 18 years old. Students can join one week, all six or any number of weeks.",Register for classes through the registration link on the Teen Academy page. Questions: Office of Engagement.,https://www.artacademy.edu/office-of-engagement/community-education/teen-academy/,,fetched,2026-10-09,Courses change every week. Students agree to the handbook rules when they sign up. The page mentions scholarships; ask the Office of Engagement for details.
atlanta-botanical-garden-speak-volunteers,SPEAK Student Volunteers (Atlanta Botanical Garden),Atlanta Botanical Garden,"Atlanta, GA",atlanta,volunteer,environment; education; science,16,,,unpaid,Unpaid volunteer program,summer,"50 hours between June 2 and July 24 (2026), including a required 6-hour training day. Shifts Tuesday to Sunday in 2-hour blocks.",closed-expect-reopen,"2026 cycle: info sessions Jan 13 and Feb 10, application and recommendation due March 1, 2026, group interviews March 21 or 28. 2027 dates not posted.",,last-year-pattern,False,High school students 16 or older by June 2 of the summer.,"Submit the online SPEAK application and have a non-relative adult submit a recommendation form. Attend a 2-hour group interview and the mandatory training day. If you also apply to the paid internship, only the internship application is needed.",https://atlantabg.org/volunteer/speak-volunteers/,,fetched,2026-10-09,Application window usually closes March 1 (2026 pattern). Check the Garden volunteer page in December and January for the 2027 cycle.
atlanta-botanical-garden-summer-high-school-internship,Summer High School Internship (Atlanta Botanical Garden),Atlanta Botanical Garden,"Atlanta, GA",atlanta,internship,environment; science,16,,"Rising sophomore, junior or senior",paid,"$12 per hour, paid every two weeks.",summer,"7 weeks (June 2 to July 16 in 2026), 18 hours a week, Tuesday through Thursday",closed-expect-reopen,The Garden says to check back in December 2026 for Summer 2027 details.,,last-year-pattern,,"16 or older by June 2 of the summer, and a rising sophomore, junior or senior at a Metro Atlanta Title I school. Must be eligible to work in the U.S.","Submit the internship application and have a non-relative adult (teacher, mentor or boss) submit the recommendation form. Group interview at the Garden, then virtual orientation with a guardian. Questions: lboren@atlantabg.org.",https://atlantabg.org/school-tours/summer-high-school-internship/,,fetched,2026-10-09,Only for students at Metro Atlanta Title I schools. Work is outside in all weather and includes lifting 40 lbs. Applying here also covers the SPEAK volunteer program. The Garden's Gainesville site has its own separate teen program.
atlanta-parks-rec-teen-leaders,Atlanta Teen Leader Program and Parks and Recreation Teen Summer Employment,"City of Atlanta, Department of Parks and Recreation","Atlanta, GA",atlanta,paid-youth-program,any,13,18,,mixed,Teen Leader activities are free. Pay for the summer employment program is not stated in the catalog.,summer,"The 2026 Teen Leaders Summer Academy ran June 8 to July 24, Monday to Friday.",unconfirmed,"Register as a Teen Leader by Dec 31, 2026 to be considered for the Parks and Recreation summer employment program. That date is a registration cutoff, not a job application. Registration is ongoing. The catalog says summer 2026 employment registration is closed.",,last-year-pattern,,"Teens ages 13 to 18. Participating sites listed: Adams, Bessie Branham, C. T. Martin, Dunbar, Grove Park, Martin Luther King Jr., Peachtree Hills, Pittman, Rosel Fann, Thomasville, William Walker, Zaban, @Promise South and @Promise MLK. Residency rules are not stated.",Register for the Atlanta Teen Leader Program. The catalog lists atlantaga.gov/iparcs as the City registration site for its programs. Confirm the steps with your nearest participating recreation center.,https://cdn.prod.website-files.com/605b905d0921c80603fd8bd1/69cd34b345bd638cd961afbf_2026%20DPR%20Summer%20Catalog%20and%20Safe%20Summer%20Guide.pdf,,fetched,2026-10-09,"Source is the City's 2026 summer catalog, so it does not say which summer the Dec 31, 2026 cutoff is for (most likely summer 2027). Ages and pay for the actual summer jobs are not stated. Georgia requires a work permit for any job under 16. The City's iParcs page blocked automated reading."
atlanta-summer-youth-employment-program,Summer Youth Employment Program (SYEP),"City of Atlanta, Department of Labor and Employment Services","Atlanta, GA",atlanta,paid-youth-program,any,14,24,,paid,Paid. The page says competitive wages and does not state a rate.,summer,June 8 to July 16 in 2026 (about 6 weeks). Some positions may extend.,unconfirmed,The 2026 program ran in June and July. Registration was a waiting list when we read the page. 2027 dates are not posted.,,last-year-pattern,True,"Atlanta youth ages 14 to 24. Documents asked for: original birth certificate, proof of City of Atlanta residency, state or school photo ID, original Social Security card, and a work permit for anyone under 16.","Register online on the city's SYEP sign-up page with an email address you check daily. Upload your documents in the SYEP portal when asked. You are matched to openings, invited to orientation, and sent an offer letter. Some employers interview first.",https://atlyearoftheyouth.com/summer-jobs,https://afterschoolhq.com/ADOLES/activity/2026summeryouthemployment,fetched,2026-10-09,"A work permit is needed only for ages 14 and 15 (Georgia requires one under 16). You start it after you have a job offer, through your school district. Not guaranteed: the city says selection is competitive. Questions: syep@atlantaga.gov or (404) 546-3000. The registration list asks for an original Social Security card; this is the official city program, so upload documents only inside the SYEP portal and never send them by email or text. The city's atlantaga.gov pages blocked automated reading, so confirm the 2027 timeline with the SYEP team."
austin-city-hs-summer-internships,City of Austin High School Summer Internship Programs,"City of Austin, Austin Economic Development (Youth Initiatives)","Austin, TX",austin,internship,any,15,18,"Rising sophomore, junior or senior, or current senior",paid,"$13 per hour, 20 hours per week",summer,6 weeks (June 1 to July 10 in 2026),closed-expect-reopen,"2026 application ran Jan 28 to Feb 28, 2026. 2027 dates are not posted.",,last-year-pattern,,"Austin, TX residents who attend an Austin-area high school, ages 15 to 18 when applying, available for the whole program with no more than 3 days absent.",Submit the online application (link posted on the program page) with an essay. Choose your preferred track on the application. Email SummerHSIntern@austintexas.gov with questions.,https://austintexas.gov/economic-development/programs/high-school-internship-opportunities,,fetched,2026-10-09,Separate from the Austin ISD / Austin Chamber paid internship. Placements depend on site access and career interest.
austin-library-teen-fellowship,Teen Library Fellowship,Austin Public Library with the Austin Library Foundation,"Austin, TX",austin,leadership,arts-media; education; social-impact,15,17,"Rising sophomore, junior or senior",stipend,"$21 per hour on the Foundation page ($22 per hour on the library pages), up to 10 hours of work per month",school-year,9 months (about August to May),closed-expect-reopen,"Foundation page: the next cohort application opens in May 2027. The 2026-27 application ran May 1-31, 2026.",,last-year-pattern,,"Teens age 15 to 17 living in Central Texas who will be a sophomore, junior or senior in the coming fall (homeschoolers welcome). Must be able to work legally in the U.S., or be willing to waive pay on a student-only visa. About 10 teens are hired each year.",Apply through the Foundation's Teen Library Fellowship page when the application opens. Questions go to the Teen Librarian at kathleen.houlihan@austintexas.gov.,https://austinlibrary.org/teen-library-fellowship/,,fetched,2026-10-09,"Fellows must attend a mandatory monthly Sunday afternoon retreat at the Central Library; travel stipends are available. The Foundation page says ages 15-17 and $21 per hour; library pages say $22 per hour and one library page says ages 15-18, so confirm when applications open."
austin-library-youth-volunteer,Youth Volunteer Program,Austin Public Library,"Austin, TX",austin,volunteer,education; social-impact,13,17,,unpaid,Unpaid,year-round,"Fall (Oct-Dec) and spring (Mar-May): 10 weeks, one 2-hour shift a week. Summer (June-July): 8 weeks, one 2 to 4 hour shift a week.",closed-expect-reopen,"Windows each year: fall Jul 1-31, spring Dec 1-31, summer Mar 1-31. The fall window has closed; the next one is spring, Dec 1-31 (the page gives these windows without a year).",,last-year-pattern,False,"Teens 13 to 17 (no younger than 13 and no older than 17 by Aug 1 for fall, Dec 1 for spring, or May 1 for summer). Must pass a background check (fingerprinting for ages 15+ who lived outside Texas in the last seven years) and attend a mandatory orientation.",Complete the online application posted on the Teen Volunteer Program page during the window. There may be an interview with the volunteer coordinator; you get three business days to accept an offer. Not every applicant gets a placement.,https://library.austintexas.gov/node/1734565,https://library.austintexas.gov/volunteer#teen,fetched,2026-10-09,"Placement depends on the library branch and supervisor, and the library gets more applicants than placements. Contact: APL.Volunteers@austintexas.gov. Limit of two absences per season."
austin-macc-caminos-teen-leadership,Caminos Teen Leadership Program,Emma S. Barrientos Mexican American Cultural Center (City of Austin),"Austin, TX",austin,paid-youth-program,arts-media; social-impact,16,18,High school,paid,"$22.05 per hour, about 6 to 10 hours per week",school-year,"10 months, mid-to-late August through early June; most Saturdays 10:30 a.m. to 4:30 p.m. plus Wednesday evenings",closed-expect-reopen,Applications for the Class of 2027 are closed. The center will announce when applications reopen for the Class of 2028 on Instagram @atxcaminos.,,unknown,,"High school students living in Central Texas, ages 16 to 18 (or turning 16 in the year they apply), interested in creative careers and Latinx issues, and able to work legally in the U.S.","Submit a personal application, a portfolio and teacher recommendations, then do one-on-one and panel interviews. Questions: caminos@austintexas.gov.",https://www.austintexas.gov/page/esb-macc-teen-leadership-program,https://www.austintexas.gov/page/how-apply-esb-macc-caminos,fetched,2026-10-09,About 10 to 12 teens per cohort. Competitive. Dates for the next application window are not posted.
austin-parks-lifeguard,Lifeguard training and hiring,"Austin Parks and Recreation Department, Aquatic Division","Austin, TX",austin,paid-youth-program,sports; health,15,,,paid,Starting at $22.05 per hour (March 2026 posting),summer,Seasonal; training happens before the swim season,closed-expect-reopen,"Spring 2026 hiring open hours were Mar 31, Apr 16 and Apr 28 (4 to 8 p.m.) at 2818 San Gabriel St. 2027 dates are not posted.",,last-year-pattern,,Lifeguard training and hiring starts at age 15 with no upper age limit. You need a physical Social Security card and Texas-issued ID for the in-person paperwork.,"Step 1: fill out the online lifeguard job application. Step 2: visit the Aquatic Office in person at 2818 San Gabriel St. with your Social Security card, Texas ID and any hiring paperwork emailed to you. Questions: 512-974-9330.",https://www.austintexas.gov/parks/parks/lifeguard-hiring,,fetched,2026-10-09,"The 2026 posting also offered a $200 stipend for guards trained and working 40 hours before July 4, 2026. One library list says age 16+; the Parks page (dated March 20, 2026) says 15. Texas hour limits apply to 15 year olds."
austin-youth-forest-council,Youth Forest Council,"City of Austin, Austin Climate Action and Resilience (Urban Forest Program)","Austin, TX",austin,internship,environment; social-impact,16,20,,paid,"$22.05 per hour, about 10 to 15 hours per month",year-round,"One year, June to May; one full council meeting a month",closed-expect-reopen,"Applications for the 2026-27 cohort were due March 15, 2026. The page says applications open again in January 2027.",,last-year-pattern,,Young people ages 16 to 20 who live in the City of Austin or its extraterritorial jurisdiction and are eligible to work legally in the U.S. No academic requirements.,"Online application (about 1.5 hours), short-answer questions, and one reference who completes a recommendation form. Accepted members become City of Austin employees and must verify work eligibility.",https://www.austintexas.gov/climate/programs/youth-forest-council,,fetched,2026-10-09,Meetings are held at locations around Austin and transportation help may be available.
bart-summer-internship-high-school,BART Summer Internship (high school),Bay Area Rapid Transit (BART),"Oakland, CA (BART offices)",oakland; east-bay; san-francisco,internship,engineering; business-finance; any,16,,,paid,"$20 per hour (high school, 2026)",summer,"June 22 to July 31, 2026, 10 to 20 hours a week",closed-expect-reopen,"2026 program ran June 22 to July 31, 2026. Direct applications are not accepted. 2027 not posted.",,last-year-pattern,True,"At least 16 years old, and enrolled in high school or college (or enrolled within the past 12 months). A community group must sponsor your placement.",You cannot apply to BART directly. Ask a community organization or your school to sponsor you and have them email workforcedevelopment@bart.gov.,https://bart.gov/node/23341,,fetched,2026-10-07,Sponsor organizations fund the placements. Build a relationship with a community group and ask them to contact workforcedevelopment@bart.gov.
berkeley-high-cte,Berkeley High CTE Pathways,Berkeley Unified School District,"Berkeley, CA",berkeley; east-bay; alameda,school-pathway,health; law-government; arts-media; tech-cs; engineering; trades,,,9 to 12,unpaid-credit,,school-year,,year-round,Choose pathway classes during course selection.,,unknown,False,Berkeley High students in grades 9 to 12.,"The page does not describe enrollment. Contact CTE Manager Wyn Skeels, WynSkeels@berkeley.net, (510) 644-8727, or your counselor.",https://www.berkeleyschools.net/teaching-and-learning/cte/,,fetched,2026-10-07,Pathway classes meet the a-g college entry requirements. Middle schoolers get a STEM exploration track.
berkeley-humane-teen-volunteer,Berkeley Humane Volunteer (teens 12 and up),Berkeley Humane,"Berkeley, CA",berkeley,volunteer,science; any,12,,,unpaid,,year-round,,rolling,Rolling. Internships are 18+ only.,,rolling,False,Age 12 or older. Ages 12 to 15 must have a parent or guardian with them 1 to 1. Age 16 and up can volunteer alone with a release form.,"Sign up for a General Volunteer Orientation online, read the manual, attend orientation. Contact volunteer@berkeleyhumane.org, (510) 845-7735.",https://www.berkeleyhumane.org/volunteer,,fetched,2026-10-07,Internships need 18 or older (10 to 20 plus hours a week for 3 months or more).
berkeley-pre-college-scholars,Berkeley Pre-College Scholars (Summer Sessions),UC Berkeley Summer Sessions,"Berkeley, CA",berkeley,pre-college,any,16,,Finished 10 or 11,fee-based,"2026 cost: $15,987 (8 weeks, June 22 to Aug 14) or $14,687 (6 weeks, July 6 to Aug 14). There is also an application fee. One media scholarship was offered in 2026.",summer,6 or 8 weeks,closed-expect-reopen,"2026 application ran Feb 2 to Mar 17, 2026. 2027 dates not posted.",,last-year-pattern,False,"Finished 10th or 11th grade, 3.0 GPA, 16 by June 21 (2026 rule).","Apply online on the Pre-College Scholars site. The 2026 window opened Feb 2, 2026. 2027 dates are not posted.",https://precollege.berkeley.edu/node/3,,fetched,2026-10-07,Very expensive. Aid is limited. Also needs a 3.0 GPA and good standing at your school.
berkeley-public-library-teen-volunteer,Berkeley Public Library Teen Volunteer and Youth Worker,Berkeley Public Library,"Berkeley, CA",berkeley,volunteer,education; any,14,25,,mixed,Volunteering is unpaid. Youth Worker jobs are paid (rate not posted; no benefits).,year-round,Youth Worker up to 15 hours a week,rolling,"Library page says YouthWorks accepts applications in March and October only. YouthWorks lists a Winter 2027 interest form due Oct 30, 2026.",,rolling,True,"Teen volunteer: fill out the application (no age stated). Youth Worker: ages 14 to 25, no experience needed; a work permit is required if under 18.","Volunteers: complete the Teen Volunteer Application form. Paid work: go through Berkeley YouthWorks (2180 Milvia St, 510-981-4970); see the YouthWorks page for the current interest form.",https://www.berkeleypubliclibrary.org/teens/jobs-and-volunteering,https://forms.office.com/g/EjVD1khRnm,fetched,2026-10-07,The library page also lists other groups that take teen volunteers. Berkeley YouthWorks may require Berkeley residency.
berkeley-rep-teen-council,Teen Council,"Berkeley Repertory Theatre, School of Theatre","Berkeley, CA",berkeley; east-bay,leadership,arts-media,,,High school,stipend,"Transportation stipend. Free admission to teen programs and shows, and free food at events.",school-year,,closed-expect-reopen,A new group is chosen at the start of each school year. No 2026 to 2027 dates are posted; join the mailing list for news.,,unknown,False,Bay Area high school students. A new group starts at the beginning of each school year.,"Join the Teen Council mailing list on the Teen Council page, or email teencouncil@berkeleyrep.org.",https://www.berkeleyrep.org/school-of-theatre/students/teen-council,,fetched,2026-10-07,No grade or age rule is listed beyond high school. Competitive: only 10 to 15 spots.
berkeley-youthworks,Berkeley YouthWorks,City of Berkeley,"Berkeley, CA",berkeley,paid-youth-program,any,,,,paid,Wage not posted. Ready to Work workshop stipend if you attend at least 7 of 8 sessions.,year-round,Winter 2027 placements run January to March 2027,open-now,"Interest form for Winter 2027 is due October 30, 2026. Summer 2027 information is expected February 2027. Fall 2026 is full through November 2026.",2026-10-30,confirmed-2026-27,True,"Berkeley residents (proof of residency at onboarding). Priority for youth facing barriers, such as foster care or legal system involvement, English learners, young parents, and students with IEPs or 504 plans. The page states no age rule.","Fill out the online YouthWorks interest form. Chosen candidates get an email for a 15 to 20 minute interview. Contact: youthworks@berkeleyca.gov, (510) 981-4970.",https://berkeleyca.gov/youthworks,,fetched,2026-10-07,An interest form does not guarantee a placement. Berkeley Public Library lists the Youth Worker age as 14 to 25. Berkeley residents only.
beyond-emancipation-foster-youth,Beyond Emancipation (B:E) employment coaching for foster youth,Beyond Emancipation,"Oakland, CA",oakland; east-bay,paid-youth-program,any,,,,unpaid,No pay to the youth is stated. The cost of services to the youth is not stated on the pages read.,year-round,,rolling,Ongoing. No application window is stated on the pages read.,,rolling,False,"Current and former foster youth in Alameda County, per the homepage (it says it serves over 500 each year). The age range and intake steps are not stated on the pages read.","Call 510.980.9010 or email info@beyondemancipation.org (both from the site footer). Staff connect youth to coaching, training and job resources.",https://beyondemancipation.org/,,fetched,2026-10-07,"Corrected on 2026-10-07. The site loaded this time (the earlier certificate error is gone). The homepage and employment page say who is served and what coaching covers, but do not state an age range, costs or an intake process, so those are left null or not stated. This is a coaching service rather than a paid job, so the type is the closest available. The employment page lists outside job boards and training partners (Civicorps, Oakland Private Industry Council, EASTBAY Works), which are separate organizations. The jobs page is for B:E staff openings, not youth jobs. Call before relying on it."
bgc-ncil-industry-clubs,Industry Clubs (Boys & Girls Clubs of North Central Illinois),Boys & Girls Clubs of North Central Illinois,"Elgin / South Elgin area and other Fox Valley clubs, IL",chicago,paid-youth-program,health; tech-cs; trades; arts-media; food-hospitality,14,18,,paid,Described as paid; the amount is not stated.,year-round,8 to 10 week sessions,unconfirmed,No dates posted on the page. Fill out the interest form to hear about the next session.,,unknown,,Teens ages 14 to 18. The page does not say which clubhouse hosts each Industry Club or whether you must be a member first.,"Fill out the Industry Clubs interest form on the page, or email membership@bgcncil.org or call the South Elgin office at (847) 608-5017. Teen membership (middle and high school) is free and signs up through MyClubHub (bgcncil.org/join/).",https://bgcncil.org/industryclubs/,,fetched,2026-10-09,"The organization runs Elgin and South Elgin clubhouses (administrative office at 735 Martin Dr, South Elgin) plus Aurora, Batavia and a Schaumburg Teen Center, but the Industry Clubs page does not say where each session meets. Ask before you sign up. Elgin clubhouses follow the School District U-46 calendar."
bgc-oakland-junior-staff,Junior Staff (Boys & Girls Clubs of Oakland),Boys & Girls Clubs of Oakland,"Oakland, CA",oakland,paid-youth-program,any,14,18,,paid,The page says 'Paid positions and income.' The pay rate and hours are not stated.,year-round,,unconfirmed,Not stated on the page.,,unknown,,Teens ages 14 to 18 who have been Club members for 2 or more years and meet academic requirements. The page does not list the academic requirements.,Not stated on the page. Ask staff at your Clubhouse. The site lists a 3300 High Street address.,https://bgcoakland.org/teens,,fetched,2026-10-07,"The same Teens page lists Keystone Clubs (ages 14 to 18) and Youth of the Year (ages 16 to 18, a $20,000 scholarship opportunity, not a job). They are not separate cards because the page gives no joining steps. Staff openings are posted on LinkedIn (the careers page does not list them). Season, pay rate, hours and deadlines are not stated, so confirm with the Club before a teen applies. Work permit rules for paid work under 18 apply in California; the page does not say whether one is needed here."
black-girls-code,Black Girls Code Workshops,Black Girls Code,Virtual and chapters,national; virtual,pre-college,tech-cs,7,18,,mixed,Prices not posted; Code Along videos are free,year-round,Workshop length varies,year-round,See the events page for current workshops.,,unknown,False,Girls ages 7 to 18 for workshops. A separate College and Careers Community serves ages 18 plus.,Check the community events page for current workshops: community.wearebgc.org/events.,https://www.wearebgc.org/,https://community.wearebgc.org/events,fetched,2026-10-07,"The home page did not name a Bay Area chapter, prices or workshop dates. Check the events page for what is open now. Code Along videos are free on YouTube."
bloomington-iu-jacobs-dance-summer-intensives,Jacobs Dance Summer Intensives (Ballet and Contemporary),"Indiana University Jacobs School of Music, Jacobs Academy","Bloomington, IN",bloomington,pre-college,arts-media,13,18,,fee-based,"Tuition $1,000 per one-week session ($2,000 for two, $3,000 for three) plus $100 registration fee credited to tuition. Optional housing with meals $550 per session; commuter meal plan $115 per session.",summer,"1 to 3 weeks: June 6-12, June 13-19 (ballet) and June 20-26 (contemporary), 2027",closed-expect-reopen,"Registration for summer 2027 opens mid-December 2026. Prescreen and registration due February 8, 2027; acceptance notice February 19; payment due March 1.",2027-02-08,confirmed-2026-27,False,"Ballet intensive: ages 13 to 18, admitted by a filmed prescreen of a classical variation. Contemporary intensive: ages 14 to 18, must have completed grade 8, no screening.",Online registration form and $100 fee; ballet applicants upload a private YouTube link to a classical variation. Do not pay tuition until accepted. Then submit the Participant Agreement Form.,https://jacobsacademy.indiana.edu/descriptions/dance-intensives.html,,fetched,2026-10-09,"Intense schedule (Monday to Friday, 9 AM to 5 PM). The student pays; this is not a job."
bloomington-iu-jacobs-summer-music-clinic,IU Summer Music Clinic,"Indiana University Jacobs School of Music, Jacobs Academy","Bloomington, IN",bloomington,pre-college,arts-media,,,Currently in grades 8 to 12,fee-based,"2026: residential tuition $1,120 (housing and meals); commuter tuition $815 (lunch and dinner); $100 non-refundable registration fee credited to tuition. Need-based financial aid is available.",summer,One week (June 14 to 20 in 2026),closed-expect-reopen,"2026 session June 14-20, 2026: registration and payment due May 8, 2026; financial aid application due April 13, 2026. 2027 dates not posted.",,last-year-pattern,False,"Intermediate to advanced string, wind and percussion students in grades 8 to 12. Jazz band requires an audition on the first day.","Online registration form plus the $100 registration fee, tuition by the payment deadline, then a Participant Agreement Form. Contact: musicsp@iu.edu.",https://jacobsacademy.indiana.edu/descriptions/summer-music-clinic.html,,fetched,2026-10-09,Costs and dates are from the 2026 session page. The student pays; this is not a job. The Jacobs Academy also lists other pre-college summer programs.
bloomington-iu-kelley-sprint-case-competition,Kelley Sprint Case Competition,Indiana University Kelley School of Business,"Bloomington, IN",bloomington,pre-college,business-finance,,,,unpaid,No cost to apply or attend,fall,One day (Saturday),closed-expect-reopen,2026 edition: apply by August 28; competition Saturday October 3 (2026). Next dates not posted.,,last-year-pattern,False,Any high school student. Only 50 team spots are available.,"Online application, first come first served.",https://kelley.iu.edu/undergraduate/pre-college/kelley-sprint-case-competition.html,https://apps.kelley.iu.edu/UGrad/Precollege/SprintCaseCompetition,fetched,2026-10-09,The page shows the August 28 and October 3 dates without a year; the date has already passed this fall. Travel costs are not discussed on the page. Expect it to repeat in fall 2027 but confirm.
bloomington-iu-kelley-womens-leadership-institute,Kelley Women's Leadership Institute,Indiana University Kelley School of Business,"Bloomington, IN (also virtual)",bloomington; virtual,pre-college,business-finance,,,"Current sophomores, juniors and seniors (virtual); rising juniors and seniors (in-person)",unpaid,"No registration fees; breakfast and lunch provided. In-person students pay their own travel to Bloomington, housing and personal costs.",summer,"One day in person, or two virtual sessions",opens-soon,"Summer 2027 in-person sessions June 25, July 9, July 16, July 30 and a virtual option April 7 and 14. Application opens Jan 4, 2027 and closes Mar 19, 2027.",2027-03-19,confirmed-2026-27,False,"High school students with a cumulative GPA of 3.5 or higher on a 4.0 scale. The page says the experience is open to all students. Selective, seats are limited.","Online application: 100-word statement, 250-word response, GPA and business-related activities. No exceptions for missed deadlines.",https://kelley.iu.edu/undergraduate/pre-college/ywi.html,https://apps.kelley.iu.edu/UGrad/precollege/YoungWomen,fetched,2026-10-09,"The page lists weekday dates (for example 'Wednesday April 7') that match 2027, and a fall 2026 virtual session (Oct 13 and 20, 2026) whose application closed Sept 25, 2026. Applications are not reviewed until after the deadline."
bloomington-iu-open-program,OPEN Program (take IU Bloomington classes while in high school),"Indiana University Bloomington, Undergraduate Education","Bloomington, IN",bloomington,pre-college,any,,,High school junior or senior,fee-based,Students pay the regular IU undergraduate credit-hour and mandatory fees (student health fee waived). Dollar amounts are not stated on the program page.,year-round,"One or more courses per term (fall, spring or summer)",rolling,Applications accepted about three months before to two weeks before each semester starts. No late applications.,,rolling,False,"High school juniors or seniors with a GPA of at least 3.0, recommended by a principal or guidance counselor, living with a parent or guardian within commuting distance of campus. IU GPA of at least 2.5 is also required once enrolled.","Talk to your high school counselor, then email openprgm@iu.edu for the form and instructions.",https://undergraduate.indiana.edu/pathways/precollege-programs/open/index.html,,fetched,2026-10-09,Only for students who live close enough to commute to Bloomington. Costs are real college credit fees. Not a job.
bloomington-iu-sese-sustainability-experience,Summer Experience in Sustainability and the Environment (SESE),"Indiana University, Environment, Society, and Sustainability Institute (ESSI)","Bloomington, IN (online)",bloomington; virtual,pre-college,environment; science,,,High school (specific grades not stated),unpaid,Free,summer,Not stated for 2027,closed-expect-reopen,Applications for the 2027 cohort will open January 2027. Closing date and program dates not posted.,,unknown,False,"High school students interested in sustainability and the environment. Need a computer, internet access and time for group work during the program.",Apply online when the 2027 application opens in January 2027. Questions: essi@iu.edu.,https://environment.indiana.edu/pre-college-programs/sese.html,,fetched,2026-10-09,"Entirely online, so students anywhere can join. The page shows quotes from 9th, 10th and 11th grade alumni. Participants receive a certificate of completion."
bloomington-wonderlab-teen-volunteer,Teen Volunteer,"WonderLab Museum of Science, Health, and Technology","Bloomington, IN",bloomington,volunteer,science; education,,,Entering grade 7 or higher in the fall of the next school year,unpaid,"Unpaid volunteer. Perks: free admission, 20 percent off in the gift store",year-round,Ongoing; flexible hours,rolling,"Apply any time. Volunteer orientation sessions in 2026 were listed through Tuesday, November 10, 2026 (prior registration required).",,rolling,False,Teens entering at least 7th grade in the fall of the next school year. Teens apply with the Teen Volunteer Application; adults 18 and over use a separate form.,"Submit the Teen Volunteer Application (online form linked on the Become a Volunteer page), then register for a volunteer orientation. Contact: Volunteer Manager, 812-337-1337 ext. 221.",https://wonderlab.org/become-a-volunteer/,https://www.volgistics.com/ex/portal.dll/ap?AP=268451798,fetched,2026-10-09,"Middle and high school volunteers work alongside college students and adults. Some roles (parties, outreach) need prior museum experience and training. Outreach events require your own transportation."
bloomington-wonderlab-wondercamp-high-school-intern,WonderCamp High School Summer Intern,"WonderLab Museum of Science, Health, and Technology","Bloomington, IN",bloomington,volunteer,science; education; environment,,,Entering grade 9 per the Become a Volunteer page. The internship page says entering grades 9-12 or home-school equivalent. Graduating seniors may also apply.,unpaid,Unpaid volunteer internship (the page describes it as volunteering your time),summer,Summer camp weeks; training also required the Saturday before each camp week,closed-expect-reopen,Applications for summer 2026 are closed. The page says to check back for summer 2027. Dates not posted.,,last-year-pattern,False,"Teens entering 9th through 12th grade, or the home-school equivalent. Graduating seniors may also apply. Required training is held at University Elementary School.","Apply with the Teen Volunteer Application on WonderLab's Become a Volunteer page, choosing the WonderCamp internship; special training sessions are listed on the application form. Contact: 812-337-1337 ext. 221.",https://wonderlab.org/volunteer/internships-for-high-school-students/,https://www.volgistics.com/ex/portal.dll/ap?AP=268451798,fetched,2026-10-09,"Unpaid. The Become a Volunteer page says WonderCamp interns must be entering grade 9 in the fall of the next school year, while the internship page says entering grades 9 to 12; use the stricter reading (grade 9 or older) unless WonderLab says otherwise."
boston-bpl-teen-volunteer-program,Teen Volunteer Program,Boston Public Library,"Boston, MA",boston,volunteer,education; social-impact,,,9 to 12,unpaid,"Volunteer, unpaid",year-round,Fall (September to December) and spring (January to June) cycles; five skill workshops on Monday afternoons at 4 p.m. on Zoom,year-round,"The page says the program runs year-round, in a fall cycle (September to December) and a spring cycle (January to June). No application deadline is posted.",,rolling,False,Teens in grades 9 to 12.,Email volunteer@bpl.org or call 617-859-2304 to ask about openings and apply.,https://www.bpl.org/teen-volunteer-program/,,fetched,2026-10-09,"Sites: Brighton, Central Library, Teen Central, Codman Square, East Boston, Grove Hall, Hyde Park, Mattapan, Roslindale, Shaw-Roxbury and West Roxbury. Workshops include resume building, privacy training and know your rights in the workplace."
boston-bu-high-school-honors,High School Honors,Boston University Summer Term,"Boston, MA",boston,pre-college,any,,,Entering junior or senior year (fall 2027),fee-based,"Summer 2026 total was $7,245 (commuter, 8 credits) or $11,565 (residential, 8 credits), plus a $75 application fee. Summer 2027 costs post December 17, 2026. Limited financial aid (need and merit).",summer,"6 weeks; 2027 dates pending approval: June 27 to August 6, 2027",opens-soon,Applications open on December 17. The page does not list a final deadline.,,unknown,False,Students entering their junior or senior year of high school in fall 2027. Juniors need to be in Honors and/or AP courses.,"Submit the online application with transcript, a 500 to 750 word personal statement and one academic teacher recommendation. The student must apply, not a parent or counselor.",https://www.bu.edu/summer/high-school-programs/high-school-honors/,,fetched,2026-10-09,Expensive. 2027 dates are pending approval and may change. Standardized test scores are optional for summer 2027. Contact: summerhs@bu.edu.
boston-cambridge-msyep,Mayor's Summer Youth Employment Program (MSYEP),City of Cambridge Department of Human Service Programs,"Cambridge, MA",boston,paid-youth-program,any,14,,,paid,Paid minimum wage by the City; the page says $15.00 per hour for Summer 2025 (the page has not been updated with a 2026 rate),summer,"6 weeks, 20 hours a week",closed-expect-reopen,Information about the 2027 program will be posted in early spring 2027. Hiring paperwork starts in mid-April.,,unknown,True,Cambridge residents who are 14 through the summer after finishing high school and eligible to work in the U.S. Priority goes to students eligible for free or reduced lunch and lower-income families.,"Apply online through Trax, the Department of Human Service Programs enrollment system. All applications go on a waitlist for review, which does not mean the program is full. Staff then schedule hiring paperwork (original ID and Social Security card needed).",https://www.cambridgema.gov/services/mayorssummeryouthemploymentprogram,,fetched,2026-10-09,Questions: youthemployment@cambridgema.gov. The page does not mention a work permit; Massachusetts requires one for workers under 18 (M.G.L. c.149 s.86; Boston youth worker rights page written with the state Attorney General's Office). Participants may not miss more than 5 program days.  There is no fixed maximum age on the page; eligibility ends after the summer following high school graduation.
boston-franklin-park-zoo-school-year-zooteens,School-Year ZooTeens (Winter Teen Conservation Outreach Internship),"Zoo New England, Franklin Park Zoo","Boston, MA",boston,internship,environment; education; science,14,19,,unpaid,Unpaid internship,winter,"30 hours of weekend and February vacation week shifts, plus workshops",open-now,"Applications for the Winter Teen Conservation Outreach Internship are due December 9, 2026 at 5:00 p.m.",2026-12-09,confirmed-2026-27,,"Teens 14 to 19 years old at the start of the internship, with a sincere interest in wildlife, education and environmental justice. About 6 to 8 interns are accepted.","Submit the online application by December 9. Some applicants are invited to an in-person group interview. Email Ana Shapiro, Youth Programs Manager, at ashapiro@zoonewengland.org (no phone calls).",https://www.zoonewengland.org/discover/teen-programs/school-year-zooteens/,,fetched,2026-10-09,"Unpaid, so the work permit question is left open. Spring and summer teen internships are also planned; the page links a calendar of internship periods. The fall internship application is closed."
boston-franklin-park-zoo-summer-zooteen,Summer ZooTeen Program,"Zoo New England, Franklin Park Zoo","Boston, MA",boston,internship,environment; science; education,14,18,,mixed,Paid roles (Boston and Cambridge residents only) and volunteer roles; hourly rate not stated,summer,Not stated on the program page,closed-expect-reopen,No application dates are posted on the program page. Check the zoo's Jobs and Volunteering pages or email the Youth Programs Manager.,,unknown,True,Youth ages 14 to 18. Paid ZooTeen roles are only for teens who live in Boston and Cambridge; volunteer roles are also offered.,"The program page does not give application steps. The school-year ZooTeen page lists the Youth Programs Manager, Ana Shapiro, at ashapiro@zoonewengland.org for questions, and an interest form for application updates.",https://www.zoonewengland.org/discover/teen-programs/summer-zooteen/,,fetched,2026-10-09,"Work permit flag applies to the paid roles only (state rule: M.G.L. c.149 s.86 and the Boston youth worker rights page, written with the Attorney General's Office); volunteers do not need one. Dates and pay were not on the page, so confirm with the zoo."
boston-futurebos-youth-jobs,futureBOS youth jobs (SuccessLink),City of Boston Office of Youth Employment and Opportunity,"Boston, MA",boston,paid-youth-program,any,14,24,,paid,Youth jobs (ages 14 to 18) are paid $15 an hour; leader jobs (19 to 24) $20 an hour. Professional development programs pay a stipend.,year-round,Summer 2026 ran June 23 to August 29. School-year jobs are limited to up to 8 hours a week for youth; summer up to 25 hours a week.,open-now,School-year 2026-27 opportunities are open now and more are added through spring. Summer 2026 applications were rolling and closed; summer 2027 dates are not posted.,,rolling,True,"Youth jobs are for ages 14 to 18 (leader jobs for 19 to 24). Must be 14 by the start of the job, have finished 6th grade, and be legally permitted to work in the U.S. Most opportunities are limited to full-time Boston residents; some have extra requirements.","Browse the futureBOS catalog, apply to at least three jobs, then get an offer and finish onboarding (work permit if under 18, proof of identity and work authorization, proof of school enrollment). City of Boston agency jobs can be onboarded in one visit to the YEO office at 1483 Tremont Street.",https://www.boston.gov/departments/youth-employment-and-opportunity/youth-jobs,https://www.boston.gov/futurebos,fetched,2026-10-09,"Questions: futurebos@boston.gov or 617-635-4202. Under-18 workers need a Massachusetts work permit for the specific job (a doctor must sign for ages 14 and 15); the city page explains the steps. The $15 rate is quoted from the city FAQ. The state minimum wage statute (M.G.L. c.151 s.1) says a wage of less than $15.00 per hour is presumed oppressive and unreasonable; the current 2026 minimum wage page from the state Department of Labor Standards could not be read (403), so confirm the rate in your job offer. The work permit rule is M.G.L. c.149 s.86."
boston-harvard-summer-school-secondary-school-program,Secondary School Program,Harvard Summer School,"Cambridge, MA",boston,pre-college,any,16,18,,fee-based,"2027 cost $4,180 to $15,980 depending on format and length, plus a $75 application fee. Financial aid is available.",summer,"4 weeks (June 14 to July 8 or July 12 to August 5, 2027) or 7 weeks (June 21 to August 6, 2027)",opens-soon,"Application opens December 1, 2026. Early application and priority financial aid deadline January 13, 2027. Regular deadline February 10, 2027. Late deadline March 31, 2027.",2027-02-10,confirmed-2026-27,False,"High school students who will graduate and enter college in 2027, 2028 or 2029, are at least 16 by June 13, 2027 and will not turn 19 before July 31, 2027.","Apply online at Harvard Summer School when the application opens December 1, 2026. Financial aid is requested during the application.",https://summer.harvard.edu/high-school-programs/secondary-school-program/,,fetched,2026-10-09,Expensive and selective. Residential financial aid is limited to U.S. citizens and permanent residents.
boston-mass-general-brigham-youth-program,Mass General Brigham Youth Program,Mass General Brigham,"Boston, MA",boston,paid-youth-program,health; science,,,Join in 10th grade,paid,Paid internships in 11th and 12th grade and paid summer jobs (hourly rate not stated),year-round,"Multi-year: exploration in 10th grade, paid internships in 11th and 12th grade",closed-expect-reopen,The page says applications open in the spring and selections are finalized in the summer. The 2026 link was due to appear in spring 2026; no 2027 date is posted. Summer jobs are recruited through the Boston Private Industry Council (PIC).,,last-year-pattern,True,"Sophomores at the Edward M. Kennedy Academy for Health Careers, Revere High School, Chelsea High School or any Boston public school. A 3.0 GPA is required to apply.","Ask your school guidance counselor (or PIC career specialist) in the fall and watch the program page for the spring application link. For summer jobs, contact your school's PIC career specialist.",https://www.massgeneralbrigham.org/en/about/community-health/programs-resources/youth,,fetched,2026-10-09,"Combines the old Mass General Youth Scholars and Brigham Student Success Jobs programs. Sites include Mass General Hospital, Brigham and Women's, Faulkner Hospital and Mass Eye and Ear. Paid jobs under 18 need a Massachusetts work permit (state rule: M.G.L. c.149 s.86 and the Boston youth worker rights page; not on the MGB page)."
boston-mfa-teen-arts-council,Teen Arts Council,"Museum of Fine Arts, Boston","Boston, MA",boston,leadership,arts-media,,,10 to 12,paid,$15 per hour,school-year,"Thursdays 4 to 6:30 p.m., October 15, 2026 to May 27, 2027 (2026-27 cycle), plus two of three Sunday events",closed-expect-reopen,Applications for the 2026-27 Teen Arts Council are closed. The next cycle's dates are not posted.,,unknown,True,"High school students in grades 10, 11 or 12 who are City of Boston residents or attend Boston Public Schools, and who can attend Thursday sessions 4 to 6:30 p.m. all year.",Check the MFA Teen Programs page for the next application. This cycle's application is closed.,https://www.mfa.org/programs/teen-programs,,fetched,2026-10-09,"Paid job, so teens under 18 need a Massachusetts work permit (not mentioned on the MFA page; see M.G.L. c.149 s.86 and the Boston youth worker rights page). The MFA also offers Teen Studio Art Classes for ages 12 to 17."
boston-mit-mites-saturdays,MITES Saturdays,"MIT (MITES, Introduction to Technology, Engineering and Science)","Cambridge, MA",boston,pre-college,science; engineering; tech-cs,,,7 to 10 at time of application,unpaid,Free of charge. Students pay only their own transportation to MIT (Lawrence students get free transport).,school-year,"8 Saturdays in spring and 8 in fall, 10:00 a.m. to 3:30 p.m., for up to about five and a half years",unconfirmed,The application deadline is not stated on the program pages read. Check the Apply page.,,unknown,False,"Public school students from Boston, Cambridge or Lawrence, MA in 7th, 8th, 9th or 10th grade who are U.S. citizens or permanent residents (green card). Exceptions are not made.",Create a profile in the MITES application portal and submit the MITES Saturdays application (separate from the Summer and Semester application).,https://mites.mit.edu/discover-mites/mites-saturdays/,https://mites.mit.edu/discover-mites/apply-to-mites/,fetched,2026-10-09,Students are expected to keep A and B grades; no minimum GPA to apply. The program encourages applicants who are underrepresented in STEM or from lower-income families or the first in their family to attend college.
boston-mit-mites-summer,MITES Summer,"MIT (MITES, Introduction to Technology, Engineering and Science)","Cambridge, MA",boston,pre-college,science; engineering; tech-cs,,,11th grade at time of application (rising seniors),unpaid,Free of charge. Students pay only for transportation; travel scholarships are available for MITES Summer.,summer,"Six weeks, late June through early August, weekdays 9 a.m. to 5 p.m.",unconfirmed,The application deadline is not stated on the pages read. Check the Apply page.,,unknown,False,"High school juniors who are U.S. citizens or permanent residents with a current green card, from anywhere in the country (public, private or homeschool).",Create a profile in the MITES application portal. MITES Summer and MITES Semester (a six-month STEM experience for rising seniors) share one application. Short-answer responses and recommendations from recent teachers are needed.,https://mites.mit.edu/discover-mites/mites-summer/,https://mites.mit.edu/discover-mites/apply-to-mites/,fetched,2026-10-09,Competitive and focused on students from underserved or under-resourced backgrounds. Residential on campus.
boston-new-england-aquarium-teen-internships,Summer Teen Internship Program,New England Aquarium,"Boston, MA",boston,internship,environment; science; education,14,,,paid,All teen internships are paid positions (rate not stated),summer,One week of training and six weeks of work,closed-expect-reopen,The summer 2026 application is closed. The page says to check back next March for the summer 2027 application.,,last-year-pattern,True,Teens ages 14 and older. The majority of internships are open to residents of Boston and Cambridge.,Apply online when the application opens (expected next March). Interns also attend a weekly professional development course and an ocean advocacy course. Questions: teens@neaq.org.,https://www.neaq.org/engage/teen-programs/teen-internships/,,fetched,2026-10-09,"Paid job, so teens under 18 need a Massachusetts work permit (the aquarium page does not mention it; M.G.L. c.149 s.86 and the Boston youth worker rights page, written with the state Attorney General's Office, cover the permit rule). The aquarium also runs ClimaTeens (ages 13 and up, 2026-27 applications due October 18, 2026)."
bpl-librarians-of-tomorrow,Librarians of Tomorrow,Brooklyn Public Library,"Brooklyn, NY",new-york-city,internship,education; any,15,18,10-12,stipend,"Stipend (amount not stated), plus volunteer service hours.",school-year,"Nov 2026 to June 2027, 3-6 hours a week, 100 hours total",closed-expect-reopen,"The 2026-27 application deadline was October 3, 2026. Expect the next call in fall 2027 (last-year pattern).",,last-year-pattern,,"Students in grades 10-12 at a NYC high school, with a parent's signed consent, available 3 to 6 hours a week outside school.","Fill out the online application or mail a print application to the Librarians of Tomorrow Internship Program, 10 Grand Army Plaza, Brooklyn, NY 11238. Questions: LOT@bklynlibrary.org or 718-230-2406.",https://www.bklynlibrary.org/lot,https://www.bklynlibrary.org/lot/apply,fetched,2026-10-09,Library teen page lists ages 15-18; the program page requires grades 10-12 in NYC. Whether a work permit is needed is not stated on the library pages; ask the program.
bpl-storyteen,StoryTeen,Brooklyn Public Library,"Brooklyn, NY",new-york-city,internship,education; social-impact,15,18,10-12,stipend,"Stipend (amount not stated), plus volunteer service hours.",school-year,"Nov 2026 to May 2027, 3-5 hours a week, 100 hours total",closed-expect-reopen,"Applications for 2026-27 were open through October 3, 2026. Expect the next call in fall 2027 (last-year pattern).",,last-year-pattern,,"Students in grades 10-12 at a NYC high school, with a parent's signed consent, available 3 to 5 hours a week outside school.",Fill out the online application. Selected applicants are contacted for an interview. Questions: storyteen@bklynlibrary.org.,https://www.bklynlibrary.org/support/volunteer/storyteen,https://www.bklynlibrary.org/storyteen-apply,fetched,2026-10-09,Funded through the NYC Council's City's First Readers initiative. Whether a work permit is needed is not stated on the library pages; ask the program.
bpl-teen-night-out-branch-council,Teen Night Out Branch Council,Brooklyn Public Library,"Brooklyn, NY",new-york-city,leadership,arts-media; social-impact; any,16,19,,stipend,"Stipend (amount not stated), plus volunteer service hours.",school-year,"Weekly meetings Oct 2026 to June 2027, 75 hours of service",closed-expect-reopen,"Applications for 2026-27 were open through October 3, 2026. Expect the next call in fall 2027 (last-year pattern).",,last-year-pattern,,"Teens ages 16-19, with a parent's signed consent for 75 hours of intern service outside school, available to meet weekly.",Complete the online application. All applicants get a follow-up email and some are invited to interview.,https://www.bklynlibrary.org/support/volunteer/branch-council,,fetched,2026-10-09,The page does not say which library branches host councils. Whether a work permit is needed is not stated on the library page; ask the program.
breakthrough-sacramento-teaching-intern,Teaching Intern and Summer Volunteer,Breakthrough Sacramento,"Sacramento, CA",sacramento,internship,education,,,,unpaid,Pay not stated. Ask the program.,summer,6-week summer program,unconfirmed,Not posted.,,unknown,False,The site says it recruits college and high school students as teaching interns. No age or grade rule is posted. Middle school students can also join as program students.,Use the Teaching Intern application link on breakthroughsac.org (online account login). Questions: BSAC@BreakthroughSac.org or 916-234-3905.,https://breakthroughsac.org/what-we-do,https://breakthroughcollaborative.my.site.com/application/s/login/?ec=302&startURL=%2Fapplication%2Fs%2F,fetched,2026-10-07,"Age minimum, pay and dates are not posted on the site, so call or email before applying. Training is two weeks (80 hours) on site."
bullock-museum-volunteer,Volunteer program,Bullock Texas State History Museum,"Austin, TX",austin,volunteer,arts-media; education,16,,,unpaid,Unpaid. After 25 hours of service volunteers can get a complimentary museum membership.,year-round,At least 6 hours per month,open-now,The page says applications for the volunteer program are open. No deadline is stated.,,rolling,False,Anyone at least 16 years old who can volunteer at least six hours a month and is excited about Texas history and welcoming visitors.,"Submit the online volunteer application. If it is approved you are contacted for an interview, then attend a New Volunteer Orientation.",https://www.thestoryoftexas.com/get-involved/volunteer/,,fetched,2026-10-09,Only 16 and older. Younger teens should look at the Austin Public Library youth volunteer program (ages 13 to 17).
ca-boys-girls-state,American Legion California Boys State (Boys & Girls State),American Legion Department of California,"Sacramento, CA",statewide,leadership,law-government,16,17,"Finished 11th grade, with at least one semester of high school left",fee-based,Registration fee listed as $550 per delegate on the Key Dates page (the page does not label the year). Ask your sponsoring Post who pays.,summer,"One week in June at Sacramento State. The site counts down to June 19, 2027.",closed-expect-reopen,2027 selection dates are not posted. The Key Dates page (year not labeled) shows delegate selection Jan 15 to Apr 1 and all registrations due Apr 1. Posts usually interview late Jan to late March.,,last-year-pattern,False,High school students who completed junior year and have a semester left. There is no application: your school recommends you and a local American Legion Post interviews and sponsors you. Girls State (below) is a separate program.,"Tell your counselor in junior year you are interested, or contact a local American Legion Post (use Find-A-Post on calegion.org). The Post chooses delegates; the delegate then registers online.",https://californiaboysandgirlsstate.org/,,fetched,2026-10-07,"Two separate programs: this one is coed since 2023. California Girls State (American Legion Auxiliary, cagirlsstate.org) is its own program, ran June 22 to 27, 2026 for 11th graders sponsored by a local Auxiliary Unit, one delegate per school. You can apply to only one. Old note about a 2020 article and Sanger phone was out of date."
ca-chp-explorer,California Highway Patrol Explorer Program,California Highway Patrol,"Local CHP area offices, California",statewide,volunteer,law-government,15,21,,unpaid,"Unpaid. Cost to you: 2026 competition fees were $150 per explorer, $125 per advisor and $75 per spectator.",year-round,"Not stated for post membership. The 2026 competition ran April 24 to 26, 2026.",unconfirmed,"No post sign-up dates are stated. The 2026 competition registration opened December 2025 and full payment was due February 23, 2026. Both have passed.",,unknown,False,"Ages 15 to 21, per the 2026 Explorer competition packet (this is the competition age rule). Post membership rules such as GPA or background checks are not stated on the pages read.",Email CHPExplorers@chp.ca.gov or call (916) 843-3210 (both listed in the 2026 packet) to ask how to join a post near you.,https://www.chp.ca.gov/programs-services/programs/explorer-program/,,fetched,2026-10-07,"Both official pages were read on 2026-10-07. The program page covers the statewide competition and does not say how to join a post. The 2026 packet is the source for the 15 to 21 age rule, which it states for the competition. Whether a post near you has room, and any background check or GPA rule, must be asked of CHP. The CHP East Sacramento post page returns 403 to automated reads, so use the email or phone above. See also CHP Explorer Post (East Sacramento) for a local post. Ages differ by source: the 2026 competition packet says 15 to 21, while the CHP lists 15 to 20 for Explorers."
ca-das-apprenticeship-info,California Division of Apprenticeship Standards: how apprenticeship works and minimum ages,"California Department of Industrial Relations, Division of Apprenticeship Standards",California,statewide,apprenticeship-trades,trades; engineering,16,,,paid,DAS describes apprenticeship as earn-and-learn. Wages depend on the program; DAS has a tool to look up apprenticeship wages.,year-round,,year-round,Each program sets its own application window.,,unknown,True,"California law says an apprentice must be at least 16 (Labor Code 3077, in the state child labor guide). Each registered program sets its own minimum age, education and tests, shown in the DAS search, and may set a higher age.","Use the Apprenticeship Search on the DAS site, check each program's minimum age and requirements, and apply the way the listing says.",https://www.dir.ca.gov/das/,,fetched,2026-10-07,"The DAS homepage states no age rule. The 16 minimum comes from the 2013 DLSE child labor guide, which also says apprentices need a school-issued work permit. DAS's How to Become an Apprentice page says search results list each program's minimum age. DAS runs a youth apprenticeship grant and reports 5,776 registered pre-apprentices on its homepage."
ca-state-parks-volunteers,California State Parks Volunteers in Parks (youth),California State Parks,Statewide parks,statewide,volunteer,environment,,,,unpaid,Unpaid,year-round,Varies by park,rolling,Rolling.,,rolling,False,Under 18 needs written parent or guardian permission. Specific age minimums vary by park.,Apply online through the State Parks volunteer portal or print a paper application and mail it to the park you want. Questions: Volunteer.inparksprogram@parks.ca.gov or (916) 653-9069. The application link is on the official page.,https://www.parks.ca.gov/volunteer,,fetched,2026-10-07,"A criminal background check may be required. Park-level age minimums were not on the page, so ask the park. Student volunteer or intern roles are mentioned only as a general possibility at local parks. No Junior Ranger details were on this page."
ca-work-experience-education,"California Work Experience Education (Exploratory, General, Career Technical)",California Department of Education,California (through your school or district),statewide,school-pathway,any,12,,,mixed,Exploratory is unpaid. General and Career Technical WEE combine paid work with a class.,school-year,,year-round,Ask your counselor or the school's work experience coordinator.,,unknown,,Your school district must run an approved WEE program. Exploratory WEE students can be as young as 12 and do not need a work permit. General WEE usually needs a work permit. Career Technical WEE needs a job related to a career technical class you take.,Ask your counselor or CTE/work experience coordinator whether your district has a WEE program and what class goes with it.,https://www.cde.ca.gov/ci/ct/we/,,fetched,2026-10-07,"The 2013 state child labor guide says students must be 16 to enroll in WEE, with exceptions in the Education Code (14 and 15 year olds can get permits in some cases). The CDE page says Exploratory can start at 12. Programs exist only where the district chose to run one. Use the three current names above."
cal-poly-pomona-next-gen-manufacturing-academy,Next-Gen Manufacturing Academy (High School Summer Academy),"Cal Poly Pomona, RASIM Center","Pomona, CA",inland-empire; los-angeles,pre-college,engineering; tech-cs,,,11 to 12,fee-based,$25 per person. Parking permit and daily lunch included.,summer,"Held each July, daily 9:00 a.m. to 3:30 p.m., at Cal Poly Pomona Building 17",closed-expect-reopen,Page says applications open in January and close in April each year. Exact 2027 dates not posted.,,last-year-pattern,False,"High school juniors and seniors interested in engineering, robotics or AI. Bonita Unified School District students get priority.",Email the RASIM Center at rasim@cpp.edu to sign up during the January to April window.,https://www.cpp.edu/rasim/events/summer-academy.shtml,,fetched,2026-10-09,The page's sample schedule is labeled Summer 2027 but gives no exact dates. Confirm by email.
california-4h,California 4-H Youth Development,UC Agriculture and Natural Resources,"County 4-H programs, California",statewide,leadership,environment; education; any,,,,fee-based,Not confirmed. Fees depend on the county program.,year-round,Club year,year-round,Join through a county 4-H program.,,rolling,False,Kids and teens join through a county 4-H program. Check your county page for age rules and fees.,Find your county 4-H office from ucanr.edu/sites/ca4H.,https://ucanr.edu/sites/ca4H/,,snippet-only,2026-10-07,"The 4-H site blocked automated access on 2026-10-07 (403 and a bot check), so age rules and fees could not be read. Ages, fees and teen roles must be confirmed with your county 4-H office."
california-ffa,California FFA and Supervised Agricultural Experience (SAE),California FFA and National FFA Organization,"School ag programs, California",statewide,school-pathway,environment; food-hospitality; business-finance,,,,fee-based,Dues are not stated on the pages read. Ask your ag teacher what your chapter charges.,school-year,School year; SAE can be year-round,year-round,Join through your ag teacher.,,rolling,False,"Join through a school that has an agricultural education program; chapters are chartered in schools with ag classes. California reports over 103,000 members. Age and grade rules were not on the pages I read.",Take an agriculture class at a school with an FFA chapter.,https://www.calaged.org/,,fetched,2026-10-07,Not every school has an FFA chapter. Ask your counselor or ag teacher. Age and grade limits and dues were not on the California or National FFA pages I read.
california-partnership-academies,California Partnership Academies (CPA),California Department of Education,California (sites in many districts),statewide,school-pathway,any; health; tech-cs; engineering,,,10 to 12,unpaid-credit,Not confirmed. Counted as school credit.,school-year,3 years,year-round,Application is through the school that hosts the academy.,,unknown,False,Students at schools that host an academy. Each academy sets its own application. Search the school's website for 'Partnership Academy'.,"Ask your counselor if your school has an academy, or check nearby high schools. Whether students from other districts may transfer in depends on the district's open enrollment rules.",https://www.cde.ca.gov/ci/gs/hs/cpagen.asp,,snippet-only,2026-10-07,"The CDE site blocked automated access on 2026-10-07 (bot check), so this card could not be re-confirmed against the official page. Grades 10 to 12 and the school-within-a-school model need confirming. Academies are run by individual schools, so ask your counselor. Fremont Unified says some CTE courses sit inside Partnership Academies."
capital-area-nextgen-youth-services,Capital Area NextGen Youth Services,Capital Area Workforce Development Board (NCWorks Career Centers),"Raleigh, NC",triangle,paid-youth-program,any,14,24,,mixed,Apprenticeships and work experience are listed as services. Whether work experience is paid is not stated.,year-round,Not stated,unconfirmed,The page does not state a deadline or enrollment status. Use the Complete an Interest Form button.,,rolling,,"Ages 14 to 24 in Wake and Johnston counties per the Capital Area youth page. The NextGen site says the program serves young adults facing barriers such as legal issues, home problems or missed education, and lists Wake, Johnston, Chatham, Lee and Orange counties. Exact eligibility rules and income limits are not stated.","Fill out the interest form for your county at capitalareanextgen.org, or use the Request More Information form on the Capital Area youth page.",https://capitalareancworks.com/job-seekers/youth-services/,,fetched,2026-10-09,This is the federal workforce (WIOA) style youth program for Wake County. Durham is covered by a different workforce board and is not listed. The pages do not say whether 14 to 17 year olds qualify in every case; ask the career center.
ccad-college-preview,College Preview (pre-college art and design program),Columbus College of Art & Design (CCAD),"Columbus, OH",columbus,pre-college,arts-media,,,Rising grades 10 to 12,fee-based,"Commuter $3,000 total ($2,750 tuition and fees plus a $250 registration fee). Residential $3,600 total (adds $600 room and board). Scholarships available.",summer,2 weeks (2026: July 12 to 25),closed-expect-reopen,"2026 session: registration opened Nov 3, 2025, scholarship applications closed April 27, 2026, registration closed May 11, 2026. 2027 dates are not posted.",,last-year-pattern,False,"Rising high school sophomores, juniors and seniors (grades 10 to 12) interested in art and design.","Register online and pay the $250 registration fee. Scholarship applicants submit a form, a 300 to 500 word personal statement, three artwork samples and a NACAC fee waiver.",https://www.ccad.edu/academics/college-preview,,fetched,2026-10-09,"Fees shown are the 2026 prices. Meals are included on weekdays. Refunds: tuition balance less the registration fee is refunded in full if withdrawn by June 15, 2026 and half by June 29, 2026."
cccoe-wioa-in-school-youth,Supporting Student Success (WIOA In-School Youth),Contra Costa County Office of Education,"Contra Costa County, CA (West County and East County)",east-bay,paid-youth-program,any,,,High school,paid,Paid workforce prep and work experience (rate not posted),year-round,,rolling,Ongoing,,rolling,True,"High school students who meet at least one criterion, such as low income, foster youth, system-involved, homeless, pregnant or parenting, English learner, below grade level in math or reading, or an IEP.",Fill out the Youth Referral Form (online form linked on the CCCOE page) or call: West County (925) 296-1507 or 296-1504; East County (925) 296-1505 or 296-1506.,https://www.cccoe.k12.ca.us/Departments--Schools/Departments/Student-Programs/Youth-Services-YS/Workforce-Programs/Workforce-Innovation-and-Opportunity-Act-WIOA/,,fetched,2026-10-07,"The out-of-school program is for ages 18 to 24, so only the in-school program fits most teens. Help can include transportation, interview clothes and school supplies."
cedars-sinai-teen-volunteer-program,Cedars-Sinai Teen Volunteer Program,Cedars-Sinai Medical Center Volunteer Services,"Los Angeles, CA",los-angeles,volunteer,health,14,18,,unpaid,Unpaid. Volunteers buy the required volunteer jacket for $30 (cash) and wear black or white scrubs.,year-round,Winter/Spring and Fall: one 2-hour shift a week for 10 weeks (20 hours). Summer: two 4-hour shifts a week for 5 weeks (40 hours).,opens-soon,"2027 sessions: Winter/Spring (Jan 25 to Apr 4) applications Nov 23, 2026; Summer (Jun 21 to Jul 25) applications Mar 29, 2027; Fall (Oct 4 to Dec 12) applications Aug 2, 2027. First come, first served; each application closes when spots fill.",,confirmed-2026-27,False,Students 14 to 18 enrolled in high school with a transcript showing at least a 3.2 GPA. New volunteers and one parent or guardian must attend a mandatory in-person Teen Information Session.,"Submit the online application with your transcript, finish the online volunteer orientation, complete health screening and flu vaccine (flu season Nov 1 to Apr 30), and attend the Teen Information Session (Monday, Jan 11, 2027, 5:30 to 7:00 p.m.).",https://www.cedars-sinai.org/volunteer-services/high-school-students.html,,fetched,2026-10-09,"Spots are limited and fill fast, so apply the day the window opens. Shifts run Monday to Sunday. Teens who want research should look at Cedars-Sinai's separate INSPIRE Internship Program (not checked here). Questions: TeenVolunteerProgram@cshs.org or 310-423-8044."
chabot-dual-enrollment,Chabot College Early College (Dual Enrollment),Chabot College,"Hayward, CA",east-bay; alameda,pre-college,any,,,High school,unpaid-credit,Enrollment fees are waived. Out-of-state and international students pay $370 per unit. You buy your own books and arrange your own transportation. Maximum 11 units.,year-round,Per term,rolling,Rolling by term.,,rolling,False,Current high school students. Each semester you complete a Chabot application and the concurrent enrollment packet. You can take any class except basic skills and PE.,"Apply to Chabot, pick a class, complete the IDE Enrollment Form, then register through MyPortal. Questions: cc-earlycollege@chabotcollege.edu or 510-723-6701.",https://chabotcollege.edu/academics/early-college/new-student.php,,fetched,2026-10-07,Also offers CCAP classes at your high school and a Summer Academy. Middle schoolers have a separate Bridge to College program.
chabot-galaxy-explorers,Galaxy Explorers Program,Chabot Space and Science Center,"Oakland, CA (10000 Skyline Blvd)",oakland,volunteer,science; education; engineering,,,Typically enters the summer before 10th grade and stays through 12th grade,fee-based,"Annual tuition is $1,500 per student (one payment by June 1, or $750 by June 1 and $750 by September 1). The need-based Career Access program covers tuition and adds a stipend. 12th-grade Interns receive a stipend.",year-round,3 years (summer before 10th grade through 12th grade),closed-expect-reopen,"Applications open each year from February 1 to March 31. Decisions in early May, orientation early to mid June. The page does not list 2027 dates.",,last-year-pattern,,"High school students. The page encourages students of all backgrounds to apply, especially Oakland public and charter school students. No skills, experience or GPA is needed. Admission is competitive: an initial review, then an information session for applicants and families. Age and residency rules are not stated.","Online application from February 1 to March 31, then an initial review and an information session for applicants and families. The page also has an interest survey to get application updates.",https://chabotspace.org/education/teen-volunteers-galaxy-explorers/,,fetched,2026-10-07,"Corrected on 2026-10-07 after reading the program's own page. The old chabotspace.org/volunteer/ link now returns 404, so the card points to the Galaxy Explorers page. This is a fee-based program ($1,500 a year tuition) unless the family qualifies for Career Access, which is based on need and census tract data. Floor shifts are 2 per month in the school year and 3 per month in summer. Whether paid Interns need a California work permit is not stated, so needs_work_permit is null."
champaign-carle-foundation-hospital-student-volunteers,Carle Foundation Hospital Student Volunteer Program,Carle Health,"Urbana, IL",champaign,volunteer,health,14,,,unpaid,Unpaid.,school-year,"By term (fall, spring, summer)",unconfirmed,"Applications are due by 5 p.m. on August 29 (fall term), November 15 (spring term) or April 15 (summer term). The page gives no year.",,last-year-pattern,False,High school volunteers must be 14 or older. Students must provide up-to-date immunization records.,Use the Apply Now button under 'Students (college/teen)' on the Carle Foundation Hospital volunteer page (opens an online application) and send immunization records.,https://carle.org/giving/where-to-volunteer/volunteering-at-carle-foundation-hospital,,fetched,2026-10-09,The next listed deadline is the spring term deadline of November 15; confirm the year and current rules with Carle Volunteer Services. Other Carle sites list their own teen age ranges.
champaign-county-rpc-youth-services,Youth Services (Workforce Development),Champaign County Regional Planning Commission,"Champaign, IL",champaign,paid-youth-program,any,14,24,,mixed,Not stated for youth. A separate Work Experience page says qualified interns can have up to 240 hours of wages covered.,year-round,Not stated,rolling,None stated on the page.,,rolling,,"Ages 14 to 24 who meet at least one condition, such as low family income, a disability, being a school dropout, homeless or foster youth, or needing extra help to finish school or get a job.","The page gives no workNet address or walk-in hours. General CCRPC office: 1776 E Washington St, Urbana, IL 61802, (217) 328-3313.",https://www.ccrpc.org/divisions/workforce_development/job_seeker_services/youth_service_programs_eligibility.php,,fetched,2026-10-09,"Eligibility rules apply, so not every teen qualifies. Call to ask about summer paid placements. The workforce site may be updated separately at eciwork.net. Illinois requires an employment certificate under age 16 (see the Illinois rules on this site)."
champaign-forest-preserve-counselor-in-training,"Counselor-in-Training, Summer Day Camps",Champaign County Forest Preserves,"Champaign County, IL",champaign,volunteer,environment; education,11,17,,unpaid,Volunteer position.,summer,Summer day camps (June to July per the volunteer page); weekly hours not stated,unconfirmed,No application dates posted.,,unknown,False,Ages 11 to 17. Candidates are picked through an application and interview.,"Email or call Stacey Clementz at the Homer Lake Interpretive Center, (217) 896-2455, or use the online volunteer application on the page.",https://www.champaignforests.org/education/museum-education/volunteer-opportunities,,fetched,2026-10-09,"Youth program volunteers (school programs, September to May) and public program volunteers are also listed on the page; age rules for those are not stated. The District also has public volunteer events that need no application."
champaign-park-district-summer-jobs,Champaign Park District Seasonal and Summer Jobs,Champaign Park District,"Champaign, IL",champaign,paid-youth-program,sports; environment; food-hospitality; education,15,,,paid,Not stated on the pages read. Lifeguard certification is covered 100% by the Park District.,summer,Seasonal jobs run April to November and do not exceed 6 months; summer camp is a 10-week program,rolling,No application dates or deadlines listed on the page.,,rolling,,The page says 15 year olds can apply for lifeguard and swim instructor. Minimum ages for other jobs are not stated; check each posting.,"Apply online through the District's job listings (linked from the Employment Opportunities page). Aquatics questions: Ryan Hays, ryan.hays@champaignparks.org. HR: hr@champaignparks.org.",https://champaignparks.org/summer-hiring-center/,,fetched,2026-10-09,Lifeguard classes are run by the District in Champaign-Urbana. Concession workers get a paid-for Food Handler's certification. Illinois requires an employment certificate under age 16 (see the Illinois rules on this site).
champaign-park-district-teen-volunteering,Champaign Park District Teen Volunteering,Champaign Park District,"Champaign, IL",champaign,volunteer,any; environment; arts-media,13,,,unpaid,Unpaid. Hours can count toward high school volunteer requirements.,year-round,Varies by role,rolling,No deadline. Volunteers register on the Champaign Park District Volunteer Portal.,,rolling,False,"Teens at least 13 years old who are enthusiastic, hardworking and willing to learn. Teen volunteers may work at most 25 hours a week.","Create an account on the Champaign Park District Volunteer Portal, then view opportunities. Questions: volunteer@champaignparks.org.",https://champaignparks.org/volunteer/,,fetched,2026-10-09,Some roles (for example Prairie Farm) run only part of the year.
champaign-parkland-college-dual-credit,Dual Credit and Dual Enrollment at Parkland College,Parkland College,"Champaign, IL",champaign,school-pathway,any,15,,,fee-based,Tuition is not stated on this page. It says courses are affordable and in some cases reduced or tuition-free.,school-year,By semester,year-round,No deadline on the page. Ask the Early College office.,,rolling,False,"At least 15 years old, attending an area high school or home-schooled, with course prerequisites and assessment requirements met. For high school credit you also need your school's approval and good standing.","Use the How to Apply page under Dual Credit. Early College Services: 217-353-2663, earlycollege@parkland.edu (office U214).",https://www.parkland.edu/Main/Academics/Academic-Resources/Early-College-Services/Dual-Credit,,fetched,2026-10-09,"Early College students do not qualify for financial aid. Credit and grades go on a permanent Parkland transcript. The Early College page also lists an Early College and Career Academy with programs such as Automotive Technology, Certified Nurse Assistant and EMS."
champaign-public-library-volunteers,Champaign Public Library Volunteers,Champaign Public Library,"Champaign, IL",champaign,volunteer,education; any,16,,,unpaid,Unpaid.,year-round,Typically 2 to 3 hours a week; a 4-month minimum is preferred,rolling,No deadline.,,rolling,False,Volunteers must be at least 16. If you are 16 or 17 you need a signed waiver from a parent or guardian.,"Complete the online volunteer application, then schedule the required interview. Contact: Eva Liu, Volunteer Coordinator, volunteer@champaign.org, 217-403-2000 x3.",https://champaign.org/volunteer,https://champaign.org/form-volunteer-application,fetched,2026-10-09,"Open roles change, so look at the current listings on the page. The Douglass Branch's Club Fred program is a summer role."
champaign-uiuc-grainger-engineering-summer-camps,Grainger Engineering Summer Camps,University of Illinois Urbana-Champaign (WYSE),"Urbana-Champaign, IL",champaign,pre-college,engineering; science; tech-cs,,,"Rising 7th to 12th grade. Individual camps have narrower ranges, such as 7th to 9th or 10th to 12th.",fee-based,"2026 prices: residential $1,500, commuter $750, day camp $550, each plus a $25 deposit. The Trail Blazer Scholarship covers 50% or 100% for students who meet its criteria.",summer,One week per camp (June to August in 2026),closed-expect-reopen,All 2026 camps are listed as full. 2027 application dates are not posted.,,last-year-pattern,False,Pre-college students entering the listed grades in the fall. The page does not mention international students.,Camp application (with the scholarship application inside it). See the Camp FAQs for the process.,https://wyse.grainger.illinois.edu/summer-programs/summer-camps,,fetched,2026-10-09,"Costs do not include travel to campus. Some camps are EAGER or IDEA camps focused on broadening participation, open to all to apply. Use the WYSE mailing list for next year's dates."
champaign-uiuc-young-scholars-research,Young Scholars STEMM Research Program,University of Illinois Urbana-Champaign (WYSE),"Urbana-Champaign, IL",champaign; illinois,research,science; engineering; health; tech-cs,,,Rising 10th to 12th graders,stipend,"No cost except transportation. Housing, meals and a monetary award are provided (the page calls it a fellowship payment; the amount is not stated).",summer,6 weeks (research began June 17 and ended July 31 in 2026); 30 to 35 hours a week,closed-expect-reopen,Applications Closed for Summer 2026.,,last-year-pattern,,"Rising 10th to 12th graders who live in Illinois, Indiana, Kentucky, Michigan, Missouri, Iowa or Wisconsin. No international applicants. No course prerequisites.","Online application with student information, two personal statements and a teacher, mentor or counselor recommendation form (emailed after you submit). Join the Summer Program Notifications mailing list for next year's dates.",https://wyse.grainger.illinois.edu/summer-programs/young-scholars-summer-research,,fetched,2026-10-09,"Competitive: applications are ranked together, not first come first served. Housing is for selected students who do not live locally. Students get no course credit."
champaign-urbana-park-district-cit,Counselor-in-Training (CIT) Program,Urbana Park District,"Urbana, IL",champaign,leadership,education; sports,13,15,Completed 7th grade,unpaid,No wage is listed on the page; it is described as training for future summer and part-time jobs. Confirm with the contact.,summer,"15 to 20 hours a week, three days a week, June 3 to July 31 in 2026 (8:15 am to 3 pm)",closed-expect-reopen,"2026 applications were due March 31, 2026. 2027 dates not posted.",,last-year-pattern,,Ages 13 to 15 who have completed 7th grade.,Fill out the CIT application (PDF or online form on the Teen Programs page). Questions: Cathy Schneider (contact link on the page).,https://www.urbanaparks.org/teen-programs#counselor-in-training,,fetched,2026-10-09,"Because pay is not stated, ask whether CITs are paid before applying. Illinois requires an employment certificate under age 16 (see the Illinois rules on this site)."
champaign-urbana-park-district-fresh-crew,FRESH Crew Teen Volunteer Days,Urbana Park District,"Urbana, IL",champaign,volunteer,environment,,,Grades 6 to 12,unpaid,Unpaid. You can earn service hours and references.,fall,2 hours per event (2 to 4 pm Saturdays),rolling,"No registration. Fall 2026 dates: Oct 3, Oct 17, Nov 7, Nov 21, Dec 5 (2 to 4 pm).",,rolling,False,Teens in grades 6 to 12. A parent or guardian must complete the Volunteer Waiver first.,"Show up. A guardian signs the Volunteer Waiver and emails it to Connor Ross (cjross@urbanaparks.org, 217-384-4062) or brings a printed copy on the day.",https://www.urbanaparks.org/teen-programs#fresh-crew,,fetched,2026-10-09,"Meets about every two weeks at different parks (Victory, Meadowbrook, Weaver, Crystal Lake, Busey Woods). The same page lists a free Teen Hangout Zone for grades 6 to 12 on select Fridays at Phillips Recreation Center."
chapel-hill-library-youth-event-support,Youth Event Support Volunteer,Chapel Hill Public Library,"Chapel Hill, NC",triangle,volunteer,education,14,17,,unpaid,,year-round,Ongoing; most needed in summer and on afternoons and weekends in the school year,rolling,No deadline stated.,,rolling,False,The library's volunteer interest form offers the age choices 14-17 and 18 and older. The page does not state a separate minimum age.,"Read the position descriptions, then fill out the volunteer interest form on the library's Volunteer with us page and pick Youth Event Support Volunteer.",https://www.chapelhillpubliclibrary.org/volunteer,,fetched,2026-10-09,"The 14 to 17 range comes from the age options on the interest form, not from a written rule. Call 919-968-2777 or email library@chapelhillnc.gov to confirm the minimum age and hours. The library also has a Teen Room for ages 13 to 18; no teen advisory board was listed on the pages read."
charlottesville-cayip-youth-internship,Community Attention Youth Internship Program (CAYIP),"Community Attention, City of Charlottesville","Charlottesville, VA",charlottesville,paid-youth-program,any,14,21,,stipend,Performance-based stipend up to $15 per hour,school-year,School-year sessions: up to 10 hours a week for 8 weeks (Fall 2026: Sept 14 to Nov 8). Summer session: 20 hours a week for 6 weeks.,closed-expect-reopen,"The page lists four school-year sessions and one summer session for 2026-27 but gives dates only for Fall 2026 (applications Aug 20-28, 2026, now closed). For reference, the Summer 2025 application window was April 1 to May 1, 2025 (5 pm).",,last-year-pattern,,Charlottesville-area youth 14 to 21 (14 by the start of the CAYIP Academy). City of Charlottesville residents get priority. Parent or guardian must also complete paperwork for youth under 18.,"Submit the CAYIP application (questionnaire, inventory and agreement to participate) during the session window, then a one-on-one interview. Accepted youth attend the mandatory paid CAYIP Academy. Contact: cayipinquiries@charlottesville.gov, 434-987-0018.",https://www.charlottesville.gov/256/Community-Attention-Youth-Internship,,fetched,2026-10-09,"Applications are only accepted during a session window. Transportation is not provided. Interns may miss at most 5 days per session. Virginia's labor department says 14 and 15 year old workers must get an Employment Certificate before any work; the program page does not mention it, so ask CAYIP staff how it is handled."
charlottesville-parks-lifeguard-training,Lifeguard Training (Charlottesville Parks and Recreation),"City of Charlottesville Parks and Recreation, Aquatics","Charlottesville, VA",charlottesville,apprenticeship-trades,sports,15,,,fee-based,Course fee not stated on the page (an optional CPR mask is $15).,year-round,Not stated,unconfirmed,Session dates were not listed on the page; use the Registration & Tickets link.,,unknown,False,Listed for ages 15 and up. Everyone must pass the in-water pretest or be removed from the class.,"Register through the city's Registration & Tickets system. Within 72 hours of registering, email swimprograms@charlottesville.gov with the subject Lifeguard Pretest to book the pretest at least 8 days ahead.",https://www.charlottesville.gov/1621/Lifeguarding,,fetched,2026-10-09,The page does not say the class leads to a job. The city lists seasonal and variable-hour jobs on governmentjobs.com; none were open on 2026-10-09. Virginia's labor department says 14 and 15 year old workers need an Employment Certificate before any work.
chicago-park-district-recreation-leader-in-training,"Recreation Leader in Training (RIT), ages 13 to 15",Chicago Park District,"Chicago, IL",chicago,leadership,education; sports,13,15,,stipend,The program page does not state pay. Confirm with the Park District before you plan around a stipend.,year-round,"Spring, fall and winter: 8 weeks, 6 hours a week. Summer: 6 weeks, 30 program days.",closed-expect-reopen,"2026 sessions: Winter Jan 12 to Mar 14 (programs viewable online Dec 1, 2025), Spring Apr 6 to Jun 6, Summer Jun 22 to Jul 31, Fall Oct 5 to Dec 11 (viewable online July 27). 2027 dates not posted.",,last-year-pattern,,Ages 13 to 15 who live in Chicago.,"Contact the staff at the park you are interested in to start the application. The process is an application, an interview, a mentoring curriculum and performance check-ins.",https://www.chicagoparkdistrict.com/recreation-leader-training,,snippet-only,2026-10-09,The page says RIT is a job readiness program and participants are not Park District staff. The next sessions are posted online about a month before each starts.
chicago-park-district-summer-jobs,"Chicago Park District summer jobs (lifeguard, recreation leader, junior laborer)",Chicago Park District,"Chicago, IL",chicago,paid-youth-program,sports; environment; education,16,,,paid,"2026 rates: lifeguard $20.50 per hour; recreation leader, special recreation leader and junior laborer $17.77 per hour.",summer,"Recreation leaders about 6 weeks, mid-June to early Aug. Junior laborers start April, May or June.",closed-expect-reopen,All four 2026 summer positions are marked closed. 2027 dates not posted. The Park District holds free Teen Opportunity Fairs in Feb and March (Feb 21 to Mar 14 in 2026) where teens can apply.,,last-year-pattern,False,"Ages 16 and older for lifeguards, recreation leaders, special recreation leaders and junior laborers. The page does not state a residency rule, so check with the Park District.","Apply online through the Park District job site from the Learn More and Apply Now links on the Summer Jobs page, or at a Teen Opportunity Fair. Applications must be in by the closed date on each job posting.",https://www.chicagoparkdistrict.com/summer-jobs,,fetched,2026-10-09,Work permit: Illinois requires employment certificates only for minors under 16 (Illinois Dept. of Labor FAQ). All of these jobs start at 16. Teens 13 to 15 should see the Recreation Leader in Training program. Fair email: teensinthepark@chicagoparkdistrict.com.
chicago-youth-works-summer-jobs,Chicago Youth Works (formerly One Summer Chicago): summer jobs,City of Chicago Dept. of Family and Support Services,"Chicago, IL",chicago,paid-youth-program,any,16,24,,paid,Paid. The pay rate is set by each partner and is not stated on the program pages. Most summer jobs run 20 to 25 hours a week.,summer,At least 6 weeks; in 2026 most programs ran June 22 to July 31,closed-expect-reopen,"2026 application ran March 10 to May 29, 2026. 2027 dates not posted; expect late winter or spring.",,last-year-pattern,False,"City of Chicago residents. The program covers ages 14 to 24, but most summer jobs are for ages 16 to 24 (14 and 15 year olds: see Chicagobility). Under 18 needs a parent or guardian consent form if offered a job.","Complete the online Chicago Youth Works application (about 20 minutes, can be saved) plus any partner applications for jobs you choose. Online only. Partners contact applicants for interviews. More applicants than jobs, and you can accept only one position.",https://www.chicagoyouthworks.org/faq,https://www.chicagoyouthworks.org/,fetched,2026-10-09,"The FAQ says youth 16 and older do not need a work permit. Some pages on the site are leftovers from old years, so trust the FAQ and the City press release for 2026. Questions: hotline 312-743-0208. Applicants with DACA need a Social Security number for City-funded jobs. Year-round Chicago Youth Service Corps (ages 16 to 24) is also part of this program."
chicagobility-ages-14-15,Chicagobility (paid summer career exploration for ages 14 and 15),City of Chicago Dept. of Family and Support Services,"Chicago, IL",chicago,paid-youth-program,any,14,15,,stipend,Paid stipend for the 120 hours. Amount not stated.,summer,"6 weeks, 120 hours",closed-expect-reopen,"The 2026 Chicago Youth Works application (which covers 14 to 24 year olds) ran March 10 to May 29, 2026. 2027 dates not posted.",,last-year-pattern,,"Youth ages 14 and 15 who live in Chicago. At least half of participants come from priority groups (for example youth with disabilities, English learners, youth in foster care or experiencing homelessness).",Apply through the online Chicago Youth Works application. Youth under 18 need a parent or guardian consent form if offered a position. Partner agencies contact applicants directly.,https://www.chicago.gov/city/en/depts/fss/provdrs/youth/svcs/youth-employment.html,https://www.chicagoyouthworks.org/,fetched,2026-10-09,"The Chicago Youth Works FAQ says youth under 16 may be required to have a work permit; Illinois law requires one for most under-16 jobs, issued through the school district or ISBE. Ask the program whether a stipend program needs one. The FAQ says the Chicago Housing Authority, After School Matters and DFSS each also have a limited number of slots for 14 and 15 year olds."
childrens-healthcare-of-atlanta-volunteen,VolunTEEN Program (Children's Healthcare of Atlanta),Children's Healthcare of Atlanta,"Atlanta, GA",atlanta,volunteer,health,15,18,,unpaid,Unpaid. No cost stated on the page.,summer,"8 weeks in June and July (June 8 to July 31 in 2026), one 3-hour day per week, no more than two missed days",closed-expect-reopen,The page says the next chance to apply is February 2027; exact open and close dates are not posted yet.,,confirmed-2026-27,False,High school students ages 15 to 18. You must be at least 15 by the program start date (June 8 in 2026).,"Read the Volunteer Manual, pass the online volunteer assessment with at least 80 percent to unlock the application, then upload immunization records, photo ID copy, forms and the name of a non-family recommender. Steps may change for 2027.",https://www.choa.org/donors-and-volunteers/volunteer/teen-volunteers,,fetched,2026-10-09,"Mandatory training in early June with no make-up. Needs MMR, chickenpox, Tdap and current flu shot proof and willingness to get a TB blood test. The page also lists an Explorer career program (high school, no patient contact) that is being updated with no details yet, and a Youth Advisory Council for current and former patients ages 13 to 17."
chp-explorer-post-east-sacramento,CHP Explorer Post (East Sacramento),California Highway Patrol,"Sacramento, CA",sacramento; statewide,volunteer,law-government,15,20,9 to 12,unpaid,,year-round,,rolling,Rolling.,,rolling,False,The CHP lists 15 to 20 for Explorers; the East Sacramento post page snippet says ages 15 to 21.,See the CHP Explorer post locator and contact the East Sacramento post.,https://www.chp.ca.gov/chp-careers/explorer/locate-an-explorer-post/260-east-sacramento,,snippet-only,2026-10-07,"The CHP site blocked WebFetch (403) and a browser tab loaded blank, so ages come from search results and are unconfirmed. CHP has other posts. Confirm age limits and meeting times with the post. See also California Highway Patrol Explorer Program for the statewide competition. Ages differ by source: the CHP lists 15 to 20 for Explorers, while the post page snippet says 15 to 21."
christ-hospital-junior-ambassador-program,Junior Ambassador Program (high school volunteers),The Christ Hospital Health Network,"Cincinnati, OH",cincinnati,volunteer,health,16,18,,unpaid,Unpaid volunteer,year-round,"Summer: first week of June to first week of August, 40 hours minimum. Fall and spring: 60 hours minimum. One 4 hour shift a week.",unconfirmed,"Three cycles a year: summer apply by April 30, fall by August 30, spring by December 30. The page lists month and day only, no year.",,last-year-pattern,False,High school students ages 16 to 18.,"Complete the Junior Volunteer Application, submit a school recommendation form from a teacher, counselor or administrator, interview, finish health screenings, pass the orientation quiz and attend the mandatory orientation.",https://www.thechristhospital.com/about/volunteer/,,fetched,2026-10-09,"The hospital's general volunteer program is age 16 and up. Perks listed include free parking, a food voucher, a free uniform and a free TB test. The next cycle should be the December 30 spring deadline, but the page gives no year, so confirm."
cincinnati-childrens-high-school-volunteer,High School Volunteer Program,Cincinnati Children's Hospital Medical Center,"Cincinnati, OH",cincinnati,volunteer,health,15,,Completed 9th grade,unpaid,Unpaid volunteer,summer,Weekly 2 to 3 hour shift; Summer 2026 session,closed-expect-reopen,"The deadline for the Summer 2026 session has passed. The page says the summer application is usually posted in January, with about two months to finish the packet.",,last-year-pattern,False,High school students who are at least 15 and have finished 9th grade. Seniors still in high school in spring must use the high school application.,"Submit the application packet by the posted due date, then attend a parent information session, an in-person interview and an orientation. Medical screening and a background check are required.",https://www.cincinnatichildrens.org/giving/volunteer/weekly-ways,,fetched,2026-10-09,Competitive: only the highest scoring applicants are accepted. Volunteers must complete at least 80 percent of their scheduled shifts. The hospital does not arrange job shadowing or senior capstone hours through Volunteer Services.
cincinnati-crc-pool-jobs,Aquatics Jobs: Lifeguard and Pool Staff,Cincinnati Recreation Commission,"Cincinnati, OH",cincinnati,paid-youth-program,sports,15,,,paid,Paid; rate not stated on the page,summer,Seasonal and part-time; dates not stated,unconfirmed,No dates are posted on the page. A 2026 lifeguard screening registration form is linked.,,unknown,True,"Lifeguards must be 15 or older, hold current American Red Cross Lifeguard Training/First Aid and CPR for the Professional Rescuer/AED certifications, and pass a water skills test. The page does not give an age for gate or pool monitors.","Register for the required lifeguard course screening on the page, then apply to the open positions. Questions: CRC Aquatics, 513-357-7665.",https://cincinnati-oh.gov/crc/aquatics/aquatics-employment/,,fetched,2026-10-09,Lifeguards also attend pre-season and on-site pool training and pass an annual water skills review. Check the page for current screening dates. Ohio law (ORC 4109.02) requires an age and schooling certificate (work permit) for working minors of school age; 16 and 17 year olds working in the summer months can instead give the employer proof of age and a signed parent or guardian consent statement.
cincinnati-crc-youth-to-work,Youth to Work (Y2WK) Summer Jobs,Cincinnati Recreation Commission,"Cincinnati, OH",cincinnati,paid-youth-program,any,14,24,,paid,Paid; hourly rate not stated on the pages read,summer,"Summer; roughly June to early August, dates vary by partner",closed-expect-reopen,"The program page says the application is usually available February to March. In 2026 the deadline passed in March (WVXU reported about two weeks left on March 10, 2026). 2027 dates are not posted.",,last-year-pattern,True,"Live in the City of Cincinnati or a surrounding community and be 14 to 24. A limited number of positions are for ages 14 and 15. Under 18, a parent or guardian signs the hiring forms; under 16 you need a work permit.","Create a free account at governmentjobs.com, then apply to the Y2WK job at agency.governmentjobs.com/cincinnati. Only online applications are accepted. Applicants are contacted by phone or email for an interview.",https://cincinnati-oh.gov/crc/get-involved/youth-to-work/,https://agency.governmentjobs.com/cincinnati,fetched,2026-10-09,"Very competitive: WVXU reported more than 1,000 teens applied last year and about 6 percent were hired. The CRC page says ages 14 to 24 and residents of the city or surrounding communities; an older City HR FAQ says only City residents ages 14 to 18, so confirm. The CRC FAQ still lists 2019 start dates, so ignore those. Ohio law (ORC 4109.02) requires an age and schooling certificate (work permit) for working minors of school age; 16 and 17 year olds working in the summer months can instead give the employer proof of age and a signed parent or guardian consent statement."
cincinnati-library-chpl-teen-volunteers,Library Volunteer Opportunities (ages 12+),Cincinnati & Hamilton County Public Library,"Cincinnati, OH",cincinnati,volunteer,education,12,,,unpaid,Unpaid volunteer,year-round,"3 months or longer, 2 to 6 hours a week",year-round,The library volunteer system says it is accepting new volunteer applications. No deadline is posted.,,rolling,,"Age 12 or older, able to commit to an ongoing schedule of 2 to 6 hours a week for three months or longer. A background check applies at age 18 and older. Court-mandated volunteers are not accepted.",Fill in an application in the library's online volunteer system and pick a listing. Questions: 513-369-6968.,https://chpl.org/volunteer/,https://app.betterimpact.com/PublicOrganization/b5363d89-ae1d-4a9a-878b-f57ec63139ff/,fetched,2026-10-09,"Each branch listing sets its own details, so check the age on the listing you choose. The page also mentions meal-service and tutoring roles and a separate Friends of the Library volunteer line at 513-369-6035."
cincinnati-museum-center-youth-programs,Youth Programs Volunteers,Cincinnati Museum Center,"Cincinnati, OH",cincinnati,volunteer,education; arts-media,13,18,,unpaid,Unpaid volunteer; perks include free museum admission and parking,year-round,Year-round through high school; first summer needs at least six shadowing sessions,closed-expect-reopen,Youth volunteers are recruited each year from January through March. 2027 dates are not posted.,,last-year-pattern,False,"Ages 13 to 18, from public, private, parochial, charter and homeschool backgrounds.",Use the youth application link on the Youth Programs page when recruitment opens. Email youthprograms@cincymuseum.org to be notified.,https://www.cincymuseum.org/youth-programs/,,fetched,2026-10-09,"The program started in 1989. In the first summer teens shadow the Museum of Natural History and Science, The Children's Museum and the Cincinnati History Museum."
cincinnati-parks-groundwork-green-team,Green Team Youth Summer Jobs,Groundwork Ohio River Valley with Cincinnati Parks,"Cincinnati, OH",cincinnati,paid-youth-program,environment,,,,paid,Paid summer job; rate not stated,summer,Summer; length not stated,unconfirmed,No dates are posted on the pages read. The City post is undated.,,unknown,True,High school students.,Use the Apply Now button on the Groundwork ORV Green Team page. Contact info@groundworkorv.org or 513-301-0310.,https://www.groundworkorv.org/programs/green-team/,,fetched,2026-10-09,"Work sites named by the City include Mt. Echo Park, Mt. Airy Forest, Mt. Storm, Caldwell Nature Preserve and Kennedy Heights Park. Pay, hours and the application window are not on the pages, so ask Groundwork ORV. Ohio law (ORC 4109.02) requires an age and schooling certificate (work permit) for working minors of school age; 16 and 17 year olds working in the summer months can instead give the employer proof of age and a signed parent or guardian consent statement."
cincinnati-zoo-zooteen-volunteer,ZooTeen Volunteer Program,Cincinnati Zoo and Botanical Garden,"Cincinnati, OH",cincinnati,volunteer,environment; science,13,17,,fee-based,$60 non-refundable program fee on acceptance (volunteering is unpaid),summer,"Starts May 31, 2027; 100 hours for first and second year ZooTeens, including a 40 hour camp week",opens-soon,"Summer 2027 application is open online Dec 1, 2026 to Jan 31, 2027. Information sessions Nov 16, Dec 14 and Jan 11 (6 to 7 p.m.). Group interviews Feb 27, Feb 28, Mar 13 or Mar 14. Decisions by email April 2, 2027.",2027-01-31,confirmed-2026-27,False,"Ages 13 to 17. The page words the age rule as 13 to 17 on May 1, 2026, which looks like a leftover date for a 2027 season, so confirm.","Complete the online application with essays, attend one group interview and two orientations, and set up an online profile to log hours.",https://cincinnatizoo.org/volunteer/,https://app.betterimpact.com/Application?OrganizationGuid=1654391c-f959-4458-bfe9-4e8833a41fff&ApplicationFormNumber=2,fetched,2026-10-09,"Orientation 1 is an online course with a guardian plus a session on April 24 or 25, 2027; Orientation 2 is all day at the Zoo on May 22 or 23, 2027. The Zoo says to contact them if the fee is a hardship. Third-year and older ZooTeens have a lower 70 hour requirement."
clbl-farms-leadership,FARMS Leadership Program,Center for Land-Based Learning,"Woodland, CA",yolo; sacramento; davis,leadership,environment; food-hospitality; science,,,high school,unpaid,No cost or stipend listed on the page.,school-year,"school year, 6+ field days",unconfirmed,No dates posted. Schools sign up as groups.,,unknown,False,"High school students at participating schools in 14 counties, including Sacramento and Yolo. Ask the FARMS coordinator at your school.",Ask your ag or science teacher whether your school participates. Contact Mindy Cunha at mindy@landbasedlearning.org.,https://www.landbasedlearning.org/program/farms/,,fetched,2026-10-07,"Advanced FARMS tier (year-long research, job shadowing) also exists. Main office (530) 795-1520. CLBL headquarters is The Maples Farm in Woodland."
clbl-urban-ag-internships,Urban Ag Internships,Center for Land-Based Learning,"Sacramento, CA",sacramento; yolo,internship,environment; food-hospitality; science,,,high school,paid,Pay rate not posted on the page.,school-year,year-long,unconfirmed,No dates posted on the page.,,unknown,True,"Students at Luther Burbank High, Grant Union High and Sacramento Academic and Vocational Academy (SAVA).","The page does not explain how to apply. Ask a teacher or counselor at your host school, or contact the Center for Land-Based Learning: info@landbasedlearning.org or (530) 795-1520.",https://www.landbasedlearning.org/program/urban-ag-internships/,,fetched,2026-10-07,"Only at the three host schools. Grant Union students can earn college credit through a Sacramento State partnership (ACE program). Pay rate and hours per week are not posted. Paid job for a minor, so a work permit is likely needed."
cobb-schools-work-based-learning,"CTAE Work-Based Learning, Cobb County School District",Cobb County School District,"Cobb County, GA",atlanta,school-pathway,any,16,,11-12,mixed,"Placements may be paid or non-paid, according to the district page.",school-year,A school year; students can be in WBL both junior and senior year. A 90-minute block needs at least 7.5 work hours a week.,unconfirmed,No dates are posted on the district page. Ask your school's coordinator for the application window.,,unknown,False,Cobb County School District juniors and seniors who are 16 or older. Your high school's Work-Based Learning coordinator gives school-specific rules.,Apply through your high school's Work-Based Learning coordinator. All applications must be completed in full before they are considered. The district page lists a coordinator for each high school.,https://www.cobbk12.org/ctae-work-based-learning,,fetched,2026-10-09,"District CTAE and WBL coordinator on the page: Sapph Espinoza. The job should relate to your career goals and CTAE coursework. Georgia requires a work permit only under 16, and this program starts at 16."
cobbworks-boss-young-professionals,B.O.S.S. Young Professionals Program (CobbWorks),"CobbWorks (Cobb County workforce board, WorkSource Cobb)","Cobb County, GA",atlanta,paid-youth-program,any,16,24,,paid,"Participants can earn up to $8,500 across the program's activities, according to the program page.",year-round,Not stated. Participants enter at any stage.,rolling,Year-round. No application dates are posted.,,rolling,False,Cobb County residents ages 16 to 24 who meet income qualifications (decided at eligibility) and are in one of the program's target groups.,"Fill out the B.O.S.S. application inquiry form online (it asks if you live in Cobb County, are 16 to 24, and are in school), or call 770-528-4300 or email bossinfo@cobbworks.org.",https://www.worksourcecobb.org/boss,https://www.worksourcecobb.org/boss-application,fetched,2026-10-09,"Funded through WIOA, so participants must meet eligibility rules. The same site lists a PowerUp! plumbing pre-apprenticeship and a Cobb County Fire P.R.E.P. Academy for young adults; ages are not stated, so ask CobbWorks. The main cobbworks.org site returned an error, so this entry uses worksourcecobb.org. Georgia requires a work permit only under 16, and this program starts at 16."
college-of-san-mateo-dual-enrollment,College of San Mateo Dual Enrollment and Concurrent Enrollment,College of San Mateo,"San Mateo, CA",silicon-valley; peninsula,school-pathway,any,,,High school,unpaid-credit,Free. Dual enrollment includes textbooks and materials; concurrent enrollment is free for up to 11 units per semester.,school-year,,rolling,No application deadline stated on the pages read.,,rolling,False,Concurrent enrollment: high school students in grades 9 to 12. Dual enrollment: students at CSM's partner high schools; talk to your school counselor.,"Create an OpenCCC account and apply to CSM online. For dual enrollment, meet with your high school counselor first, then register with the Dual Enrollment team. Questions: csmoutreach@smccd.edu.",https://collegeofsanmateo.edu/highschool/,https://www.opencccapply.net/cccapply-welcome?cccMisCode=372,fetched,2026-10-07,Dual enrollment is only through CSM's partner high schools. Concurrent enrollment is open to any high schooler but may need your counselor's approval at some schools. Skyline and Canada colleges run similar programs (not checked here).
columbus-library-summer-reading-volunteen,Summer Reading Challenge VolunTeen,Columbus Metropolitan Library,"Columbus, OH",columbus,volunteer,education,12,,In or entering grades 6 to 12,unpaid,Unpaid volunteer,summer,June 1 to July 31 (2026 dates),closed-expect-reopen,2026: application opened April 13 at 3 p.m. and the program ran June 1 to July 31. 2027 dates are not posted. The library's regular volunteer application for Fall 2026 opened August 10.,,last-year-pattern,,Youth in or entering grades 6 to 12 who are at least 12 years old. High school students 18 or older must be returning to a traditional high school and may need a background check.,"Online VolunTeen application, first come first served by branch. If your branch is missing from the drop-down, it is full.",https://www.columbuslibrary.org/volunteer,,fetched,2026-10-09,"Openings vary by branch. Current or recent youth volunteers should talk to the Summer Reading coordinator at their branch. The library also has School Help, Reading Buddies and Creation Station volunteer roles; the page lists the age rule only for the summer VolunTeen role. Ohio's work permit rules for unpaid public library volunteering are not stated on the page."
columbus-metro-parks-volunteer,Metro Parks Volunteer Program (Junior Volunteers at Inniswood),Metro Parks (Central Ohio Park System),"Columbus, OH",columbus,volunteer,environment,11,,,unpaid,Unpaid volunteer,year-round,Flexible schedule by assignment and park,year-round,No deadline is posted. Volunteer Information sessions are held twice a year; the Inniswood training is held in March.,,rolling,,Most assignments are for ages 16 and up. Volunteers and Junior Volunteers ages 11 and over may help at Inniswood Metro Gardens; the Inniswood training is in March.,Attend a Volunteer Information session and complete the volunteer application. A background check including fingerprints is part of the process.,https://www.metroparks.net/programs-and-activities/volunteers/,,fetched,2026-10-09,Slate Run Living Historical Farm lets children volunteer with a parent or supervising adult. Scouts can set up group service days by email. For Inniswood contact the volunteer coordinator at 614-895-6226.
columbus-recparks-apps-job-readiness,APPS Job Readiness Program,Columbus Recreation and Parks Department,"Columbus, OH",columbus,paid-youth-program,any,14,23,,paid,"$15 an hour, up to 20 hours a week",summer,Mostly summer; some participants may continue in fall and winter,closed-expect-reopen,"2026 participant applications ran Feb 2 to Feb 17, 2026 and are closed. 2027 dates are not posted.",,last-year-pattern,True,"Columbus residents (or people who pay Columbus taxes) ages 14 to 23. Must pass a drug test; a background check applies at 18 and older. Required documents: birth certificate and/or Social Security card, plus a state or school photo ID.",Apply during the winter application window listed on the program page. Questions: AJRP@columbus.gov or 614-724-2038.,https://columbusrecparks.com/resources/apps/,,fetched,2026-10-09,"Work experiences vary and are matched to career interests where possible. Ohio law (ORC 4109.02) requires an age and schooling certificate (work permit) for working minors of school age; 16 and 17 year olds working in the summer months can instead give the employer proof of age and a signed parent or guardian consent statement. The page does not say how to submit the application beyond the schedule, so confirm the method with the program."
columbus-recparks-city-leaders-academy,City Leaders Academy,Columbus Recreation and Parks Department,"Columbus, OH",columbus,leadership,law-government; social-impact,,,Entering grades 6 to 10 in Fall 2026,unpaid,No pay; cost not stated on the page,school-year,"Sept orientation, then 12 monthly meet-ups Oct 2026 to May 2027; ceremony May 15, 2027",closed-expect-reopen,"2026-27 applications were due 5 p.m. Wednesday, July 1, 2026. 2027-28 dates are not posted.",,last-year-pattern,False,City of Columbus residents (getting City trash and recycling service counts) entering grades 6 to 10 in Fall 2026 who keep a 2.8 GPA. Selected applicants interview with the program directors.,"Email the application, last school year's report card and a letter from a teacher, administrator or community leader to CBMcGhee@columbus.gov, or drop it at Blackburn Community Center (263 Carpenter St.). Selected applicants interview.",https://columbusrecparks.com/youth-success/city-leaders-academy/,,fetched,2026-10-09,"Includes middle schoolers (grades 6 to 10). Mandatory guardian and youth orientation on Sept 19, 2026; no more than three unexcused absences at meet-ups. The page says applications began May 1, 2025, which looks like a typo for 2026."
columbus-recparks-seasonal-lifeguard,Seasonal Lifeguard,Columbus Recreation and Parks Department,"Columbus, OH",columbus,paid-youth-program,sports,15,,,paid,$20 an hour (seasonal),summer,Summer season; dates not stated,unconfirmed,The page says the City is hiring seasonal lifeguards for the summer. No application dates are posted.,,unknown,True,Age 15 or older with the swimming skills needed. Must finish the American Red Cross Lifeguard Training course (the City waives the course fee if you are hired). Completing the course does not guarantee a job.,"Submit the Lifeguard Interest Form, take the pre-course swimming skills test, finish the Red Cross course, then submit the employment application.",https://columbusrecparks.com/wellness/aquatics/lifeguards/,,fetched,2026-10-09,"The City also offers Red Cross lifeguard training classes for ages 15 and older. Ohio law (ORC 4109.02) requires an age and schooling certificate (work permit) for working minors of school age; 16 and 17 year olds working in the summer months can instead give the employer proof of age and a signed parent or guardian consent statement. The page is not dated, so check that hiring is open."
columbus-urban-league-work-readiness-training-university,Work Readiness Training University (WRTU),Columbus Urban League,"Columbus, OH",columbus,paid-youth-program,any,14,19,,paid,Paid for summer involvement; rate not stated,summer,Summer; length not stated,unconfirmed,No application dates are posted on the program page.,,unknown,True,Youth ages 14 to 19 (age range from the Urban League's Career Connect youth list). Other eligibility rules are not stated.,"Not stated on the page. The Youth Leadership Team is at 3443 Agler Rd., Columbus, phone 614-257-6300.",https://cul.org/career-connect/work-readiness-training-university/,,fetched,2026-10-09,"Supported by the Franklin County Board of Commissioners and employer partners. A 2024 WRTU Fellows program began with 27 youth. The Urban League's other youth programs (for example I Am My Brother's Keeper, ages 14 to 18, and VLOG, ages 14 to 19) are listed on its Career Connect page. Ohio law (ORC 4109.02) requires an age and schooling certificate (work permit) for working minors of school age; 16 and 17 year olds working in the summer months can instead give the employer proof of age and a signed parent or guardian consent statement."
columbus-zoo-zooaide-teen-volunteers,ZooAide Teen Volunteer Program,Columbus Zoo and Aquarium,"Columbus area, OH",columbus,volunteer,environment; science,,,Entering grades 8 to 12,unpaid,Unpaid volunteer,summer,,closed-expect-reopen,The 2026 season application has ended. The page says 2027 ZooAide applications will be posted in early 2027.,,last-year-pattern,False,"Teens entering grades 8 to 12 who show leadership, animal knowledge, professionalism and emotional maturity.",Online application posted on the Teen Volunteers page in early 2027.,https://www.columbuszoo.org/teen-volunteers,,fetched,2026-10-09,"The page does not state the months, hours or any fee, so confirm with the Zoo. Season is listed as summer as a best fit but is not stated on the page."
computer-history-museum-teen-program,Computer History Museum Teen Volunteer Intern Program,Computer History Museum,"Mountain View, CA",silicon-valley; peninsula,volunteer,tech-cs; education,,,9 to 12,unpaid,Not stated on the page,school-year,Not stated on the page,closed-expect-reopen,Applications are currently closed. Join the interest list to hear about the next round.,,unknown,False,High school students in grades 9 to 12.,Fill out the interest form on the CHM internships page to join the mailing list.,https://computerhistory.org/internships/,,fetched,2026-10-07,CHM says it is not accepting Teen Program applications right now; the page gives no reopening date. Join the interest list to be told when it opens. Pay and length are not stated.
congressional-app-challenge,Congressional App Challenge,Congressional App Challenge (House of Representatives),Virtual,national; virtual; statewide,entrepreneurship,tech-cs,,,Middle and high school,unpaid,Free,fall,Build time before the deadline,open-now,"The 2026 deadline for registering and submitting is October 26, 2026.",2026-10-26,confirmed-2026-27,False,Middle or high school students living in the US (citizenship not required). Solo or teams up to four. Half the team must live in the district.,"Register on the Student Registration page, then submit the app online.",https://www.congressionalappchallenge.us/,,fetched,2026-10-07,"Any language or platform is allowed, solo or teams up to four. Check the Participating Districts page on the site to confirm your district takes part."
contra-costa-college-dual-enrollment,Contra Costa College Dual Enrollment,Contra Costa College,"San Pablo, CA",east-bay,pre-college,any,,,High school,unpaid-credit,"Free: no tuition, textbook or enrollment fees.",year-round,Per term,rolling,Rolling by term.,,rolling,False,"Students at West Contra Costa USD, Leadership Public Schools, Griffin Technology Academies, or Middle College High School on campus. Requirements vary by school.",Talk to your high school counselor. Questions: earlycollegecredit@contracosta.edu.,https://www.contracosta.edu/?p=44738,,fetched,2026-10-07,"Serves West Contra Costa County (Richmond, San Pablo). No deadlines are listed on the page."
contra-costa-library-teen-volunteer,Contra Costa County Library Teen Volunteers,Contra Costa County Library,"Contra Costa County, CA (Richmond, Concord, Pleasant Hill and other branches)",east-bay,volunteer,education; tech-cs,,,Entering 8th grade or above (Summer Read); age 16+ for other roles,unpaid,,year-round,Summer Read 1 to 2 hours a week; Computer Docents at least 2 hours a week,rolling,Summer Read recruiting starts in April. Some libraries take volunteers on a limited basis.,,rolling,False,"Summer Read: entering 8th grade or above, with parent consent. Computer Docent and Homework Help: age 16 or older.",Fill out the volunteer interest form on ccclib.org/volunteer. You may be called for an interview. Forms stay on file for six months.,https://ccclib.org/volunteer/,,fetched,2026-10-07,Contact your branch to see if it is taking volunteers now.
cosi-youth-volunteer-program,Youth Volunteer Program (ages 13+),COSI (Center of Science and Industry),"Columbus, OH",columbus,volunteer,science; education,13,,,unpaid,Unpaid volunteer,year-round,"Three weekend trainings (Oct to Dec in 2026), then ongoing volunteering; hours not stated",closed-expect-reopen,"2026 window: applications Aug 1 to Aug 15, interviews Sept 15, 16 or 17, decisions Sept 30, trainings Oct 24/25, Nov 21/22 and Dec 12/13. 2027 dates are not posted.",,last-year-pattern,False,Youth ages 13 and up. Accepted volunteers must attend three weekend training sessions.,"Online youth volunteer application during the August window, then an in-person interview (5:30 to 7:30 p.m.) at COSI.",https://cosi.org/volunteer,,fetched,2026-10-09,Candidates who cannot attend all three trainings are told to reapply later. COSI also lists one-day Quick Impact volunteer shifts; check each listing for its age rule.
cosmos-uc-davis,COSMOS (California State Summer School for Mathematics and Science) at UC Davis,University of California (UC Davis campus),"Davis, CA",davis; yolo; sacramento; statewide,pre-college,science; engineering; tech-cs; health,,,8 to 12,fee-based,"Program cost $5,793 (2027 page), plus $48 application fee and a 2.5% card fee. Financial aid is available for admitted students with need, but not guaranteed.",summer,about 4 weeks (2027 dates TBA),opens-soon,"Application opens Jan 6, 2027 at 8:00 AM and closes Feb 5, 2027 (dates page says 5:00 PM). Financial aid forms postmarked by Feb 6, 2027. Decisions Mar 25, 2027.",2027-02-05,confirmed-2026-27,False,California high school students completing grades 8 to 12. Non-California residents and international students cannot apply. Selected on academic strength and interest in math and science. You pick one campus and cluster choices.,"Online application plus teacher recommendations and parent signature. Pay the application fee. If accepted, pay one-third by Apr 7, 2027 and the rest by Apr 16, 2027.",https://cosmos-ucop.ucdavis.edu/app/main/page/dates-deadlines,https://cosmos-ucop.ucdavis.edu/,fetched,2026-10-07,"Competitive. Residential, so you live on campus for four weeks. Financial aid is reviewed separately from admission and needs a parent income document; it has a hard deadline. Program session dates are listed as TBA. Pick UC Davis as your campus on the application. COSMOS runs on several UC campuses (UC Davis, UC Irvine, UC San Diego and UC Santa Cruz); this card is the Davis campus. See the UC COSMOS site for the others: https://jacobs.ucsd.edu/cosmos"
costa-mesa-parks-community-services-jobs,Costa Mesa Parks and Community Services part-time jobs,City of Costa Mesa,"Costa Mesa, CA",orange-county,paid-youth-program,education; sports; social-impact,,,,paid,"The page says all positions start at $20 an hour. The page was last updated May 11, 2023, so confirm the rate.",year-round,"Part time, 8 to 30 hours a week",unconfirmed,Jobs are posted on the city's job page. No dates are stated.,,unknown,,"The page does not state a minimum age. Ask the department before you apply, because lifeguard jobs and leader jobs often have different age rules.",Use the Apply Here link on the city's Parks and Community Services employment page.,https://www.costamesaca.gov/government/departments-and-divisions/parks-and-community-services/job-opening-employment-information,,fetched,2026-10-09,"The city also runs free after-school teen centers for grades 7 to 12 and a Summer Teen Camp for grades 7 to 10, which are programs to attend, not jobs."
cosumnes-csd-teen-committees,Teen Action Academy and Teen Leadership Committee,Cosumnes Community Services District,"Elk Grove and Galt, CA",sacramento,leadership,social-impact; any,,,7 to 12,unpaid,,school-year,,unconfirmed,Not posted on the volunteer page.,,unknown,False,Students in grades 7 to 12 (two separate groups).,"No steps are posted. Email MadisonLeeRosen@CosumnesCSD.gov, call the District at 916-405-5600, or fill out the General Volunteer Interest Form on cosumnescsd.gov.",https://cosumnescsd.gov/349/Volunteer-Opportunities,,fetched,2026-10-07,"Meeting times, location and deadlines are not posted on the page, so ask the District. Other volunteer roles on that page (adaptive recreation, youth coaching) are 18 and older."
cosumnes-fire-explorer,Cosumnes Fire Department Explorer Program,Cosumnes Community Services District Fire Department,"Elk Grove, CA",sacramento,volunteer,law-government; health,15,18,11 to 12,unpaid,,school-year,School year,closed-expect-reopen,Applications for the next school year open in Spring 2027 (no exact date or closing date posted).,,unknown,False,"Ages 15 to 18, high school juniors and seniors, 2.0 GPA, and a physician-completed medical exam form.",Email explorers@cosumnescsd.gov to get application details. Fire Admin phone: 916-405-7100.,https://www.cosumnescsd.gov/1356/Fire-Explorer-Program,,fetched,2026-10-07,Serves the Elk Grove area. Needs a physician-completed medical exam form. Meeting schedule and any costs are not posted on the page.
cpl-summer-teen-internships,Chicago Public Library paid summer teen internships,Chicago Public Library with After School Matters,"Chicago, IL",chicago,internship,education; arts-media,16,19,,paid,"2026: $17.05 per hour, 20 hours a week",summer,6 weeks (June 22 to Aug 1 in 2026),closed-expect-reopen,The 2026 posting says applications are closed. 2027 dates not posted; the Chicago Youth Works summer application ran March 10 to May 29 in 2026.,,last-year-pattern,False,"Chicago residents attending a Chicago high school or equivalent (graduating seniors can apply), ages 16 to 19 on the first day (June 22 in 2026), with a Social Security number or ITIN.","Log in to Chicago Youth Works, finish that application, choose After School Matters under Opportunities, then search library positions (program name CPL or your branch) in the ASM application. Branch staff interview in May.",https://www.chipublib.org/news/teens-apply-for-paid-summer-internships-at-chicago-public-library-2/,https://www.chicagoyouthworks.org/,fetched,2026-10-09,Positions were offered at every Chicago Public Library location. You can apply to many branches but be hired for one. Work permit: Illinois requires one only for under 16 and the minimum age here is 16. Questions: teenservices@chipublib.org.
cpl-teen-school-year-assistantships,"Chicago Public Library teen assistantships (Teen Best Reads, Teen Gamer's Guild, Teen Media Lab)",Chicago Public Library with After School Matters,"Chicago, IL",chicago,paid-youth-program,arts-media; tech-cs; education,14,19,,stipend,"These are stipend assistantships. The amounts are not stated on the page we read, so check the library's page.",school-year,"Starts Jan 9, 2027. Gamer's Guild to June 10; Media Lab Jan to June 22 and Sept 7 to Dec 14; Best Reads to Dec 14.",opens-soon,"Applications open Monday Oct 19, 2026 and close Sunday Nov 8, 2026.",2026-11-08,confirmed-2026-27,,"Must live in the City of Chicago and attend a Chicago high school. Ages 14 to 19 on the start date of Jan 9, 2027. Teen Best Reads and Teen Media Lab are open to current 9th, 10th and 11th graders.",Apply on the Chicago Public Library application form (not the After School Matters site). Answer the open-ended questions carefully; they decide who is interviewed. Virtual interview in Microsoft Teams for each program. Apply to as many as you like but accept one.,https://www.chipublib.org/news/chicago-public-library-school-year-assistantship/,,fetched,2026-10-09,"You enroll with After School Matters during the first month, which needs a Social Security Number and parent or guardian information. Questions: teenservices@chipublib.org. Gamer's Guild sub-guilds meet at different library branches."
cpmc-information-desk-van-ness-volunteer,"CPMC Information Desk Volunteer (Van Ness Campus, Sutter Health)","Sutter Health, California Pacific Medical Center (CPMC)","San Francisco, CA (CPMC Van Ness Campus, 1101 Van Ness Avenue)",san-francisco,volunteer,health,16,,,unpaid,Volunteer role; no pay stated on the listing,year-round,"Minimum 100 hours in one year, at least three to four hours per week",rolling,The listing shows Actively Recruiting. No application deadline is stated.,,rolling,False,Ages 16 and older. Some departments accept only people 18 and older. Junior volunteers under 18 need a signed parental consent form.,"Complete the online application, then an in-person interview and a health screening. The background check applies to adults only. Questions go to cpmcvolunteer@sutterhealth.org.",https://www.sutterhealth.org/volunteering/opportunities/information-desk-cpmc-van-ness-campus-1079779887,,fetched,2026-10-07,"Read on the official Sutter Health listing 2026-10-07. Not stated on the listing: TB test or immunization requirements, application window, and pay (unpaid volunteer role). The health screening is required but its contents are not described on this listing. Sutter's separate CPMC student volunteer page could not be read from this environment, so no details from it are used here. The listing is a lobby role, so it fits teens 16 and older who want to try hospital volunteering; it is not a high school program."
cps-career-and-technical-education,CPS Career and Technical Education (CTE) pathways,Chicago Public Schools,"Chicago, IL",chicago,school-pathway,tech-cs; health; trades; business-finance; food-hospitality; arts-media; education; law-government; engineering; environment,,,,unpaid-credit,,school-year,Multi-year pathway,unconfirmed,GoCPS high school application dates are not stated on the CTE page; check GoCPS.,,unknown,,Chicago Public Schools students. 8th graders apply through GoCPS when they apply to high school; freshmen and 10th graders ask their school counselor.,"Rank CTE programs on your GoCPS high school application (8th grade), or talk to your counselor (9th and 10th grade). Email CTE@cps.edu for questions.",https://www.cps.edu/academics/career-and-technical-education/,,fetched,2026-10-09,"Which pathways are offered differs by school; the CTE Matrix and Guide to CTE Programs on the page list them. CPS Work-Based Learning (internships, co-op) builds on these pathways. Contact: 773-553-2108."
cps-chicago-builds,Chicago Builds (CPS construction pre-apprenticeship),Chicago Public Schools,"Chicago, IL",chicago,apprenticeship-trades,trades; engineering,,,11-12 (apply in 10th or 11th grade),unpaid-credit,Earn 2.5 high school credits per year of the program. Pay for senior-year internships is not stated.,school-year,"Two school years, 2 hours a day at Dunbar High School campus (3000 S. King Drive)",closed-expect-reopen,"The 2026-27 application closed April 17, 2026 (decisions by May 22). 2027-28 dates not posted.",,last-year-pattern,,Current 10th and 11th graders at a district-run CPS school; priority goes to 10th graders. Must attend an information session and submit a recommendation from a trusted adult who is not a family member.,"Fill out the Google application form, a signed Student and Parent Expectations and Consent Contract and a Recommendation Form, then email everything to ChicagoBuilds@cps.edu.",https://www.cps.edu/academics/work-based-learning/chicago-builds/,,fetched,2026-10-09,It is an Illinois Works Pre-Apprenticeship site and offers the Master Builder program with City Colleges of Chicago. Classes meet during the school day in an AM or PM cohort. Contact: 773-534-0909.
cps-cooperative-education,CPS Cooperative Education (senior-year work study),Chicago Public Schools,"Chicago, IL",chicago,school-pathway,any,16,,12 (apply in 11th grade),paid,Students earn wages; the rate is not stated on the page.,school-year,"One school year, at least 180 hours a semester (about 10 hours a week); 3 elective credits",unconfirmed,Students must apply during junior year. Application dates not stated on the page.,,unknown,False,"High school seniors at least 16 years old with a 2.0 GPA, excellent attendance and a counselor recommendation.",Apply in 11th grade through your school; contact the citywide Cooperative Education coordinator (773-553-2108) for the process.,https://www.cps.edu/academics/work-based-learning/cooperative-education/,,fetched,2026-10-09,Placement and training partners listed on the page include Genesys Works and Urban Alliance. Work permit: Illinois requires one only for under 16 and the minimum age is 16. Cutting school or work can cost credit.
cps-early-college-city-colleges,CPS Early College: dual credit and dual enrollment at City Colleges of Chicago,Chicago Public Schools and City Colleges of Chicago,"Chicago, IL",chicago,school-pathway,any,16,,11-12,unpaid-credit,Free college credit. The page says you earn college credit for free.,school-year,Per semester; dual enrollment is one course per semester at a City Colleges campus,rolling,Register once per academic year. Deadlines not stated; talk to your counselor early.,,unknown,False,"Students currently enrolled at a Chicago Public Schools high school, including home-schooled students per City Colleges. A 2.5 GPA and strong attendance are typical requirements. If your GPA is lower, the page says recommendation letters are accepted. Under 16 needs a principal recommendation and approval from the college president.","Talk to your high school counselor, get approval from the dual enrollment coordinator at your City Colleges campus, complete the City Colleges application and pick classes. Do not pay for or enroll in a class before talking to the Early College team.",https://pages.ccc.edu/early-college/,,fetched,2026-10-09,"Undocumented students are eligible (CPS page). Some courses need ACT, SAT or City Colleges placement scores; many courses have no prerequisites. Jumpstart Pathways and Runway 606 are related CPS options. Seven campuses; each has a dual enrollment coordinator."
cps-police-fire-training-academy,Chicago Police and Firefighter Training Academy (CPFTA),"Chicago Public Schools with Chicago Police, Fire and City Colleges","Chicago, IL",chicago,school-pathway,law-government; health,,,Apply in 10th grade; program runs 11th and 12th grade,mixed,"Free: uniforms, materials, snacks and transportation help provided; scholarships possible. A paid summer internship between junior and senior year is possible (pay not stated).",school-year,"Two years; Tuesday and Wednesday 4:30 to 7:30 p.m., September to May",closed-expect-reopen,The application for the class of 2028 is closed. Sophomores apply online each year beginning in February; recruitment events run in February and March. 2027 dates not posted.,,last-year-pattern,,"Sophomores who live in Chicago and attend a Chicago high school (public, private or homeschooled). A 2.3 GPA and 90% attendance are recommended. Needs 2 recommendation letters, a physical and a background check.","Complete the online application, a signed consent form, a copy of a school or state ID, 2 recommendation letters, a physical exam record and a background check.",https://www.cps.edu/academics/work-based-learning/chicago-police-and-fire-training-academy/,,fetched,2026-10-09,Takes up to 125 students each year. Contact: cpfta@cps.edu or 773-553-2486.
cuny-college-now,College Now,CUNY with NYC Public Schools,"New York, NY",new-york-city,pre-college,any,,,10-12 (mostly 11-12),unpaid,Free. The CUNY page describes College Now as a FREE program.,school-year,"Fall, spring and summer semesters",rolling,"Each campus sets its own deadline. CUNY says spring applications are typically available October to early February, summer March to June, and fall late March to mid-September.",,rolling,False,"Students at NYC public high schools. Grade 11 and 12 with an 80+ GPA can take courses on the partner campus, and a 70+ GPA opens some courses. Grade 10 with a 70+ GPA can take non-credit college and career awareness courses only. College Now is geared toward NYC Public Schools 11th and 12th graders.","Apply to a specific CUNY campus's College Now program. Talk to your school's College Now liaison if your school has a partner campus, or contact a campus program directly. Many programs are first come, first served.",https://www.cuny.edu/academics/current-initiatives/p20/college-now/,,fetched,2026-10-09,"Graduating seniors cannot join summer sessions. Students in Early College high schools can only join in summer. Costs beyond tuition (like textbooks) are not described on the CUNY page, so ask the campus."
cupertino-teen-commission,Cupertino Teen Commission,"City of Cupertino, Parks & Recreation","Cupertino, CA",silicon-valley,civic-government,law-government; social-impact,,,Incoming 8th to 11th grade,unpaid,,school-year,Two-year staggered terms,closed-expect-reopen,The city page says recruitment is currently closed. No reopening date is stated.,,unknown,False,Cupertino residents who are incoming 8th to 11th graders. The city page says seniors are not eligible to apply.,"When recruitment is open, use the 'Apply to be a Teen Commissioner' form on the city page. The page also links a supplemental questions list. Questions about applications go to cityclerk@cupertino.gov.",https://www.cupertino.gov/Parks-Recreation/Activities/Teens/Teen-Commission,,fetched,2026-10-07,"Meets monthly, September through May, at 6 p.m. on the second Wednesday, in the Quinlan Community Center Conference Room (10185 North Stelling Road), with a teleconference option. Commission email teencommission@cupertino.gov. Staff liaison Sonya Lee, Recreation Manager, (408) 777-3121. Pay is not mentioned on the page, so it is listed as unpaid. The page says members may be in 12th grade during their term; the 8th-to-11th rule applies to applicants."
davis-aquatics-lifeguard-junior-swim,"Lifeguard Training, Junior Lifeguarding and Junior Swim Instructor",City of Davis Aquatics,"Davis, CA",davis; yolo,leadership,sports; education,15,,,fee-based,Course fees apply. Amounts are not on the page; check the Rec Guide or online registration.,year-round,varies by course,rolling,Courses are offered throughout the year. Check WebTrac for sessions.,,rolling,False,"Lifeguard Training: you must turn 15 by the last day of the course. Junior Lifeguarding: pass a swim skills check on day one (25 yards of front crawl and breaststroke, tread water 1 minute, and more). Junior Swim Instructor: no age or swim test listed on the page.",Register for a course through City of Davis online registration (the page links to it). Questions: 530-757-5626 or csweb@cityofdavis.org.,https://www.cityofdavis.org/city-hall/parks-and-community-services/aquatics-and-city-pools/aquatic-classes,,fetched,2026-10-07,"Training can lead to City of Davis aquatics work. Junior Swim Instructor is for teens who may want to work for Davis Aquatics later, with volunteer chances after the training. The page does not promise a job. Lifeguard certification needs full attendance and passing tests. Job minimum ages are set in each posting at cityofdavis.org/jobs."
davis-junior-basketball-officials,"Davis Junior Basketball Coach, Official and Score Keeper",City of Davis Parks and Community Services,"Davis, CA",davis,paid-youth-program,sports; education,15,,,paid,$17.39 an hour,winter,"6-week season starting the week of January 18, 2027",rolling,"The posting is open continuously. Mandatory training is the week of January 4, 2027 and a coaching clinic on January 9, 2027.",,rolling,True,"Age 15 or older to officiate or keep score, and 16 or older to coach. You need CPR and First Aid certification before the season starts and a working knowledge of basketball rules.",Apply online on the City of Davis job page (NEOGOV). Applicants are screened on experience and may be interviewed.,https://www.governmentjobs.com/careers/davis/jobs/5451970/junior-basketball-coach-and-official-score-keeper,,fetched,2026-10-09,Temporary part-time with no benefits. Games are Saturdays at the Davis High School community gyms. Other City of Davis seasonal postings such as Parks Maintenance Aide (18 and older) and Pool Maintenance Aide (21 and older) are not open to teens.
davis-senior-high-cte-pathways,Davis Senior High CTE Pathways,Davis Joint Unified School District,"Davis, CA",davis; yolo,school-pathway,engineering; environment; trades; any,,,9 to 12,unpaid-credit,"School classes, no pay. Course credit.",school-year,,year-round,No deadline posted. Enroll through your counselor during normal course selection.,,unknown,False,DJUSD high school students. The page does not list which schools offer which pathway. Ask your counselor.,Contact your school counselor to enroll in a CTE course. Internships are on the Student Internships tab (see the Internship and Career Development Course).,https://www.djusd.net/instruction/programs/CTE,,fetched,2026-10-07,"Page does not say which schools offer which pathways, or give grade or age rules. DJUSD office: (530) 757-5300. Related: the Internship and Career Development Course and the Summer Apprenticeship."
davis-teen-leadership-council,Teen Leadership Council,City of Davis Parks and Community Services,"Davis, CA",davis; yolo,leadership,social-impact; any,14,17,,unpaid,,school-year,"Oct 13, 2026 to May 18, 2027, meets 2nd and 4th Tuesdays, 7:00 to 8:30 pm",closed-expect-reopen,"The 2026-27 application period was extended to Oct 2, 2026 and is now closed. The next call is not posted.",2026-10-02,confirmed-2026-27,False,Davis teens ages 14 to 17. Up to 24 members. Needs a full school-year commitment.,"Fill out the TLC application on the Teens page. Questions: Micayla Valceschini, mvalceschini@cityofdavis.org.",https://www.cityofdavis.org/city-hall/parks-and-community-services/teens,,fetched,2026-10-07,"Meetings are at the Veterans Memorial Center, 203 E. 14th St. Up to 24 teens, and it is a full school-year commitment. The application closed Oct 2, so ask the city whether late applicants can still join."
de-anza-dual-enrollment,De Anza College Dual Enrollment,De Anza College,"Cupertino, CA",silicon-valley; san-jose,pre-college,any,,,9 to 12,unpaid-credit,No enrollment fees for up to 11 units a quarter (De Anza and Foothill combined). You still pay for textbooks in most courses and may pay other fees.,school-year,"Quarter system (fall, winter, spring, summer); a standard class is 12 weeks",rolling,No single deadline. Apply for admission before the quarter you want; see the De Anza academic calendar.,,rolling,False,"Students enrolled in any California high school, grades 9 to 12 (rising 9th graders included). Needs permission from a parent or guardian and your school principal. No GPA requirement.","Talk to your school counselor, apply for admission, set up MyPortal, finish the Dual Enrollment overview, check prerequisites, submit the school permission form, then register. Questions: outreach@deanza.edu.",https://www.deanza.edu/dual/,,fetched,2026-10-07,Math and English classes need an assessment (usually based on your school transcript). Students can buy a VTA SmartPass for unlimited bus and light rail rides. Undocumented students can take part. Parents cannot see your college records without your written consent.
deca-california,DECA (high school division),DECA Inc. and California DECA,"School chapters, California",statewide; national,leadership,business-finance; food-hospitality,,,High school,fee-based,Not stated on the pages read. Ask your advisor for chapter dues and conference fees.,school-year,School year,year-round,Join anytime through your advisor.,,rolling,False,"High school students join through a school chapter and its advisor, or a school can start a chapter. Contact the DECA advisor at your school.",Ask your school for a DECA advisor. DECA lists an Online Membership System for joining.,https://www.deca.org/about,,fetched,2026-10-07,"DECA says it has about 317,600 high school members in 4,510 chapters. Not every school has a chapter. California-specific details were not on the page."
dekalb-library-teen-advisory-board,Teen Advisory Board (DeKalb County Public Library),DeKalb County Public Library,"DeKalb County, GA",atlanta,civic-government,education; social-impact,14,18,,unpaid,Unpaid. Members earn volunteer hours for attending meetings.,school-year,Monthly meetings for the school year; at least one meeting must be in person,closed-expect-reopen,Applications for the 2026-2027 school year are closed. The page does not say when the next application opens.,,unknown,False,Teens ages 14 to 18 who live in DeKalb County.,The page gives no application steps; check the library's Teens Get Involved page and volunteer page for the next cycle.,https://dekalblibrary.org/support-us/teens-get-involved,,fetched,2026-10-09,"Meeting dates were listed as coming soon. Members can miss a meeting by telling advisors through Slack or the pre-meeting survey. A search result also described a separate Teen Library Board Trustee seat, but that was not on the page read."
dekalb-summer-youth-employment-program,DeKalb Summer Youth Employment Program (DSYEP),DeKalb County Government and WorkSource DeKalb,"DeKalb County, GA",atlanta,paid-youth-program,any,16,21,,paid,$15 per hour in 2025,summer,About 4 weeks (June 2 to July 3 in 2025),unconfirmed,In 2025 registration ran Apr 10 to Apr 20 (11:59 p.m.). No 2026 or 2027 cycle was found on the county site.,,last-year-pattern,False,2025 rules: DeKalb County residents ages 16 to 21 who pass a drug screening and background check. Interns were picked by random lottery.,"In 2025, online registration at dekalbcountyga.gov/dsyep. That address now leads to a registration form marked no longer active. For help the 2025 county release listed the Workforce Development Manager at (470) 572-8229.",https://dekalbcountyga.gov/news/2025-04-12/dekalb-county-announces-2025-summer-youth-employment-program,,fetched,2026-10-09,"Confirm that a new cycle exists before planning around it. All dates, pay and rules here are from the 2025 county release. WorkSource DeKalb also lists youth ages 16 to 24 with barriers as a service group and sends people to ATLworks.org to check eligibility. Georgia requires a work permit only under 16, and this program starts at 16."
discovery-cube-oc-teen-volunteer,Discovery Cube Orange County Teen Volunteer,Discovery Cube Orange County,"Santa Ana, CA",orange-county,volunteer,science; education,15,,,unpaid,Unpaid. The page lists no fees.,year-round,At least one four-hour shift every 30 days. 60 hours of service before the Cube verifies your hours.,closed-expect-reopen,"Teen application is closed right now. The page says to check back on December 1, 2026 for winter/spring 2027 details.",,unknown,False,"The page gives one age rule: if you are 14, you may start the application process one month before your 15th birthday. No grade level is stated.","Online application form, a resume, a letter of recommendation, then an interview. The full application must be in before an interview is scheduled.",https://www.discoverycube.org/orange-county/teen-volunteer-oc,,fetched,2026-10-09,"Plan for the 60-hour minimum if you need verified service hours. Location: 2500 N Main Street, Santa Ana, CA 92705. Questions: volunteeroc@discoverycube.org."
djusd-internship-career-course,Internship and Career Development Course,Davis Joint Unified School District (CTE),"Davis, CA",davis; yolo,school-pathway,any; health; education; engineering; law-government; arts-media,,,high school (DJUSD students),unpaid-credit,Unpaid internships; course credit with evaluation and reflection required.,school-year,,year-round,No deadline posted. 2026-27 sites are listed now.,,unknown,False,Davis Joint Unified high school students. Some sites have priority rules (Dignity Health for Patient Care pathway students; Ford ACE for Transportation pathway students).,"Talk to your counselor or contact Internship Specialist Alexha Contreras (alcontreras@djusd.net, 530-757-5400 x170).",https://www.djusd.net/instruction/programs/CTE/student_c_t_e_opportunities,,fetched,2026-10-07,"Many other 2026-27 host sites are listed on the page; some have priority rules (Mercy General: Patient Care pathway students; Ford ACE: Transportation pathway students). Credit needs weekly meetings, an evaluation and a reflection. The page is written for DJUSD students."
dublin-lead-summer-program,Dublin L.E.A.D. Summer Program,"City of Dublin, Parks and Community Services","Dublin, CA",east-bay; alameda,leadership,education,,,Entering 7th grade or higher,fee-based,"Registration fee for the 2026 program: $119 for Dublin residents, $143 for non-residents. No wage is stated on the page.",summer,"The 2026 program ran June 8, 2026 to August 7, 2026. Participants are encouraged to help with recreation or aquatics programs for at least two weeks.",closed-expect-reopen,"The 2026 application is closed. The 2026 program ran June 8, 2026 to August 7, 2026. The 2027 dates are not posted.",,last-year-pattern,False,Teens entering 7th grade or higher. Complete the online application; staff review it and then tell you how to register. The page lists separate fees for Dublin residents and non-residents.,Complete the online application when it is open (closed for 2026). Staff review it and then tell you how to register at dublinrecguide.com. Questions: Dublin.Lead@dublin.ca.gov.,https://dublin.ca.gov/2896/Dublin-LEAD-Summer-Program,,fetched,2026-10-07,"This is a fee-based training and volunteer-style program run by the city, not a paid job. Families pay the registration fee; the city page does not say teens are paid. The page does not name a residency rule for applying. Shifts are not pre-assigned; participants pick their own shifts in the registration system."
dublin-youth-advisory-committee,Dublin Youth Advisory Committee (YAC),"City of Dublin, Parks and Community Services","Dublin, CA",east-bay; alameda,civic-government,law-government,,,Enrolled in middle school or high school,unpaid,Volunteer committee seat. No pay is stated on the city page.,school-year,One-year term. The 2026-27 members are listed for June 2026 to May 2027.,unconfirmed,The 2026-27 seats are filled (term June 2026 to May 2027). The city page we read does not post a recruitment date for the 2027-28 term.,,unknown,False,Must live in the City of Dublin and be enrolled in middle or high school (committee bylaws). The committee has 13 members and 3 alternates; at least 6 members must be high school students.,Not stated on the city page we read. Call Parks and Community Services at 925-556-4500 or use the contact link on the committee page to ask when the next recruitment opens.,https://dublin.ca.gov/87/Youth-Advisory-Committee,,fetched,2026-10-07,"Meets 7:00 pm, second Wednesday of the month, Dublin Senior Center, 7600 Amador Valley Blvd; July and August meet only as needed. Bylaws say members must stay enrolled in middle or high school, and a member is removed if they stop living in Dublin or stop being enrolled. Older (2020 and 2021) notices mention late-winter recruitment; that is last-cycle information and was not confirmed for 2027. Teens who want a seat should check the city page each spring."
duke-ceba-cell-biology-academy,Duke Cell Biology Academy (CeBA),Duke University Department of Cell Biology,"Durham, NC",triangle,research,science; health,15,,"Sophomore, junior or senior in 2026-27",stipend,"$2,400 awarded on completion of the program",summer,"6 weeks (2026: June 22 to July 31), about 9 am to 5 pm on site",closed-expect-reopen,"The page says Summer 2026 applications are closed and Summer 2027 applications will be accepted in January 2027. 2026 deadline: the flyer says March 20, 2026 and the FAQ says March 27, 2026 at 5 pm.",,last-year-pattern,,"High school sophomores, juniors and seniors in 2026-27 who are at least 15 by June 1, 2027 and from the Research Triangle area. Needs a Social Security Number or ITIN to receive the stipend. Students must provide their own transportation.",Online application plus a recommendation letter (links on the CeBA page). Applicants hear back in mid-April.,https://www.cellbio.duke.edu/education-and-training/cell-biology-academy-ceba,,fetched,2026-10-09,"The 2026 deadline is stated two ways (March 20 on the flyer, March 27 in the FAQ). The page says there is no housing or transportation help, so only local students are considered. The $2,400 is a completion award; whether a NC Youth Employment Certificate is needed was not stated."
duke-health-youth-symposium-healthcare-careers,Duke Health Youth Symposium on Healthcare Careers,Duke Health Volunteer Services (Duke Regional Hospital and Duke Raleigh Hospital),"Durham and Raleigh, NC",triangle,volunteer,health,16,17,High school,unpaid,,summer,2 days (2026: June 23-24 at Duke Regional in Durham; June 24-25 at Duke Raleigh Hospital),closed-expect-reopen,"2026 cycle: application opened 8 pm Friday April 10 and closed 8 pm Monday April 13, 2026; acceptance emails by May 1, 2026. 2027 dates not posted.",,last-year-pattern,False,High school students who are 16 or 17 (16 by June 24 in 2026). Students must attend both days at one site. Space is limited to 25 slots at each site.,Student completes the online application and a parent or guardian completes the Participation Agreement (both on Qualtrics links on the page). No late or incomplete submissions.,https://www.dukehealth.org/volunteer-services/duke-regional-junior-volunteer-program,,fetched,2026-10-09,"Both Duke pages are titled Junior Volunteer Program but describe this event for 2026. The application window was only 3 days, so watch the page in early April. Questions: DRHVolunteerServices@dm.duke.edu (Durham) or DRAH_VolunteerServices@dm.duke.edu (Raleigh). Duke University Hospital says it no longer offers a junior volunteer program for high school students."
duke-maryann-black-summer-internship,MaryAnn Black Summer Internship at Duke Health,"Duke Health and Duke Community Affairs, with Durham YouthWorks","Durham, NC",triangle,internship,health,14,24,,paid,Described as a paid internship. The pay amount is not stated on the pages read.,summer,"3 weeks (2026: July 6-24, Monday to Friday, 8:30 a.m. to 12:30 p.m.)",closed-expect-reopen,"2026 cycle: Durham YouthWorks application opened January 23 and closed February 21, 2026; orientation in March. 2027 dates not posted.",,last-year-pattern,True,"Durham City or Durham County residents between 14 and 24 as of June 30, 2026, per the Duke page. The Duke article describes participants as Durham-area high school students.","Submit the Durham YouthWorks application and select the healthcare category (link on the Duke Community Affairs page). Contact: Kimberly Monroe, kimberly.monroe@duke.edu.",https://community.duke.edu/our-focus-areas/health-nutrition-and-food-security/maryann-black-summer-internship/,,fetched,2026-10-09,"Applications go through Durham YouthWorks (City of Durham), whose own page could not be read (blocked). The article says about 50 students were planned for the latest class. North Carolina requires a Youth Employment Certificate for anyone under 18 who works; the employer starts that process."
duke-pre-college-programs-high-school,Duke Pre-College Programs (High School),"Duke University, Office of the Provost","Durham, NC",triangle,pre-college,any,14,,Current grades 9-12,fee-based,"2027 residential fee not yet posted (listed as TBD). Enrollment deposit: $500 before April 2, 2027, or $1,500 after April 1. Airport shuttle $45 each way; extra nights $120 each.",summer,Three sessions; dates to be announced in October 2026,unconfirmed,"No application deadline listed. Full payment is due 30 days before each session; immunization proof due June 1, 2027; full refund for cancellations before April 1, 2027.",,unknown,False,High school students in current grades 9 to 12 who are at least 14 to attend. (The page also lists middle school programs for grades 6-8.),Join the information request list on the Duke Pre-College page to be told when 2027 dates and courses open.,https://provost.duke.edu/pre-college-programs/,,fetched,2026-10-09,"Courses, session dates and fees for Summer 2027 were not posted on 2026-10-09. Check back after the October 2026 announcement."
durham-county-library-maker-steam-volunteers,Durham County Library Maker + STEAM Volunteers,"Durham County Library, Maker + STEAM Services","Durham, NC",triangle,volunteer,tech-cs; science,13,,,unpaid,,year-round,You choose hours per week on the form,rolling,"No deadline. Capacity is limited, so you may be put on a waitlist.",,rolling,False,"Applicants must be at least 13, or have a guardian's permission to fill out the form. The form lets you pick the age group you want to work with, including teens 13 to 18.","Complete the online volunteer form (skills, preferred age group, days and times, hours per week, emergency contact). Questions: Maker_STEAM@dconc.gov.",https://durhamcountylibrary.org/maker-steam-services/volunteer-with-maker-steam-services/,,fetched,2026-10-09,"Days offered are Monday to Saturday; time options are morning, afternoon or evening. The page does not describe a teen-only volunteer track."
durham-county-library-teen-volunteers,Durham County Library Teen Volunteers,Durham County Library,"Durham, NC",triangle,volunteer,education,,,6-12,unpaid,,year-round,"Ongoing, set with the branch",year-round,No deadline stated. Each branch decides whether it can host volunteers; availability is not guaranteed.,,rolling,False,The For Teens page says the program is for all tweens and teens in grades 6 to 12. The general volunteer page says all volunteers must be 14 or older.,Contact the teen librarian at your preferred branch. The general volunteer page also says to fill out the volunteer application form (PDF) and bring it to your nearest library.,https://durhamcountylibrary.org/for-teens/,,fetched,2026-10-09,"The two Durham County Library pages disagree on age: the teen page says grades 6 to 12, the general volunteer page says 14 or older. Ask the teen librarian which applies. The library says it cannot currently host court-mandated community service hours."
ebayc-volunteer-and-internships,EBAYC Volunteers and Student Internships,East Bay Asian Youth Center (EBAYC),"Oakland, CA",oakland,volunteer,social-impact; education,,,,unpaid,,year-round,,rolling,Not posted,,unknown,False,Not stated.,The home page links to a volunteer page on ebayc.org. Contact EBAYC directly.,https://www.ebayc.org,,snippet-only,2026-10-07,"The home page says it welcomes volunteers, volunteer groups and student internships but gives no ages, dates or pay. The volunteer page linked from it did not load (404) on Oct 7, 2026. Confirm the minimum age with EBAYC."
ebmud-high-school-summer-internship,EBMUD High School Summer Internship (HSSI),East Bay Municipal Utility District,"Oakland, CA and EBMUD service area",oakland; east-bay,internship,environment; engineering; science; trades,,,,stipend,Paid stipend (amount not posted),summer,"6 weeks, mid-June through August, about 16 hours a week",closed-expect-reopen,"2026 East Bay program: no direct applications, referrals from partner groups only. 2027 not posted.",,last-year-pattern,True,"High school students in the EBMUD service area. For 2026 the East Bay program took students referred by partner groups. The Maintenance track (Stockton) required age 16 by June 24, 2026.","In 2026 you could not apply to EBMUD directly for the East Bay program. Ask a partner to refer you: ACE Mentor, Biotech Partners, Eden Area ROP, Girls Inc. of Alameda County, Youth UpRising. Email internships@ebmud.com, (510) 287-0710.",https://www.ebmud.com/jobs/internship-and-training-programs,,fetched,2026-10-07,"Referral only in 2026. Separate Mokelumne programs (Fisheries in Lodi, Ranger in Valley Springs, Maintenance in Stockton) ran in 2026 with rolling review."
ebrpd-student-jobs,East Bay Regional Park District Youth and Student Jobs,East Bay Regional Park District,"Oakland, CA and parks across Alameda and Contra Costa counties",oakland; east-bay; berkeley,paid-youth-program,environment; sports; education,16,,,paid,Pay is not posted on the youth pages. See each job posting.,summer,Seasonal,closed-expect-reopen,"No jobs were posted on governmentjobs.com on Oct 7, 2026. Watch ebparks.org/jobs/youth and governmentjobs.com/careers/ebparks.",,unknown,True,Gate Attendant (high school pathway): at least 16 and completed 10th grade. Other jobs have their own rules; check each posting.,Apply on governmentjobs.com/careers/ebparks. HR: (510) 544-2154.,https://www.ebparks.org/jobs/youth,https://www.governmentjobs.com/careers/ebparks,fetched,2026-10-07,The 16 minimum is from the Gate Attendant page; other roles (for example lifeguard) may differ. The park district says it hires hundreds of seasonal students each year.
ecc-dual-credit,Elgin Community College Dual Credit,Elgin Community College,"Elgin, IL",chicago,school-pathway,any,,,Juniors and seniors,mixed,Accelerate College: no tuition for district-approved courses. Independent enrollment and Dual Enrollment: students are usually billed tuition. Career tech courses the district does not approve require tuition.,school-year,Per semester,unconfirmed,No deadline on the ECC page. Talk with your high school counselor about dates.,,unknown,False,"Students at participating schools: U-46 (Bartlett, Elgin, Larkin, South Elgin, Streamwood), District 300 (Dundee-Crown, Hampshire, Jacobs), District 301 (Burlington Central), District 303 (St. Charles East, St. Charles North, Compass Academy), Cambridge Lakes Charter and St. Edward Central Catholic. The tracks are for juniors, seniors, or juniors and seniors, depending on the track. Talk with your counselor.","Talk with your parents and your high school counselor first, then use the online Dual Credit application (Apply Now). Independent enrollment also needs approval from the ECC Dual Credit office. Contact: DualCredit@elgin.edu or 847-214-7887.",https://elgin.edu/dualcredit,,fetched,2026-10-09,"Accelerate College students may need to qualify for college-level courses and testing may be required. Each district publishes a Dual Credit Guide listing what its schools support. The ECC page also lists Upward Bound, Educational Talent Search and College and Career Readiness workshops."
ecc-upward-bound,Upward Bound at Elgin Community College,Elgin Community College,"Elgin, IL",chicago,school-pathway,any,,,9 to 12,unpaid,Free program. No stipend mentioned on the page.,year-round,Not stated on the page,unconfirmed,No deadline posted on the page.,,unknown,False,"Students in grades 9 to 12 at Dundee-Crown, Larkin or Streamwood High School who are U.S. citizens or permanent residents and are either potential first-generation college students or from a low-income household (U.S. Department of Education rules). If unsure, apply and staff will tell you if you qualify.","Student and parent or guardian complete the online Upward Bound application. Counselors and teachers can fill out the Student Recommendation Form. Contact: upwardbound@elgin.edu, 847-214-7253, Building K, Room K102, 1700 Spartan Drive, Elgin.",https://elgin.edu/community/college-transitions/upward-bound/,,fetched,2026-10-09,"Only for students at the three listed high schools. The page does not mention a summer part or a start date, so ask staff. A web search snippet suggested Elgin High School is also served, but the ECC page itself lists only the three above."
ecology-center-youth-environmental-academy,Youth Environmental Academy and Internships,Ecology Center,"Berkeley, CA (2530 San Pablo Ave)",berkeley,paid-youth-program,environment; social-impact,15,24,,paid,Paid; rate not posted,summer,8 weeks (summer) or 12 weeks (spring),unconfirmed,"No dates on the Ecology Center page. Berkeley YouthWorks listed a Winter 2027 interest form due Oct 30, 2026 and said Summer 2027 information comes in Feb 2027, but that page does not mention this academy.",,unknown,True,"Berkeley residents ages 15 to 24, recruited through Berkeley YouthWorks.",Apply through the City of Berkeley YouthWorks interest form (the Ecology Center sends you there). Contact alex@ecologycenter.org or 510-697-4808.,https://ecologycenter.org/youth-development/,https://berkeleyca.gov/youthworks,fetched,2026-10-07,Berkeley residents only. YouthWorks asks for an interest form and a 15 to 20 minute interview. Pay rate and exact academy dates are not posted.
eden-area-rop,Eden Area ROP (Regional Occupational Program),Eden Area ROP,"Hayward, CA",alameda; east-bay,school-pathway,education; food-hospitality; health; law-government; tech-cs; trades; business-finance,,,11 to 12,unpaid-credit,,school-year,Classes are held Monday to Friday; course length varies by class,year-round,Enroll through your home school counselor; the page gives no class start dates.,,unknown,False,"Juniors and seniors attending high school in the Castro Valley, Hayward, San Leandro or San Lorenzo Unified school districts.",Ask your home high school counselor to contact the Eden Area ROP career counselor at (510) 293-2973. Main office (510) 293-2900.,https://www.edenrop.org/high-school-programs,,fetched,2026-10-07,"Center is at 26316 Hesperian Blvd, Hayward. Cost, pay and ages are not stated on the page. Some pathways are offered only at certain high schools. Students outside the four districts are not listed as eligible. Work-based learning is mentioned (for example in education careers) but no formal internship structure is described."
edison-middlesex-college-high-school-scholars,"High School Scholars Program, Middlesex College",Middlesex College,"Edison, NJ",new-brunswick,school-pathway,any,15,,Grades 10 to 12,fee-based,"$150 per course plus textbooks for in-county residents; students from other counties, states or countries pay the out-of-county rate (not listed).",school-year,Courses of 3 to 4 credits; up to 8 credits per semester,rolling,No deadline listed on the page.,,rolling,False,Students in grades 10 to 12 who are at least 15 years old.,"Download the application and email it to k12partnerships@middlesexcollege.edu, or call 732-906-2554 to schedule a virtual appointment.",https://www.middlesexcollege.edu/admissions/high-school-dual-enrollment/,,fetched,2026-10-09,"Separate Dual Enrollment: in participating districts, college courses are taught at the high school. Ask your counselor."
edison-public-library-teen-advisory-board,"Teen Advisory Board (TAB), Edison Public Library",Edison Public Library,"Edison, NJ",new-brunswick,volunteer,education; any,13,18,,unpaid,Unpaid,year-round,Monthly meetings,year-round,"Monthly. The listing shows the next session as Wednesday, October 14, 7:00 to 8:30 p.m., Main Library Children's Room.",,unknown,False,Teens ages 13 to 18. Registration required.,"Register on the library event listing (registration required). Meetings alternate between the Main Library and the North Edison Branch; members may attend at either. Main Library: 340 Plainfield Avenue, Edison, 732-287-2298.",https://edisonpubliclibrary.libnet.info/event/11413712,,fetched,2026-10-09,"The page I read did not print a year for the October 14 session, and the library's own Young Adults page had no volunteer details. Confirm the meeting location when you register."
el-camino-health-junior-auxiliary,El Camino Health Junior Auxiliary,El Camino Health Auxiliary,"Mountain View and Los Gatos, CA",silicon-valley,volunteer,health,14,,Finished 8th grade,unpaid,Unpaid volunteer program; no cost stated on the page,year-round,At least 1 year,closed-expect-reopen,No application deadline posted. The page says to check back in mid-January 2027 for signup for the next Junior Application Seminar.,,unknown,False,"Age 14 or older and done with 8th grade. One-year minimum. Competitive, with limited spots. No summer-only option.","Attend the annual application seminar, then apply. Info on the El Camino Health junior volunteer page.",https://elcaminohealth.org/node/121266,,fetched,2026-10-07,Hospital does not offer summer-only or programs shorter than one year. Locations are Mountain View and Los Gatos. Spots are limited (earlier check).
elk-grove-youth-commission,Elk Grove Youth Commission,City of Elk Grove,"Elk Grove, CA",sacramento,civic-government,law-government; social-impact,,,,unpaid,,school-year,"Meets 2nd Tuesday, Sept to May, 6:00 pm, Elk Grove Council Chambers",closed-expect-reopen,"No open recruitment as of Oct 7, 2026. Seats are filled when openings come up, and the City posts a notice with a Youth Commission application.",,unknown,False,"Youth appointed by the Mayor with City Council approval (10 voting seats). The page does not list ages or grades. A city factsheet in search results reportedly said ages 13 to 18, grades 7 to 12, but that is unconfirmed. The City tries to balance seats by school and council district.","When a seat opens, use the Apply to the Youth Commission link (City Clerk vacancies page). Questions: youthcommission@elkgrove.gov or (916) 627-3254.",https://elkgrove.gov/commissions-and-committees/youth-commission,,snippet-only,2026-10-07,"Age and grade rules were not on the pages read, so confirm with the City before applying. Appointed seats, so competitive. Sign up for vacancy emails on elkgrove.gov to hear when a recruitment opens."
emory-healthcare-summer-volunteen,Summer VolunTEEN Program (Emory Healthcare),Emory Healthcare,"Atlanta, GA",atlanta,volunteer,health,16,18,,unpaid,Unpaid. No program fee stated on the page.,summer,"8 weeks (June 1 to July 24 in 2026), one shift per week, Monday to Thursday, at least 4 hours",closed-expect-reopen,"2026 cycle: application opened Feb 17 and closed Feb 27, 2026 (or earlier if full). 2027 dates not posted.",,last-year-pattern,False,"High school students ages 16 to 18 as of June 1 of the program year (June 1, 2026 on the current page).","Create a MyImpact account and complete the application, with student and parent signatures on four forms. Get a recommendation from a teacher or school counselor by the deadline and rank up to three hospital locations. Interview, health screening and orientation follow.",https://www.emoryhealthcare.org/about/volunteering/volunteen-program,,fetched,2026-10-09,"The window was only 10 days in 2026, so watch for the 2027 posting in early 2027. Space is limited and waitlists happen. Health screening includes a TB test and proof of chickenpox and measles immunity. No shadowing, internships or clinical hours."
emory-pre-college-program,Emory Pre-College Program,Emory University,"Atlanta, GA",atlanta,pre-college,any; science,,,Current sophomores and juniors,fee-based,"2026 prices: 2-week noncredit course $5,510 residential or $3,925 commuter; 3-week institute $8,264 residential; 4 weeks $11,020. $70 application fee. 2027 prices not posted.",summer,"2 to 6 weeks (2027 noncredit sessions June 13 to 26, June 27 to July 10, July 11 to 24)",closed-expect-reopen,"Applications for 2027 open in December 2026. Deadlines: noncredit sessions May 3, 2027; Pre-Med Institute Feb 1, 2027; credit Summer College April 20 and June 7, 2027.",2027-05-03,confirmed-2026-27,,High school students; the page says it serves current sophomores and juniors. Application needs transcript and recommendations.,"Choose a program and course, review costs, then start the online application (transcript, recommendations, $70 fee). After acceptance, complete the pre-arrival checklist and pay the $350 enrollment deposit.",https://precollege.emory.edu/index.html,,fetched,2026-10-09,"Expensive. The nearest deadline is the Pre-Med Institute on Feb 1, 2027 (deadline_iso shows the main May 3 date). Financial aid deadline was May 1 in 2026. Information sessions are in November and December 2026."
evergreen-valley-college-dual-enrollment,Evergreen Valley College Dual Enrollment and CCAP,Evergreen Valley College,"San Jose, CA",san-jose; silicon-valley,pre-college,any,,,,unpaid-credit,No enrollment fees for dual enrollment students; material fees are waived for CCAP students only,school-year,By semester,rolling,No deadline stated on the page.,,rolling,False,"California students without a high school diploma or GED, with approval from your school counselor or principal. Adult school students in GED programs can also join.","Submit the dual enrollment application, get your high school counselor or principal to approve, then enroll. Counseling: mycounselor@evc.edu, 408-270-6475.",https://www.evc.edu/programs-academics/academic-resources/dual-enrollment,,fetched,2026-10-07,"CCAP classes are closed cohort classes held at partner high schools, so ask your school if it has an agreement. The page does not state a grade or age rule. Textbook costs for non-CCAP students are not stated."
exploring-learning-for-life,Exploring (Learning for Life career posts),Exploring / Scouting America,California posts via local councils,statewide; national,shadowing,any; law-government; health; engineering,14,20,,unpaid,Unpaid. Fees are not stated on the site; ask the post.,year-round,Meets regularly,rolling,Rolling.,,rolling,False,The site lists Posts for ages 14 to 20 (and Clubs for ages 10 to 14). Whether you must be a Scout was not stated. Find a unit through the Council Locator.,Use the Council Locator on exploring.org or joinexploring.org to find a unit near you.,https://www.exploring.org/,,fetched,2026-10-07,"Exploring.org was only readable in part; fees, Scouting membership rules and California posts were not listed. The page names Learning for Life Corporation in its copyright line."
facciotti-lab-hs-internships,High School Internships (Facciotti Lab),UC Davis Biomedical Engineering (Facciotti Lab),"Davis, CA",davis; yolo,research,science; health; tech-cs,,,high school,unpaid,Pay not stated. Ask the lab.,year-round,,unconfirmed,No application process or dates posted.,,unknown,False,"Local high school students. Past interns came from Davis Senior High, Dixon High and Natomas Pacific Pathways Prep.",No application process is posted. Use the contact page on the Facciotti Lab site to email the lab with a short note about your interests.,https://facciotti.bme.ucdavis.edu/education/high-school-collaboration/,,fetched,2026-10-07,"Informal opportunity with no posted process, pay, dates or contact on that page. The lab names a partner teacher at Davis Senior High and lists one current intern, so openings may be rare."
fairfax-county-park-authority-lifeguard-jobs,Lifeguard jobs with free training,Fairfax County Park Authority,"Fairfax County, VA",fairfax,paid-youth-program,sports,15,,,paid,Weekday opening and midday shifts start at $15.00 per hour; weekday evenings and weekends range from $12.41 to $15.00 per hour. Training is free (listed as a $250 value).,year-round,Part-time; hours vary by Rec Center,rolling,Open positions posted on the page; no deadline stated. Training dates are shared at the interview.,,rolling,,"Applicants must be at least 15 at the start of the course. Must pass the lifeguard course and its swim prerequisites (swim 100 yards, retrieve a 10-pound brick, tread water without hands for one minute) and a criminal background check. No prior certification needed.","Fill out the online form on the Park Authority Aquatic Certification page, then interview. Questions: FCPAJOBS@Fairfaxcounty.gov.",https://www.fairfaxcounty.gov/parks/reccenter/aquatic-certification,,fetched,2026-10-09,Employment is contingent on passing the course. Virginia rule (Virginia Department of Labor and Industry): 14 and 15 year olds need an Employment Certificate before working; the page read does not list a certificate for 16 and 17 year olds.
fairfax-county-public-library-youth-volunteers,Fairfax County Public Library volunteering (youth 12 and up),Fairfax County Public Library,"Fairfax County, VA",fairfax,volunteer,education,12,,,unpaid,Unpaid.,year-round,,year-round,No deadline stated.,,rolling,False,"The library's volunteer guide is for adults, youth ages 12 and over, corporate groups, and people who need to fulfill a service requirement.",Contact the volunteer coordinator for your branch (the guide lists names and phone numbers) or use the Volunteer Login link in the library's volunteering guide.,https://research.fairfaxcounty.gov/volunteer,,fetched,2026-10-09,"The guide does not spell out the sign-up steps for teens, so call your branch coordinator first. Unpaid volunteering, so no work permit."
fermilab-prism,"Fermilab PRISM (Program for Research, Innovation, and STEM Mentorship)",Fermilab,"Batavia, IL (Fermilab)",illinois; chicago,internship,science; engineering; tech-cs,,,Rising high school senior (senior in 2027-28) or 2027 high school graduate,stipend,$500 per week stipend. Housing is not provided; transportation assistance is available.,summer,"4 weeks, July 12 to Aug 6, 2027",opens-soon,"Applications open Jan 12, 2027 and close Mar 1, 2027 (recommendation letter also due Mar 1). Offers Apr 12, 2027; accept by Apr 21, 2027.",2027-03-01,confirmed-2026-27,,Illinois high school students who will be seniors in 2027-28 or who graduate in 2027. Must be a U.S. citizen and have proof of medical insurance. No STEM prerequisites. Age and GPA are not stated.,"Online application in Fermilab's Workday portal, a supplemental questionnaire, a PDF list of your STEM courses uploaded in the Resume section, and one letter from a STEM teacher or STEM club advisor. You cannot upload missing items after you submit.",https://internships.fnal.gov/fermilab-program-for-research-innovation-and-stem-mentorship-prism/,https://fermilab.wd5.myworkdayjobs.com/en-US/FermilabCareers,fetched,2026-10-09,"The apply link only works during the application window. Recommenders get an email upload link that is sent only on weekdays during business hours, so line up your letter writer early. A walkthrough video is on the program page."
fermilab-valor-jrotc,Fermilab VALOR JROTC Summer Internship,Fermilab,"Batavia, IL (Fermilab)",illinois; chicago,internship,engineering; trades,,,"Illinois JROTC high school junior, senior or recent graduate",paid,$18 per hour. No onsite housing or transportation reimbursement.,summer,"6 weeks, June 28 to Aug 6, 2027",open-now,"Applications opened Oct 5, 2026 and close Feb 5, 2027. Offers Mar 15, 2027; accept by Mar 22, 2027.",2027-02-05,confirmed-2026-27,,"Enrolled in an Illinois high school JROTC program, and an Illinois high school junior, senior or recent graduate when you apply. Must be eligible to work in the U.S.","Online application in Fermilab's Workday portal with an unofficial transcript, a resume and three short essay answers (under 200 words each). Then give contact info for one recommendation writer; the letter is due by the close date. Questions: Internships@fnal.gov.",https://internships.fnal.gov/valor-jrotc/,https://fermilab.wd5.myworkdayjobs.com/en-US/FermilabCareers,fetched,2026-10-09,"Only for cadets in an Illinois JROTC program. You cannot upload missing items after you submit, so gather everything first. Reference emails go out only on weekdays during business hours."
fernbank-youth-interpreters,Fernbank Youth Interpreters (FYI) Volunteer Program,Fernbank Museum of Natural History,"Atlanta, GA",atlanta,volunteer,science; education; environment,13,17,,unpaid,"Unpaid. One-time $50 fee after acceptance, which can be waived for those who qualify.",year-round,"One year, June 1 to May 31, at least 45 hours",closed-expect-reopen,2026-27 applications are closed. The museum expects to post information on the 2027-28 program in February 2027.,,unknown,False,Teens at least 13 by September 1 and no older than 17 by June 1. Volunteers who turn 18 during the year may finish it.,"Submit an online application, an essay written by the teen, and two reference forms. Selected applicants are invited to interview. Contact: FYI@FernbankMuseum.org or 404-929-6360.",https://fernbankmuseum.org/support/volunteer/fyi-volunteers/,,fetched,2026-10-09,Described as very competitive; teens who are not accepted are encouraged to reapply the next year.
folsom-trailblazers-n-training,Trailblazers -N- Training,City of Folsom Parks and Recreation,"Folsom, CA",sacramento,leadership,education; sports,13,15,,unpaid,Fee not stated in the news post.,summer,"8 weekly sessions (2026: June 8 to July 31, Mon to Fri 8:30 to 4:00)",closed-expect-reopen,"2026 post went up May 22, 2026. 2027 dates not posted yet.",,last-year-pattern,False,Ages 13 to 15. Space is limited. Register in WebTrac.,Register through Folsom WebTrac.,https://www.folsom.ca.us/Home/Components/News/News/4524/211,,fetched,2026-10-07,"Source is the city's May 22, 2026 news post, which does not list a fee or the 2027 dates. Held at Oak Chan Elementary School. Check the Folsom Parks and Recreation site and WebTrac in spring 2027."
foothill-college-high-school-dual-enrollment,Foothill College High School Dual Enrollment,Foothill College,"Los Altos Hills and Sunnyvale, CA",peninsula; silicon-valley,school-pathway,any,,,9 to 12,unpaid-credit,"No cost up to 11 units in a regular quarter (6 in summer), counting Foothill and De Anza together. Textbooks and other fees are not covered.",school-year,One quarter at a time,rolling,No single deadline stated. Submit the form before you register each quarter.,,rolling,False,"Any current high school student in grades 9 to 12. Apply to Foothill, then submit the Special Admit form signed by a parent or guardian and your high school principal or administrator. Meet course prerequisites; talk to your high school counselor.","Apply for admission to Foothill, submit the Special Admit form (parent and principal signatures, plus an unofficial transcript if asked), register, and pay any fees. Admissions: (650) 949-7325.",https://foothill.edu/high-school/,,fetched,2026-10-07,"Foothill can give a free Clipper SmartPass for VTA buses and light rail. Undocumented students are welcome. Grades go on your permanent college record, and your parents cannot see college records. Partner-district options also exist: Middle College, College Now! (MVLA), Firebird Academy (Fremont Union)."
forage-job-simulations,Forage Virtual Job Simulations,Forage,Virtual,virtual; national,virtual,business-finance; tech-cs; law-government; any,,,,unpaid,Free,year-round,"Self-paced, usually a few hours",year-round,Always open.,,rolling,False,"Open access and free. The page does not state an age minimum, so check the terms and the Minors privacy notice.",Create a free account and pick a simulation at theforage.com.,https://www.theforage.com/,,fetched,2026-10-07,"Good for a resume line, but it is not a job or an internship. The page has no age minimum and links a privacy notice for minors, so read the terms and ask a parent before signing up."
franklin-park-conservatory-teen-corps,Teen Corps,Franklin Park Conservatory and Botanical Gardens,"Columbus, OH",columbus,paid-youth-program,environment; education,,,,stipend,Stipend (amount not stated),summer,Summer program; length not stated,closed-expect-reopen,Applications for 2026 Teen Corps are closed. 2027 dates are not posted.,,last-year-pattern,,Eligible local teens. The page does not state the age range or other rules.,Apply through the Teen Corps page when it reopens. Contact the Teen Corps Coordinator through the page.,https://www.fpconservatory.org/education-programs/outreach-programs/teen-corps/,,fetched,2026-10-09,"Run on a community garden and the Conservatory's Farmers Market. Ages, stipend amount and dates are not on the page, so ask the coordinator."
franklin-park-conservatory-volunteer,Conservatory Volunteer Program (age 15+),Franklin Park Conservatory and Botanical Gardens,"Columbus, OH",columbus,volunteer,environment; education,15,,,unpaid,Unpaid volunteer,year-round,"No minimum hours; weekly, monthly or seasonal",year-round,Opportunities are available year-round. No deadline is posted.,,rolling,False,"Volunteers must be at least 15 years old and complete an application, a background check and an orientation.","Fill out the online volunteer application, then complete the background check and orientation.",https://www.fpconservatory.org/get-involved/volunteer/,,fetched,2026-10-09,Some outdoor roles run March to November and the Children's Garden runs April to October.
fremont-unified-cte,Fremont Unified Career and Technical Education,Fremont Unified School District,"Fremont, CA",fremont; east-bay; alameda,school-pathway,tech-cs; arts-media; business-finance; engineering; health,,,6 to 12,unpaid-credit,Not stated on the page,school-year,,year-round,No dates stated. Choose courses at your school.,,unknown,False,Students at Fremont Unified middle and high schools. The page says limited English is not a barrier to joining career and technical education programs.,"The page gives no sign-up steps. Ask your school counselor or principal, or contact Leslie Heller, Director of Secondary Education, (510) 659-2513.",https://fremontunified.org/about/instructional-services/secondary-education/career-and-technical-education-cte/,,fetched,2026-10-07,"The page is general: 15 industry sectors and 58 career pathways, and it does not list internship partners or work-based learning. Ask your counselor which pathways your school offers."
fremont-youth-advisory-commission,Fremont Youth Advisory Commission,City of Fremont,"Fremont, CA",fremont; east-bay; alameda,civic-government,law-government; social-impact,,,,unpaid,,school-year,,unconfirmed,The page does not say when applications open.,,unknown,False,"The page does not state ages, grades or residency rules. Ask the Recreation Division.",The page does not explain how to apply. Call the Recreation Division at 510-494-4300.,https://www.fremont.gov/government/departments/city-clerk/boards-commissions-committees/youth-advisory-commission,,fetched,2026-10-09,"Meets 6:30 to 8:30 p.m. on the first Monday of each month except July and August, at City Hall, 3300 Capitol Ave. The page lists 12 members."
fulton-county-library-teen-volunteers,Teen Volunteers (Fulton County Library System),Fulton County Library System (Atlanta-Fulton Public Library),"Atlanta and Fulton County, GA",atlanta,volunteer,education; any,,,,unpaid,Unpaid,year-round,1 to 2 hour shifts after orientation,rolling,"Applications are always accepted, but most projects are full and most locations have a waitlist.",,rolling,False,"Youth under 18 may apply with a parent or guardian signature. The page does not state a minimum age, so ask Volunteer Services.","Under 18: download and print the PDF application, sign it, get a parent or guardian signature, and return it to Volunteer Services by email, mail, fax or drop-off. Then attend orientation. Email vol.services@fultoncountyga.gov or call 404-613-0125.",https://fulcolibrary.org/volunteer-at-fcls,,fetched,2026-10-09,"The page says the library is currently on hold for community service hour requirements, so students who need school hours must contact Volunteer Services early. Teen Advisory Boards exist at some branches; ask the Youth Services Librarian. Library Systems for DeKalb and Cobb counties are separate."
fulton-county-schools-work-based-learning,"Work-Based Learning, Fulton County Schools",Fulton County Schools,"Fulton County, GA",atlanta,school-pathway,any,16,,11-12,mixed,School credit. The district page does not state pay. The state says internships may be paid or unpaid and co-ops and apprenticeships are paid.,school-year,Per school term,unconfirmed,No dates are posted on the district page. Ask your school's Work-Based Learning coordinator for the application window.,,unknown,False,"Fulton County Schools students who are at least 16, in 11th or 12th grade, and following a defined career pathway. Individual schools may add rules. Students in Atlanta Public Schools use their own district.","Print and finish the WBL Interest Form and give it to your school's WBL coordinator. Students who meet the requirements are issued an application. Grades, attendance, discipline and related coursework are reviewed. You must follow up on job leads yourself.",https://www.fultonschools.org/all-departments/academics/learning-teaching/academic-programs/ctae/work-based-learning,,fetched,2026-10-09,"District contact listed on the page: Leslie McHann, 470-254-0466. Georgia requires a work permit only under 16, and this program starts at 16."
gail-borden-teen-volunteers,Teen Volunteers at Gail Borden Public Library,Gail Borden Public Library District,"Elgin, IL",chicago,volunteer,any; education; arts-media,,,6 to 12,unpaid,Unpaid,year-round,"Short sessions, about 1 hour each; you pick the ones you want",year-round,"No deadline posted. A teen volunteer orientation is listed for Sunday, Oct 18, 1:00 to 1:30 PM at the Main Library Conference Room (the page does not print the year; Oct 18 is a Sunday in 2026).",,rolling,False,"Teens in grades 6 to 12. Bring an ID (school ID, driver's license or library card).",1) Fill out the online teen volunteer application. 2) Register for a one-time Teen Volunteer Orientation. 3) Sign up for open sessions on the teen volunteer calendar. Cancel at least 24 hours ahead.,https://www.gailborden.info/teens/volunteer,,fetched,2026-10-09,"Grade 6 is under 13, so younger readers should ask about their grade. The library's Elgin Teens page also describes Studio 270, a high school teen space at 270 N. Grove Ave. (homework help, college readiness, job hunting help; phone 847-695-7577), but parts of that page look out of date, so call first. The volunteer page lists a contact email that is hidden in the page text; use the library's Contact Us page."
gcps-work-based-learning,"Work-Based Learning (Internships), Gwinnett County Public Schools",Gwinnett County Public Schools,"Gwinnett County, GA",atlanta,school-pathway,any,16,,11-12,mixed,School credit. The GCPS page does not state pay. The state says internships may be paid or unpaid and co-ops and apprenticeships are paid.,school-year,One semester at a time as a school elective,unconfirmed,No dates are posted on the district page. Forms go to your school's Work-Based Learning coordinator; ask when the next semester deadline is.,,unknown,False,"Gwinnett County Public Schools juniors and seniors who are 16 by September 1 and have coursework that matches their career choice. The school reviews grades, attendance and discipline.","Apply through your school's Work-Based Learning coordinator. Forms: electronic agreement, WBL application, recommendation form and job site information form. Forms are uploaded in the WBL class when the semester starts. Apprenticeships need a post-high-school plan.",https://www.gcpsk12.org/programs-and-services/college-and-career-development/academies-and-career-technical-and-agricultural-education/work-based-learning-internships,,fetched,2026-10-09,"No home-office or private-residence placements. The program cannot guarantee a job. Georgia requires a work permit only under 16, and this program starts at 16."
genesys-works-bay-area,Genesys Works Bay Area Internship Program,Genesys Works Bay Area,"Oakland, CA (1721 Broadway)",east-bay; national; oakland; san-francisco; san-jose; silicon-valley,internship,business-finance; tech-cs,,,Rising seniors (going into 12th grade),paid,Paid internship; hourly rate not posted (the page only lists total interns' wages),year-round,"8 weeks of training, then a school-year internship",unconfirmed,"No dates posted. Applicants get an interview, then summer skills training.",,unknown,True,Motivated rising high school seniors enrolled at a Genesys Works partner school. The Bay Area page says 100% of its students qualify for free or reduced lunch. No GPA is stated.,"Fill out the online application, then interview if accepted, then get summer training details. Phone 415-442-0280, email gwba@ba.genesysworks.org.",https://www.genesysworks.org/bay-area,,fetched,2026-10-07,"You must attend a partner school, and the lists of schools and counties were not on the pages read. Ask them whether your school is a partner. No 2027 dates or deadline are posted. Interns work for pay, so a California work permit applies if you are under 18."
geneva-library-volunteens,Volunteens at Geneva Public Library,Geneva Public Library District,"Geneva, IL",chicago,volunteer,any; education,,,6 to 12,unpaid,Unpaid,school-year,"Fall 2026 session: Sept 14 to Dec 4, 2026",rolling,"Fall 2026 session runs Sept 14 to Dec 4, 2026. No registration deadline is listed. Dates for the next session are not posted.",,unknown,False,Geneva Public Library patrons in grades 6 to 12.,"Register as a Volunteen using the sign-up form on the page. Contact: geneva.library@gpld.org or (630) 232-0780, 227 S. Seventh St., Geneva.",https://gpld.org/volunteens,,fetched,2026-10-09,Service hours are flexible and are not listed as a set number. The page does not describe the registration steps beyond the sign-up form.
georgia-aquarium-teen-volunteer-program,Teen Volunteer Program (Georgia Aquarium),Georgia Aquarium,"Atlanta, GA",atlanta,volunteer,environment; science; education,15,17,,unpaid,"Unpaid. $45 administrative fee (check or money order) once accepted. Perks: volunteer pass, free parking on shifts, 5 one-time daily tickets after finishing.",year-round,"4 months per session: Spring (Jan to Apr) 60 hours, Summer (May to Aug) 80 hours, Fall (Sep to Dec) 60 hours",closed-expect-reopen,"Spring 2027 session starts onboarding with information sessions in October 2026; dates not posted yet. The 2026 summer/fall cycle on the page: info sessions in July, application deadline Aug 1, interviews Aug 16, orientation Sept 12.",,unknown,False,High school or home school students ages 15 to 17 at the time of application. Teens need their own transportation and a parent or guardian must join the info session.,"Register for one mandatory virtual information session (email volunteer@georgiaaquarium.org or use the page's Contact Us interest form). A parent or guardian must attend with the teen. If chosen, attend a group interview. Bring birth certificate and photo ID.",https://www.georgiaaquarium.org/booking/teen-volunteer-program/,,fetched,2026-10-09,"Not every applicant gets an interview. No behind-the-scenes roles for teens and no court-ordered or school service hours. The page lists the group interview as both three hours and four hours, and its weekday names for the 2026 dates do not match the calendar, so confirm exact dates with the Aquarium. Last-year dates are shown for reference only."
georgia-tech-gtae-step,"STEP: Science, Technology and Engineering Program (Georgia Tech Aerospace Engineering)",Georgia Tech Daniel Guggenheim School of Aerospace Engineering,"Atlanta, GA",atlanta; georgia,internship,engineering; science,16,,,unpaid,Free to students (funded by industry donors). No stipend stated. Students provide their own daily transportation.,summer,2-week day program (not residential); Atlanta session July 6 to 17 in 2026,closed-expect-reopen,2027 dates not posted.,,last-year-pattern,,Georgia residents who are at least 16 years old by the program start. Space is limited.,Complete the online application on the STEP page before the deadline. Questions: outreach@ae.gatech.edu.,https://gasgc.org/wp/gtae-step/,,fetched,2026-10-09,Read on the Georgia Space Grant Consortium page that hosts the STEP information; the Georgia Tech Aerospace page itself returned a 403 block. Other sessions listed for 2026 were in Augusta and Albany.
georgia-work-based-learning-gadoe,Georgia Work-Based Learning (including Youth Apprenticeship),"Georgia Department of Education, Career, Technical and Agricultural Education",Georgia (through your high school),georgia,school-pathway,any,,,,mixed,Co-op and Youth Apprenticeship are paid work-site experiences. Internships may be paid or unpaid.,school-year,Varies by option. An Employability Skill Development placement can last up to one school year.,rolling,Set by each school or district. No state dates are posted.,,unknown,,"High school students, through their own school's Work-Based Learning coordinator. The state page lists no age or grade rules. Districts set their own (Gwinnett, Fulton County and Cobb above say juniors and seniors age 16 or older).",Ask your school's Work-Based Learning coordinator or counselor. Internships can happen only after coursework related to the placement. Co-op students must be enrolled in a course directly related to the job.,https://gadoe.org/ctae/work-based-learning/,,fetched,2026-10-09,Youth Apprenticeship in Georgia is run through the Department of Education and local schools. The Georgia Department of Labor youth page covers work permits and child labor rules only. Georgia Work Ready was not researched. Georgia requires a work permit for students under 16 (see the Georgia Department of Labor work permit page).
getty-teen-gallery-guides,Teen Gallery Guides @ Getty,J. Paul Getty Museum (Getty Center and Getty Villa),"Los Angeles, CA",los-angeles,internship,arts-media; education,16,,10-11 (rising juniors and seniors),stipend,Every intern gets a stipend after finishing the program. Amount not stated. Lunch and transportation to the Getty sites are provided.,summer,Mid-June to early August; interns commit to all program days,closed-expect-reopen,The page says the application window typically opens in early February each year. Exact 2027 dates are not posted.,,last-year-pattern,,"Sophomores and juniors currently enrolled in high school in Los Angeles County, who are at least 16 when the program starts and live within 25 miles of the Getty Center.",Apply online when the window opens in early February. Questions: gettyteens@getty.edu.,https://www.getty.edu/education/teen-programs/teen-gallery-guides/,,fetched,2026-10-09,"Supported by the Vera R. Campbell Foundation. The page calls it a paid summer internship but says only that interns receive a stipend, so ask whether a California work permit is needed."
girls-inc-alameda-county-high-school,Girls Inc. of Alameda County High School Programs,Girls Inc. of Alameda County,"Oakland, CA (and Cal State East Bay, Hayward)",oakland; east-bay,leadership,tech-cs; any,,,9 to 12,mixed,Programs are free to families; internships are paid (rate not posted),year-round,,unconfirmed,Not posted. Contact Girls Inc.,,unknown,True,Girls and young women in grades 9 to 12. Programs run at the Simpson Center in Oakland (year-round) and Cal State East Bay in Hayward (summer).,"Use the Contact Us page at girlsinc-alameda.org. Office: 510 16th St, Oakland. The site does not list application steps.",https://www.girlsinc-alameda.org/what-we-do,,fetched,2026-10-07,"Code the Game is a six week program (the page mentions a fall offering). Internship pay, hours and ages are not posted."
girls-who-code,Girls Who Code Clubs and Pathways,Girls Who Code,Virtual and in-person,national; virtual,pre-college,tech-cs,,,Clubs: grades 3 to 12 (split 3 to 5 and 6 to 12). Pathways: high school.,unpaid,Free,year-round,1 to 2 hours per week for Clubs,year-round,Ongoing.,,rolling,False,"Aimed at girls and young women in tech. The page does not spell out the rule for other genders, so ask. Clubs meet 1 to 2 hours a week; Pathways is virtual and self-paced.",Use Get Started on girlswhocode.com/programs to find a Club or begin Pathways.,https://www.girlswhocode.com/programs,,fetched,2026-10-07,The page lists no cohort dates. A separate program for ages 18 to 25 also exists.
gmu-aspiring-scientists-summer-internship-program,Aspiring Scientists Summer Internship Program (ASSIP),"George Mason University, College of Science","Fairfax, VA",fairfax,research,science; engineering; tech-cs,15,,,fee-based,"$25 application fee and, if offered an internship, $1,299 tuition for 3 undergraduate credits. Both can be waived with demonstrated financial need.",summer,"8 weeks, full time (Jun 18 to Aug 12 in 2026)",closed-expect-reopen,The 2026 ASSIP Application is now closed. The page posts no date for the 2027 cycle.,,last-year-pattern,False,"High school and undergraduate students. Minimum age 15 by Jun 18, 2026 for remote or computer-lab internships and 16 for in-person wet-lab internships. No minimum GPA; transcripts are not requested.",Online application with a personal statement; interested mentors interview strong candidates and offers go out in early April. Request a fee waiver code from cosassip@gmu.edu if needed.,https://science.gmu.edu/assip,https://science.gmu.edu/assip/how-apply,fetched,2026-10-09,"Labs are at the Fairfax campus, the Science and Technology Campus in Manassas, or Woodbridge; students arrange their own transportation and campus housing cannot be arranged for minors. This is a paid-by-the-student internship, not a job, so no work permit."
habitat-east-bay-silicon-valley-volunteer,Habitat for Humanity East Bay / Silicon Valley: Volunteer,Habitat for Humanity East Bay/Silicon Valley,"Oakland / Fremont / San Jose, CA",alameda; east-bay; oakland; silicon-valley,volunteer,social-impact; trades,16,,,unpaid,No volunteer fee mentioned on the page,year-round,,year-round,Ongoing. No sign-up deadline stated.,,rolling,False,"Age 16 and up for construction sites, even with a parent or guardian. Ages 16 to 18 bring a signed minor waiver. Age 15 and under can help with fundraising, flyers or lunch for site volunteers.",The page gives no online sign-up link; there is usually a volunteer kiosk on site. Call 866-450-4432 or email Volunteer@HabitatEBSV.org. Groups of 5 or more use the group pages.,https://www.habitatebsv.org/volunteer/,,fetched,2026-10-07,Hands-on building experience for age 16 and up. Specific build sites were not listed on the page; ask which are near you.
habitat-greater-sacramento-volunteers,Habitat for Humanity Greater Sacramento: Individual Volunteers (Construction and ReStore),Habitat for Humanity of Greater Sacramento,"Sacramento area, CA",sacramento,volunteer,trades; social-impact,16,,10 to 12,unpaid,,year-round,Shifts Tue to Sat (times not listed),rolling,Rolling. Sign up for shifts after orientation.,,rolling,False,At least 16 to volunteer on a job site. The page lists no age minimum for the ReStore and no special rules for 16 and 17 year olds. No experience needed.,"Make a VolunteerHub account (sachabitat.volunteerhub.com), register for and attend a one hour HabiTour orientation, then sign up for shifts. Email volunteers@habitatgreatersac.org or call (916) 440-1215.",https://habitatgreatersac.org/get-involved/individual-volunteer-opportunities/,,fetched,2026-10-07,"Ask whether under-18 volunteers need a parent signature or waiver, since the page does not say. Group volunteering contact: gcabral@habitatgreatersac.org. Office: 819 North 10th St, Sacramento."
hack-club,Hack Club,Hack Club,Virtual and school clubs,national; virtual,virtual,tech-cs,13,18,,unpaid,Free,year-round,Ongoing,year-round,Join anytime.,,rolling,False,Teens ages 13 to 18. Free forever for teenagers.,Join through hackclub.com and find or start a club.,https://hackclub.com/,,fetched,2026-10-07,"Free for teens. The page lists about 1,500 clubs and events such as game jams and a hardware hackathon in San Francisco."
hacktoberfest-2026,Hacktoberfest 2026,MLH and DEV,Virtual and local events,virtual,virtual,tech-cs,,,,unpaid,Free,fall,All of October 2026,event,Runs through October 2026; sign in with MyMLH.,,confirmed-2026-27,False,"Open to everyone. The page does not state an age limit. In 2026, pull requests no longer count toward rewards.","Sign in on hacktoberfest.com with MyMLH, or register for a local fest.",https://hacktoberfest.com/,,fetched,2026-10-07,"The page states no age limit; check each local fest for age rules. Pull requests no longer count toward rewards in 2026. Earn three stickers to get a sticker pack by mail, and you must sign in with MyMLH and give an address."
handson-tomorrow-youth-volunteering,HandsOn Bay Area Youth Volunteering (HandsOn Tomorrow paused),HandsOn Bay Area,"Bay Area, CA",east-bay; peninsula; san-francisco; silicon-valley,leadership,any; social-impact,,,High school (for HandsOn Tomorrow and the Youth Council),unpaid,No cost or pay stated on the pages,year-round,Monthly projects; HandsOn Tomorrow was 2 weeks,rolling,Monthly projects: sign up on the Community Calendar. HandsOn Tomorrow will not run in summer 2026 and no later dates are posted.,,rolling,False,Monthly projects: filter the calendar by age to see which are open to you. HandsOn Tomorrow and the Youth Volunteer Council are for Bay Area high school students; the Council requires finishing HandsOn Tomorrow first.,Use the Community Calendar at handsonbayarea.org/calendar and filter by age. Email info@handsonbayarea.org or call 415-541-9616.,https://www.handsonbayarea.org/youth,,fetched,2026-10-07,"HandsOn Tomorrow, a 2-week summer program (up to 40 hours), is paused and is not running in summer 2026. The Youth Volunteer Council needs HandsOn Tomorrow first, so for now the monthly calendar projects are the way in. Age limits vary by project."
happy-hollow-zooteen,ZooTeen Program at Happy Hollow Park and Zoo,Happy Hollow Park and Zoo (City of San Jose),"San Jose, CA",silicon-valley; san-jose,volunteer,environment; science; education,14,17,,unpaid,Unpaid; no cost stated on the page,year-round,At least 48 hours a year (about 4 hours a month),rolling,"Applications are accepted year-round and reviewed seasonally. The last orientation listed on the page was Oct 18, 2025 (old); no 2026-27 date is posted.",,rolling,False,"Ages 14 to 17. Animal handling, public speaking or working-with-children experience helps but is not required.","Download the volunteer application, write a 1-page cover letter about your interests and goals, and send both by mail, email, fax or in person to 1300 Senter Road, San Jose. Selected applicants interview. Phone (408) 794-6425.",https://happyhollow.org/support/volunteer/,,fetched,2026-10-07,"Minimum 48 hours a year (about 4 hours a month). Not everyone is picked, but you can reapply the next season."
hayward-area-recreation-park-district-volunteers,H.A.R.D. Volunteer Program (Hayward Area Recreation and Park District),Hayward Area Recreation and Park District (H.A.R.D.),"Hayward, CA",east-bay; alameda,volunteer,social-impact,12,,,unpaid,,year-round,"One-time events, or service projects that run 6 months or longer.",rolling,Opportunities are posted throughout the year. No closing date is stated on the page.,,rolling,False,"Ages 12 and up. Some jobs have their own age rules, listed on each opportunity. Volunteers under 18 need a parent or guardian to sign the volunteer agreement.","Create a volunteer profile, then register for a one-time event or submit an interest form for a service project. Service projects need a background check and TB risk assessment before starting.",https://www.haywardrec.org/183/Volunteer,,fetched,2026-10-07,"This page lists many volunteer roles, not one program, so each role's own age rule applies. Verification of service hours is emailed on request. Volunteers with court orders should follow the district process (info@haywardrec.org)."
hayward-public-library-teen-volunteers,Hayward Public Library Teen Volunteer Opportunities,Hayward Public Library (City of Hayward),"Hayward, CA",east-bay; alameda,volunteer,education,13,17,,unpaid,,school-year,Flexible. Volunteers sign up for 1-hour shifts.,rolling,Applications are accepted during the school year. No closing date is stated on the page.,,rolling,False,Teens ages 13 to 17. Library service hours cannot be used for community service required by a judge or court.,Use the APPLY TO VOLUNTEER online interest form linked from the library page. Questions go to hpl.teens@hayward-ca.gov.,https://www.hayward-ca.gov/public-library/get-involved/volunteer-opportunities-teens,,fetched,2026-10-07,"The page says the roles are subject to change, so check the online interest form for current openings. The Just for Teens page describes its events for grades 9-12, while the volunteer page says ages 13-17; the volunteer page is the one used here. An older 2023 city notice describes a monthly Teen Advisory Group meeting (1st Wednesday, Downtown Library, ages 13-17, no commitment). That notice was not re-checked for 2026, so ask hpl.teens@hayward-ca.gov whether it still meets."
hayward-youth-commission,Hayward Youth Commission,City of Hayward (City Clerk's Office),"Hayward, CA",east-bay; alameda,leadership,law-government,13,20,,unpaid,,school-year,"Meetings at Hayward City Hall on the second Monday of each month, September to June, except holidays. The 2021 notice said two-year terms.",closed-expect-reopen,"2025 cycle: applications due Friday, May 9, 2025. Interviews were on Friday, May 30, 2025. No 2026 cycle was found.",,last-year-pattern,False,Students ages 13 to 20 who live in the City of Hayward or within the Hayward Unified School District boundaries. Applicants under 18 need a parent or guardian consent form.,"Get the application and the Parent Agreement and Contact Information form from the City of Hayward website, or call the City Clerk at (510) 583-4400, 8 a.m. to 5 p.m. weekdays. Applicants are interviewed by a panel.",https://hayward-ca.gov/discover/news/apr25/application-period-open-hayward-youth-commission,,fetched,2026-10-07,"The official Youth Commission page returned 404. The newest notice read is from April 2025. The 2021 notice said meetings were on the first and third Mondays, so the meeting schedule may have changed. Confirm the 2026 cycle with the City Clerk before applying."
hennepin-county-library-steam-squad,STEAM Squad teen internship,Hennepin County Library,"Minneapolis area, MN",twin-cities,internship,education; science; tech-cs,16,18,"Sophomore, junior or senior",paid,Described as a hired position; the pay rate is not stated on the page,year-round,"Year-round (summer and school year), about 6 hours a week after school and weekends",unconfirmed,Hiring dates are not stated. Sign up for Hennepin County job notifications to be told about openings.,,unknown,,"High school sophomores, juniors and seniors. The page says interns are ages 16 to 18 in one place and 16 to 19 in another.","Watch Hennepin County job listings (sign up for email notifications from the program page). Libraries hiring interns: Brookdale, Brooklyn Park, Franklin, Hosmer, North Regional, Roosevelt, and Cedar Riverside Opportunity Center.",https://www.hclib.org/about/locations/steam-squad,,fetched,2026-10-09,"Training includes hands-on learning, group reflection and an adult mentor. Because hiring dates and pay are not on the page, confirm with the library before relying on it."
hennepin-county-library-teen-volunteer,Teen volunteers,Hennepin County Library,"Hennepin County, MN",twin-cities,volunteer,education; social-impact,14,18,,unpaid,Unpaid,year-round,Not stated,year-round,No deadline stated. Ask your local library whether it has a teen opening.,,rolling,False,Teens ages 14 to 18. Only a limited number of teen volunteer spots exist at some libraries.,"Ask your local Hennepin County library about teen openings. If there is one, fill out the teen volunteer application (PDF), bring it to the library, and a staff member will contact you. Questions: Volunteer Services, 612-543-8633.",https://www.hclib.org/about/volunteer,,fetched,2026-10-09,"Adult volunteers have a different process. The phone line is staffed Monday to Friday, 8:30 a.m. to 5:00 p.m."
hidden-genius-project-immersion,Hidden Genius Project Immersion Program,The Hidden Genius Project,"Oakland, CA (also Richmond)",east-bay; national; oakland,pre-college,business-finance; tech-cs,,,Rising 9 to 11,unpaid,Free to join; no stipend listed,year-round,15 months,closed-expect-reopen,"The application page says applications are currently closed and to follow HGP social media or the newsletter for the 2027 application. The last posted deadline was Feb 21, 2025.",,last-year-pattern,False,"Black male students entering grades 9, 10 or 11. No coding experience needed. Must commit to the full 15 months.",Apply online through the Immersion Program page on hiddengeniusproject.org.,https://www.hiddengeniusproject.org/immersion,https://www.hiddengeniusproject.org/apply,fetched,2026-10-07,"The immersion page still shows the old 2025 deadline. No 2027 date is posted, so wait for the new announcement. Oakland and Richmond are the East Bay sites."
high-museum-teen-leadership-council,Teen Leadership Council (High Museum of Art),High Museum of Art,"Atlanta, GA",atlanta,leadership,arts-media; education,,,Rising 11th and 12th grade,paid,Described as a paid position; the amount is not stated on the page.,year-round,"One-year commitment, including a 6-week summer intensive (June 3 to July 17 in 2026), Wednesday to Friday 9:30 a.m. to 3:30 p.m., plus regular meetings",closed-expect-reopen,"2026-27 cycle: applications opened Feb 1 and closed at midnight March 1 (2026); applicants were told by May 1, 2026. The page does not post the 2027-28 cycle.",,last-year-pattern,,Rising high school juniors and seniors enrolled full time in high school for the program year. The group has 15 members.,Submit the online application during the Feb 1 to Mar 1 window. Questions: HMATeenPrograms@high.org.,https://high.org/tlc/,,fetched,2026-10-09,"No absences are allowed during the summer intensive. The High's Teens and College page also lists an Early College Program in Art History and Curatorial Studies with the Atlanta University Center for rising juniors and seniors, but it gave no dates or application details."
hiller-flight-teen-volunteer,Hiller Aviation Museum Flight Teen Volunteers,Hiller Aviation Museum,"San Carlos, CA",peninsula; silicon-valley,volunteer,education; engineering; science,14,18,,unpaid,Unpaid; no cost stated on the page,year-round,"Alternating Saturdays or Sundays (1st and 3rd, or 2nd and 4th), plus an extra shift on a 5th weekend some months",rolling,Applications are accepted on an ongoing basis.,,rolling,False,"Ages 14 to 18. Application, interview, orientation and hands-on training.","Fill out the Flight Teen application online, then expect a call to schedule an interview, attend volunteer orientation, and train with an active volunteer.",https://hiller.org/volunteer/,https://hiller.formstack.com/forms/flight_teen_volunteer_application,fetched,2026-10-07,"Year-round, ongoing applications. Weekend shifts only. Interview timing and training length are not stated."
hire-las-youth,Hire LA's Youth,City of Los Angeles Economic and Workforce Development Department (EWDD),"Los Angeles, CA",los-angeles,paid-youth-program,any,14,24,,paid,Paid. The home page does not state an hourly rate.,summer,"Varies. Student to Student Success is up to 140 hours in one school semester (20 hours of training, up to 120 hours of service).",unconfirmed,"The site banner says it is accepting applications but gives no dates, and its document library page still shows a 2022 summer banner. Call EWDD at 213-744-7300 to confirm the current cycle.",,unknown,,"Ages 14 to 24 living in the City of Los Angeles. The checklist PDF we read (2024 version) lists the other eligibility rules, so check the current one.","Create an application on the Hire LA site, then bring or upload proof of age, right-to-work (I-9) documents, City of LA residency and the family income form.",https://hirelayouth.com/,,fetched,2026-10-09,"Cycle dates are not confirmed, so check with EWDD before counting on a summer 2027 spot. The same city department runs 14 free YouthSource Centers for ages 14 to 24 (school help, job readiness, some paid internships); ask at your nearest center, for example Boyle Heights 323-526-5800 or South LA 323-903-6926. Under 18 you need a California work permit."
hoag-jr-auxiliary-candystripers,Hoag Jr. Auxiliary / Candystripers (High School Volunteer),Hoag Hospital,"Newport Beach and Irvine, CA",orange-county,volunteer,health,16,18,,unpaid,Unpaid,year-round,Not stated,closed-expect-reopen,The program is full. The page says to check back January 2027 for when interest forms will be taken again.,,unknown,False,Local students ages 16 to 18. No grade level is stated.,The page lists no application or interest form for this program. Call the Volunteer Office to ask when interest will be taken again.,https://www.hoag.org/volunteer,,fetched,2026-10-09,"Not offered: summer, short-term, hands-on patient care, shadowing or observation. Volunteer Office phones: Newport Beach (949) 764-8264, Irvine (949) 517-3152. Specific weekly hours are not stated on the page."
holy-cross-health-teen-volunteer-silver-spring,Holy Cross Health volunteer program (high school students),Holy Cross Health (Silver Spring and Germantown hospitals),"Silver Spring and Germantown, MD",college-park,volunteer,health,16,,,unpaid,Unpaid.,year-round,Not stated on the main page,rolling,No deadline stated.,,rolling,False,"Minimum age is 16. High school students use a separate application and must attend an in-person orientation. Needs a health screening (MMR, varicella, flu, TB testing) and availability to start within one month of applying.","Submit the application form for high school students from the Holy Cross volunteer applications page, then complete a screening interview and orientation.",https://holycrosshealth.org/about-us/support-our-work/volunteer,https://holycrosshealth.org/about-us/support-our-work/volunteer/applications,fetched,2026-10-09,"Another site named holy-cross.com is Holy Cross in Fort Lauderdale, Florida; use holycrosshealth.org for Maryland. Background checks are required for volunteers 18 and older. Unpaid volunteering, so no work permit."
hosa-future-health-professionals,HOSA Future Health Professionals,HOSA,School chapters,statewide; national,school-pathway,health,,,Secondary and college students (exact grades not stated),fee-based,Dues were not stated on the page. Ask your advisor.,school-year,School year,year-round,Join through your health science teacher.,,rolling,False,"Students in health science or biomedical science programs, or interested in health careers. Join through a school chapter.",Ask your health science teacher for the chapter advisor.,https://www.hosa.org/about/,,fetched,2026-10-07,"HOSA reports over 200,000 members in 51 chartered associations. California chapter rules, dues and middle school eligibility were not on the page."
hssv-student-volunteer,Humane Society Silicon Valley Student Volunteer Program,Humane Society Silicon Valley,"Milpitas / Santa Clara County, CA",silicon-valley; san-jose,volunteer,environment; social-impact,,,,unpaid,Unpaid; no cost stated. HSSV provides foster supplies.,year-round,,year-round,Rolling.,,rolling,False,On-site animal care volunteers must be 18 or older. Students under 18 can foster with a parent or guardian's support or make fleece blankets.,Email volunteer@hssv.org or see the student opportunities page for fostering and blanket instructions.,https://www.hssv.org/volunteer/,https://www.hssv.org/volunteer/student-opportunities/,fetched,2026-10-07,No hands-on shelter work until 18. Service hours: 2 fleece blankets = 1 hour (0.5 hour each); fostering is counted by care time. Email for a service hour verification letter.
huntington-beach-library-teen-volunteers,Huntington Beach Public Library Teen Volunteering,Huntington Beach Public Library,"Huntington Beach, CA",orange-county,volunteer,education; social-impact,13,18,,unpaid,Unpaid. Sessions earn 1 to 3 volunteer hours.,year-round,Varies by role: weekly or monthly sessions of 1 to 3 hours,rolling,"Most roles take online applications with no deadline. The Teen Tech role lists applications Aug 29 to Sep 12 and interviews Sep 15 to 18, but the page gives no year, so check the date.",,rolling,False,"Most roles are ages 13 to 17 (18-year-olds still in high school can also join). Teen Tech Volunteer is ages 15 to 17, Chess Club Volunteer is ages 15 to 18 in high school, and Helen Murphy toy cleaning is 13 and up. D&D Club volunteers must have attended a club meeting in the past six months.","Use the online application for the role you want (several library roles share one application link, so check which one). Seats for club roles are first-come, first-served, and staff email next steps. The Main Street Branch also accepts a printed teen application dropped off at the branch.",https://hbpl.libguides.com/teens/volunteer,,fetched,2026-10-09,"Contact: Teen Services Librarian Katelyn Wong (Katelyn.Wong@surfcity-hb.org) or the library at 714-842-4481. The page also lists other Huntington Beach volunteer groups for teens (Bolsa Chica Conservancy, Bolsa Chica Land Trust, Shipley Nature Center, OC Coastkeeper cleanups) with their own age rules, so read it for those. Some entries on the page look copy-pasted, so confirm details with staff."
illinois-boys-state,Illinois Boys State (American Legion),American Legion Department of Illinois,"Charleston, IL (Eastern Illinois University)",illinois,civic-government,law-government,,,High school juniors (finished at least one semester of 11th grade),fee-based,"$400 registration fee covering program, up to 10 scholarship contests, housing and meals. Most delegates are sponsored by a local American Legion post.",summer,"One week, June 12 to 18, 2027 (90th annual session)",open-now,"The registration page says registration for the 2027 session closes at 4:00 PM on June 12, 2027, when the session starts. Ask your local Legion post about its earlier sponsor deadline.",2027-06-12,confirmed-2026-27,False,Boys who have completed one semester of 11th grade and have at least one semester left after Boys State. Those who finished junior year get preference. A boy may attend only once as a citizen. Many are sponsored by a local American Legion post.,Complete the online registration form; your local American Legion post will then contact you. Parents can also register eligible sons. Questions: info@illinoisboysstate.org or 309-663-0361.,https://illinoisboysstate.org,https://illinoisboysstate.org/registration/,fetched,2026-10-09,Boys only. Delegates must stay all week and may not drive or leave campus. The Samsung Scholarship application must be finished before arriving.
illinois-girls-state,ALA Illini Girls State (American Legion Auxiliary),American Legion Auxiliary Department of Illinois,Illinois (location not stated on the site),illinois,civic-government,law-government,,,Current high school juniors,fee-based,Cost is not stated on the pages we read. Ask the Illinois Girls State office and your local American Legion Auxiliary unit.,summer,"One week, June 20 to 26, 2027",unconfirmed,"Next session is June 20 to 26, 2027. The application deadline is not stated on the pages read; contact the Department office.",,unknown,False,"High school girls who are current juniors. A principal, guidance counselor or home school administrator must certify leadership qualities, good character and U.S. residency. You must secure sponsorship from an American Legion Auxiliary Unit and attend an orientation.","Complete the online registration form (name, school email, counselor name and email, school, hometown), get approval from your school official, find a sponsoring American Legion Auxiliary Unit and attend an orientation. Call 309-663-9366 or email info@alaigs.org.",https://alaigs.org,https://alaigs.org/register/,fetched,2026-10-09,Girls only. The program is physically active with long walks; the registration page asks you to check with a doctor if you have limits. After the program you share your experience with your sponsoring Unit.
indiana-dwd-workone-young-adult-services,WorkOne young adult (youth) services,"Indiana Department of Workforce Development, WorkOne Career Centers","Statewide, with WorkOne centers in Lafayette and other Indiana cities",lafayette; bloomington; indiana,paid-youth-program,any,14,24,,mixed,Not stated,year-round,Not stated,year-round,No deadline posted. Contact a WorkOne center.,,rolling,,The state page says in-school young adults ages 14 to 21 and out-of-school young adults ages 16 to 24 may be eligible. Eligibility rules beyond age are not stated.,Connect with your local WorkOne Career Center (Lafayette office serves Tippecanoe County; schedule by appointment through the WorkOne West Central site). Ask about the young adult program.,https://www.in.gov/dwd/job-seekers/young-adults,,fetched,2026-10-09,"This is the state workforce agency's WIOA-style youth help, not a single job. The WorkOne West Central about page (older) says a youth program for ages 16 to 24 is offered; the newer state page says 14 to 21 in school. The Bloomington (South Central) WorkOne regional page was not read, so confirm locally. Call before going."
inova-high-school-student-volunteers,Inova high school student volunteer sessions,Inova Health System,"Fairfax, Alexandria and Northern Virginia hospitals, VA",fairfax,volunteer,health,16,,High school (through the summer after graduation),unpaid,Unpaid.,school-year,"Spring 2027 session: Jan 4 to Jun 20, 2027; 1 shift per week, 3 to 4 hours",opens-soon,"Spring 2027 registration opens Nov 5, 2026 at 4 p.m. and closes Nov 8, 2026 at 11:45 p.m. Inova also runs summer and fall sessions.",2026-11-08,confirmed-2026-27,False,"Must be at least 16 by the start of the session, interested in a healthcare career, and able to attend every session date. Needs a 250-word written response, background check, TB screening, MMR, varicella and Tdap proof, an interview with a parent, an in-person orientation and photo ID.","Register during the window through the 'High school students register here' link on Inova's student page. Spots are assigned by lottery, one entry per applicant, and the student handles all email.",https://www.inova.org/our-services/inova-volunteer-services-system/students,,fetched,2026-10-09,"Mandatory student-and-parent info meetings are in mid-November 2026 and orientations in late December 2026 (dates differ by hospital; one of each is required). Unpaid volunteering, so no work permit."
irvine-library-teen-volunteers,Irvine Public Library Teen Volunteers,Irvine Public Library (City of Irvine),"Irvine, CA",orange-county,volunteer,education; social-impact,14,,,unpaid,Unpaid,year-round,Summer Reading volunteers work a weekly two-hour shift. Other roles vary.,unconfirmed,"The undated page says: Summer Reading applications ran May 9 to May 30, school-year roles reopen Saturday, August 1, and TAG is full with a wait list for applications after August 26. No year is shown, so confirm current openings.",,unknown,False,High school students ages 14 and over (program assistance and toy cleaning are ages 14 to 17). Teen Summer Reading volunteers are students in grades 8 to 11. Each library has up to 20 TAG memberships.,Submit the Teen Volunteer Application on the library's volunteer system. A required orientation comes before the summer program.,https://www.cityofirvine.gov/node/90102,,fetched,2026-10-09,"The page lists no library contact; it points to the volunteer coordinator, and the City of Irvine main number is 949-724-6000. The page writes the application link as volgistics.com/appform/337674493 (search for it on the volunteer system)."
ja-launchpad-fremont,"JA Launchpad (Junior Achievement, Fremont)",Junior Achievement of Northern California,"Fremont, CA",silicon-valley; fremont,entrepreneurship,business-finance; tech-cs,,,,unpaid,Free to students (page says programs are delivered at no cost),school-year,,unconfirmed,The page says the center is Coming Early 2027. No opening date or sign-up is posted.,,unknown,False,Students in Northern California; grade levels not stated. The center is not open yet.,No sign-up steps yet. Call JA of Northern California at (925) 465-1070.,https://norcal.ja.org/events/ja-launchpad,,fetched,2026-10-07,"Not open yet, and the page lists no registration steps or opening date. Watch for it in early 2027. The contact on the page is for sponsors and partners."
jmrl-teen-advisory-board,Teen Advisory Board (TAB),Jefferson-Madison Regional Library,"Charlottesville, VA",charlottesville,leadership,education,11,18,6th grade or older,unpaid,,school-year,One meeting a month,rolling,No deadline stated.,,rolling,False,"Ages 11 to 18 (students in 6th grade or older). Boards meet at Central (1st Monday, 5 pm), Greene County, Louisa County, Nelson Memorial and Northside; Crozet is full and Gordon Avenue is not currently running.",Use the Join a Teen Advisory Board page or contact your branch. The page does not say how to apply beyond that.,https://jmrl.org/join-teen-advisory-board,,fetched,2026-10-09,Meeting times: Greene 1st Tuesday 4-5 pm; Louisa 3rd Thursday 3:45 pm; Nelson 2nd Thursday 4-5 pm; Northside 2nd Monday 7-8 pm. Gordon Avenue's entry on the teen volunteers page says its board is accepting applications while the TAB page says it is not currently running; call the branch.
jmrl-teen-volunteers,Teen Volunteers at JMRL,Jefferson-Madison Regional Library,"Charlottesville, VA",charlottesville,volunteer,education,13,,,unpaid,,year-round,Varies by branch,year-round,The page gives a cutoff date for summer volunteer applications of 5/28/26 and does not say which branches it covers.,,last-year-pattern,False,"Anyone at least 13 years old. Teen volunteers should be able to work independently. Branches include Central, Crozet, Gordon Avenue, Greene County, Louisa County, Nelson Memorial, Northside and Scottsville.",Contact your local branch (Send a Message link) or email the Young Adult Services Manager through the JMRL contact form. The page does not list formal application steps.,https://jmrl.org/teen-volunteers,,fetched,2026-10-09,"Volunteering can count toward school or club service requirements. At the time of reading, Gordon Avenue said all weekly positions were filled. JMRL's volunteer coordinator is listed as Acacia Rodgers, volunteer@jmrl.org, 434-979-7151 ext 6695."
job-corps-sacramento,Job Corps Sacramento Center,U.S. Department of Labor Job Corps,"Sacramento, CA",sacramento; statewide,apprenticeship-trades,trades; health,16,24,,stipend,"Free tuition, housing, meals and basic medical care, plus a monthly living allowance (amount not stated).",year-round,,rolling,Ongoing enrollment. No dates posted on the Sacramento page.,,rolling,False,"Ages 16 to 24 who are low income and meet citizenship, residency or other approved status rules, plus background checks (per the national Job Corps site). Mostly fits teens who are out of school or want a different path. Housing is on campus.",Apply at enroll.jobcorps.gov or call 800-733-JOBS (800-733-5627).,https://sacramento.jobcorps.gov/node/2385,https://enroll.jobcorps.gov,fetched,2026-10-07,"Residential, so you live on campus at 3100 Meadowview Rd, Sacramento. The Sacramento page lists the trades (building construction, carpentry, cement masonry, Certified Nurse Assistant) but not the age or income rules, which come from jobcorps.gov. A federal settlement reported Aug 12, 2026 kept all 99 centers open, but that article does not name Sacramento, so confirm the center is enrolling."
john-muir-walnut-creek-high-school-volunteer,John Muir Health High School Student Volunteer Program (Walnut Creek Medical Center),John Muir Health,"Walnut Creek, CA",east-bay,volunteer,health,14,,Second-semester freshman through senior year,unpaid,Volunteer role; no pay stated on the page,year-round,"One 3-hour shift per week, year-round, committed through the end of senior year",unconfirmed,"No application window is stated on the official page. Contact a partner high school (for example Acalanes, Campolindo, Las Lomas, Miramonte, Monte Vista, San Ramon Valley or Ygnacio Valley) to ask about the next intake.",,unknown,False,"Local high school students interested in a healthcare career. Must be at least 14.5 years old, at least a second-semester freshman, with a minimum 3.0 GPA. Must attend a Saturday orientation with a parent or guardian and complete required training. Students apply through a partner high school, which interviews and screens its own candidates.","Apply through your high school. Contact the career, college or community service office at a partner school listed on the page. The school interviews and screens its own student candidates.",https://www.johnmuirhealth.com/get-involved/volunteer-services/walnut-creek-medical-center-high-school-student-volunteering,,fetched,2026-10-07,"Read on the official John Muir Health page 2026-10-07. Not stated on that page: application window or deadline, TB test or immunization requirements. It is an unpaid volunteer role, so no work permit is listed. Region is east-bay because Walnut Creek is in Contra Costa County, not Oakland. The Auxiliary at Walnut Creek Medical Center offers selective scholarships to high school seniors and college students who volunteered in this program. A separate Concord Medical Center high school program is not onboarding this summer; its page says to check back in March 2027. An older third-party listing said seniors are not accepted, which conflicts with the official page; confirm with the program before applying. Minimum age is listed as 14.5 on the page, stored here as 14."
junior-achievement-norcal,Junior Achievement of Northern California (high school programs),Junior Achievement of Northern California,Northern California (HQ Walnut Creek),statewide; silicon-valley; east-bay; peninsula,entrepreneurship,business-finance,,,High school,unpaid,No student fee stated. JA says programs are little to no cost to educators.,school-year,Varies,year-round,No central deadline; ask JA.,,unknown,False,"High school programs are delivered through schools and teachers, who request them. The site does not list a way for a student to sign up alone, so ask your school or call JA.","Ask your teacher or counselor to request a JA program, or contact JA at (925) 465-1070 or info@janorcal.org.",https://www.janorcal.org/,,fetched,2026-10-07,"JA reached 27,947 students in 128 schools in 2025-26, mostly through schools. JA Launchpad (Silicon Valley) is listed as opening early 2027. Job shadow and internship details were not on the pages read, so ask JA."
kaiser-launch-high-school-program,KP LAUNCH High School Program,Kaiser Permanente,Northern California Kaiser Permanente service areas,silicon-valley; san-jose; peninsula; fremont; east-bay; oakland; san-francisco; sacramento,paid-youth-program,health; business-finance; any,16,19,Current high school student (priority to juniors and seniors) or Class of 2027 graduate,paid,"$25 per hour minimum, paid every two weeks, up to 40 hours a week",summer,"7 weeks, June 14 to July 30, 2027",opens-soon,"Opens Nov 16, 2026 at 9am Pacific; closes Jan 8, 2027 at 5pm Pacific.",2027-01-08,confirmed-2026-27,True,"Be 16 to 19 by June 1, 2027, live in a Northern California Kaiser Permanente service area, have proof of legal US work eligibility, and be free Monday to Friday about 8am to 5pm. Priority goes to juniors and seniors. Children of Kaiser employees or physicians cannot apply. The program aims at students who lack resources to explore health careers.",Apply only on the KP LAUNCH online portal during the window (email submissions are not reviewed). You need a resume and a personal statement of up to 750 words. Questions: KP.LAUNCH@kp.org.,https://kplaunch.kaiserpermanente.org/high-school-program/,https://kplaunch.kaiserpermanente.org/apply-now/,fetched,2026-10-07,"Full-time hours, so no summer school or camp overlap. Competitive (a Kaiser story reportedly cited about 3,300 applicants for 318 spots, not confirmed here). Placement sites vary, so check that your area is offered. Kaiser may ask for COVID vaccine proof."
kane-county-youth-services,Kane County Workforce Development Youth Services (WIOA Youth),Kane County Workforce Development Division,"Kane, DeKalb and Kendall Counties (Elgin area), IL",chicago,paid-youth-program,any,16,24,,mixed,Paid work experience is one of the services; pay rate is not stated.,year-round,Varies by provider,unconfirmed,No dates posted. You contact a provider and they explain how to start.,,unknown,,"Ages 16 to 24 who live in Kane, DeKalb or Kendall County. The page lists no income or other rules (federal workforce funding rules may apply, so ask the provider).",Pick a provider on the page and contact them directly. Providers in Kane County include Elgin Community College and Business & Career Services Inc.; Waubonsee Community College covers Kane and Kendall. Not sure where to start? Call 630-762-2085.,https://www2.kanecountyil.gov/WDD/Pages/youthServices.aspx,,fetched,2026-10-09,"Starts at age 16, so it fits older high schoolers. The page names one contact person but lists an email that does not match that name, so phone first. Funded by a U.S. Department of Labor grant per the page. Elgin Community College's own Future Workforce Leaders program is one of the providers."
kcls-teen-advisory-boards,King County Library System Teen Advisory Boards,King County Library System,"King County, WA (branches outside the city of Seattle)",seattle,leadership,social-impact,,,,unpaid,"Unpaid. Members earn volunteer credit, and can ask for a reference letter after 10 hours of volunteering within 6 months.",school-year,Ongoing; meeting schedules vary by branch,year-round,"No deadline. The page lists upcoming meetings (for example Maple Valley, Lake Forest Park, Newport Way and Federal Way); contact the local library to join.",,rolling,False,Teens. The page does not state ages; ask the teen librarian at your branch. Each board sets its own meeting schedule.,"Contact your local librarian (Teen Services Librarian) or go to an open Teen Advisory Board meeting listed on the page. If your branch has no board, ask about starting one.",https://kcls.org/teen-advisory-boards/,,fetched,2026-10-09,"KCLS serves King County outside the city of Seattle (its branches include Maple Valley, Lake Forest Park, Newport Way and Federal Way). The Seattle Public Library volunteer page showed no current volunteer openings when read on 2026-10-09. Washington L&I says its child labor rules 'only apply to minor employees, not volunteers.'"
key-club-high-school,Key Club (high school service club),Key Club International (Kiwanis),At your high school,national; statewide,volunteer,social-impact; any,,,High school,unpaid,No pay. Members pay nominal dues (amount not listed on the pages read).,school-year,,year-round,Join your school's club or start one. No cycle stated.,,rolling,False,Any high school student who wants to serve and lead. Clubs are set up in high schools or equivalent schools. Members are expected to do at least 50 hours of service a year.,"Use the Find a Key Club tool on keyclub.org, or follow the Start a Key Club steps if your school has none.",https://www.keyclub.org/,,fetched,2026-10-07,Dues and local rules vary by club; dues amount not stated on the pages read. Key Club International phone: 800-549-2647.
khan-academy-career-courses,Khan Academy college and careers courses,Khan Academy,Virtual,virtual,virtual,any,,,,unpaid,Free (the site says it is a nonprofit offering free education),year-round,Self-paced,year-round,Always open.,,rolling,False,"Open to anyone. The site says its mission is a free education for anyone, anywhere. The page states no age rule.","Go to the page, pick a course, and sign up for a free account if you want to save progress.",https://www.khanacademy.org/college-careers-more,,fetched,2026-10-07,"The page loads slowly because it builds in your browser. Course list seen: Financial Literacy, Personal Finance, Entrepreneurship, Careers, College admissions, Career Exploration."
kode-with-klossy,Kode With Klossy,Kode With Klossy,"Virtual and in-person (Oakland, San Francisco and more)",national; virtual; san-francisco,pre-college,tech-cs,13,18,,unpaid,Free,summer,Code-a-Bration is 2 days; Camp is 2 weeks,open-now,"Sign-ups are open for Code-a-Bration (Nov 7 to 8, 2026 in Oakland and virtual; Oct 17 to 18 in Chicago and virtual). Summer 2027 Camp applications open in February 2027; closing dates not posted.",,unknown,False,"Ages 13 to 18; no prior experience required for the free onboarding programs. Camps run in several cities including San Francisco and Oakland, plus virtual.",Use the sign-up form linked on the Kode With Klossy programs page.,https://www.kodewithklossy.com/programs,https://forms.kodewithklossy.com/t/pun3ctUJq9us,fetched,2026-10-07,"Free for all programs. Workforce development programs are for ages 18 to 26, not high schoolers. Camp dates and sites for summer 2027 are not posted yet."
la-county-library-teen-volunteer,LA County Library Teen Volunteer and Teen Advisory Board,County of Los Angeles Public Library,"Los Angeles County, CA",los-angeles,volunteer,education; social-impact,14,,,unpaid,Unpaid; students can earn school service credit.,year-round,Varies by library,year-round,No deadline. Ask your local LA County Library about current openings.,,rolling,False,Anyone 14 and older can volunteer. Teen Advisory Boards are open to teens at libraries that have one.,Contact your local LA County Library branch to ask about volunteer openings and whether it has a Teen Advisory Board.,https://lacountylibrary.org/volunteer/,,fetched,2026-10-09,"This covers LA County Library branches (unincorporated areas and many cities), not the City of Los Angeles library system (see the LAPL card). Tasks vary by branch and season."
la-county-youth-at-work,LA County Youth@Work,LA County Department of Economic Opportunity (DEO),"Los Angeles County, CA",los-angeles,paid-youth-program,any,14,24,,paid,Paid work experience for about 140 hours plus a class. The page does not state an hourly wage.,year-round,About 160 hours in all: up to 140 hours of paid work plus 20 hours of job-readiness class,unconfirmed,No deadline is posted. Fill out the youth interest form and an AJCC contacts you within 48 hours. In 2025 the summer jobs started July 1.,,rolling,True,"LA County residents who are 14 to 24 when they enroll and have the legal right to work in the U.S. The county gives priority to youth with high needs, such as current or former foster youth, youth touched by the justice system, youth who are or were homeless, and LGBTQ+ youth.",Fill out the Youth Interest Form on the Youth@Work page. AJCC staff reach out within 48 hours to check eligibility and match you with an employer.,https://opportunity.lacounty.gov/youthatwork/,https://yaw.opportunity.lacounty.gov/yaw-participant,fetched,2026-10-09,"The county released a Youth@Work Program Review and Redesign Report on August 25, 2026, so rules and pay for 2027 may change. Under 18 you need a California work permit before the first day. The pay figure is the 2025 summer rate from the county's own news release, not a 2027 promise. Long Beach youth can also use the City of Long Beach center (see the LBWIN card)."
lacma-teens,LACMA Teens,Los Angeles County Museum of Art (LACMA),"Los Angeles, CA",los-angeles,leadership,arts-media; education,16,18,11-12,stipend,Selected teens receive a stipend. The amount is not stated.,school-year,"10 sessions on select Sundays, 10 a.m. to 2:30 p.m., Oct 2026 to Feb 2027",closed-expect-reopen,"2026-27 cohort: applications ran July 1 to Aug 21, 2026 (5 p.m.) and are closed. The page says LACMA will not accept applications again until next year.",,last-year-pattern,,"Los Angeles County residents, 16 to 18, who will be juniors or seniors in the 2027 school year and are interested in art, museums or community events.",Online application during the open window (last year July 1 to Aug 21). Questions go to teens@lacma.org.,https://www.lacma.org/learn/schools/lacma_teens,,fetched,2026-10-09,"Next year's dates are not posted; watch for a July opening. LACMA also offers NexGenLA, a free membership for LA County youth 17 and under (free museum entry plus one guest). Whether the stipend counts as wages for work-permit purposes is not stated, so ask the program."
lafayette-columbian-park-zoo-teens,Zoo Teens (ages 14-17),"Columbian Park Zoo, City of Lafayette Parks and Recreation","Lafayette, IN",lafayette,volunteer,science; environment; education,14,17,,unpaid,Unpaid volunteer program,summer,Summer; shift details are in the 2026 Zoo Teen Information Packet (not read),closed-expect-reopen,"2026 application closed; materials were due March 13, 2026. The zoo page says to check back in January 2027.",,last-year-pattern,,Teens who are 14 to 17 years old on June 1 of the year they apply. Teens interested in any career field may apply. A parent or guardian must co-sign the online application. A teacher or mentor recommendation form is part of the process.,"Read the Zoo Teen Information Packet, apply online through the zoo's volunteer form (applicant and parent both e-sign), and submit the teacher or mentor recommendation form. Contact: zooteen@lafayette.in.gov, 765-807-1543.",https://www.lafayette.in.gov/2157/Zoo-Teens-ages-14-17,,fetched,2026-10-09,"Opening date for 2027 is not posted; the page only says check back in January 2027. The page mentions sponsors that keep costs low for participants but does not state a fee amount. The information packet was not read, so shift length and total hours are not stated here."
lafayette-purdue-summer-college-high-school,Summer College for High School Students (short-term residential courses),"Purdue University, Office of Summer and Winter Sessions","West Lafayette, IN",lafayette,pre-college,engineering; tech-cs; health; business-finance; science,15,17,,fee-based,"Summer 2026 prices: $60 application fee. Tuition and fees $347.85 per credit hour for Indiana residents ($948.30 nonresident). Room and board $377.95 for a 1-week program, $907.08 for 2 weeks. Some courses add $60 or $200 program fees. Scholarships exist.",summer,"1 or 2 weeks, residential, June and July",opens-soon,"Summer 2027 application opens December 1, 2026. Last cycle: priority deadline February 1, final deadline April 1. 2027 deadlines not posted.",,last-year-pattern,False,"High school students. Main page says ages 15 to 17. Application page: priority for GPA 3.30 or higher and at least 16 who have finished sophomore year, younger students may apply. Residential courses require being under 18 for the whole program. Course-specific rules apply.","Online Summer College application: essay, high school transcript, up to three short-term course choices, $60 non-refundable fee. Admitted students first get one course; more are offered as space allows in late March to early April.",https://www.purdue.edu/summer-high-school/,,fetched,2026-10-09,"Costs are summer 2026 and may change. Some courses were full for 2026 and some were canceled. The listed short courses include PREFACE and MITE, which are pre-college engineering workshops, with their own eligibility. The student pays; this is not a job."
lafayette-tcpl-teen-summer-reading-volunteer,"Teen Volunteers, Summer Reading Club",Tippecanoe County Public Library,"Lafayette, IN",lafayette,volunteer,education,12,,,unpaid,Unpaid volunteer,summer,Summer Reading Club season; at least one 2-hour shift per week,closed-expect-reopen,"2026 cycle: apply by Friday, May 22, 2026; required training day May 16 or May 23, 2026. 2027 dates not posted.",,last-year-pattern,,Teens who are 12 or older by May 31 of the program year. No grade rule is listed. The library's volunteer page is under its Teens section.,"Fill out the Google Form linked on the library's Teen Volunteers page, then attend one volunteer training day. Questions: Youth Department, 765-429-0119.",https://tcpl.lib.in.us/learn/teens/volunteers/,,fetched,2026-10-09,"The page was last updated for the 2026 season, so the next cycle should open in spring 2027 but is not posted yet. Check with the Youth Department before applying. Unpaid volunteering, so no Indiana work permit question applies."
lansing-east-lansing-library-teen-action-group,Teen Action Group (TAG) at East Lansing Public Library,East Lansing Public Library (City of East Lansing),"East Lansing, MI",lansing,volunteer,education; any,,,East Lansing High School students,unpaid,Unpaid,school-year,Not stated on the page.,unconfirmed,No current dates found. The library is not currently accepting general volunteers; TAG is the exception named on the current page.,,unknown,,The library page says East Lansing High School students can log limited volunteer hours through the Teen Action Group. Ages are not stated.,"For more information, contact Rheanna Reeder or Zandra Blake.",https://www.elpl.org/volunteer-at-the-east-lansing-public-library/,,fetched,2026-10-09,"The detailed TAG description is from a May 2022 library post that the site marks as possibly out of date, so confirm meeting times and who can join with the library first. Page also says the library is not accepting general volunteers at this time. Michigan's youth employment page (Youth Employment Standards Act) says the law covers employers of anyone under 18 including volunteers, so ask the program whether a work permit is needed."
lansing-greater-lansing-food-bank-volunteer,Greater Lansing Food Bank Volunteer Shifts,Greater Lansing Food Bank,"Lansing, MI",lansing,volunteer,social-impact; food-hospitality,14,,,unpaid,Unpaid,year-round,Single shifts; weekday warehouse shifts are about 2 hours,rolling,Sign up for open shifts any time; many shifts book 2 to 3 weeks out.,,rolling,,All volunteers must be at least 14 years old.,"Register once through Volunteer Hub, then pick a shift from the schedule. Groups of four or more email the volunteer program manager.",https://greaterlansingfoodbank.org/volunteer,,fetched,2026-10-09,"Not teen-specific, but open to teens 14 and up. Warehouse shifts are 9 to 11 a.m. and 1:30 to 3:30 p.m. Monday to Friday, with some late afternoon, evening and weekend shifts at Mobile Food Pantries. Michigan's youth employment page (Youth Employment Standards Act) says the law covers employers of anyone under 18 including volunteers, so ask the program whether a work permit is needed."
lansing-msu-high-school-engineering-institute,High School Engineering Institute (HSEI) at Michigan State University,Michigan State University College of Engineering,"East Lansing, MI",lansing,pre-college,engineering; tech-cs,,,Entering grades 10 to 12 in Fall 2027 (or recent graduates),fee-based,"$1,199 program fee (covers activities, room and board). MSU says it offers no scholarships for its pre-college programs.",summer,"One week, residential. Four sessions: June 13 to 17, June 20 to 24, June 27 to July 1, July 11 to 15",closed-expect-reopen,"Applications open mid-December 2026. Deadlines by session: Session 1 June 4, Session 2 June 11, Session 3 June 18, Session 4 July 2. The page does not print the year; it is the cycle for students entering grades 10 to 12 in Fall 2027.",,confirmed-2026-27,,"Co-ed, open to U.S. and international students entering grades 10 to 12 in Fall 2027 with a GPA of 3.0 or better in engineering core courses (math, sciences, technology). A transcript is required.","Online application with transcript. Payment by credit card is the last step and is required before MSU reviews the application. If not accepted, the fee is refunded minus a $25 processing fee.",https://engineering.msu.edu/academics/k-12/summer-programs#engineering-institute,,fetched,2026-10-09,Residential: students are supervised by mentors in the dorms and cannot leave campus. Contact: future-engineer@egr.msu.edu or 517-353-7282 (from the college page). Check the year of the session dates against the application page when it opens.
lansing-msu-making-a-game-of-it-ai,"Making a Game of It, AI Assisted (MGIT-AI) at Michigan State University",Michigan State University College of Engineering,"East Lansing, MI",lansing,pre-college,tech-cs; engineering,,,Entering grades 11 and 12 in Fall 2027 (or recent graduates),fee-based,"$1,299 program fee. MSU says it offers no scholarships for its pre-college programs.",summer,"One week, residential: July 18 to 23",closed-expect-reopen,Applications open mid-December 2026. Application deadline: July 9. The page does not print the year; it is the cycle for students entering grades 11 and 12 in Fall 2027.,,confirmed-2026-27,,"Co-ed, open to U.S. and international students entering grades 11 and 12 in Fall 2027 with a GPA of 3.0 or better in engineering core courses. A transcript is required.","Online application with transcript. Payment by credit card is the last step and is required before review. If not accepted, the fee is refunded minus a $25 processing fee.",https://engineering.msu.edu/academics/k-12/summer-programs#making-a-game-of-it,,fetched,2026-10-09,Residential with dorm supervision. Contact: future-engineer@egr.msu.edu or 517-353-7282. Check the year of the dates against the application page when it opens.
lansing-potter-park-zoo-zoo-teen,Zoo Teen Program at Potter Park Zoo,Potter Park Zoo (Potter Park Zoological Society and Ingham County),"Lansing, MI",lansing,volunteer,environment; science; education,13,17,,fee-based,"$50 program fee (shirt, training materials, name tag), paid at orientation, not at application. Scholarships are available.",summer,At least 40 hours of service from June to August,closed-expect-reopen,2026 applications are closed. Information session dates and May 2027 orientation dates will be posted in January 2027. You must attend an information session to get the application.,,last-year-pattern,,"Youth ages 13 to 17 who can work independently, have reliable transportation to the zoo, and can work outside in all weather.",Step 1: attend an information session. Step 2: complete the application you receive afterward. Step 3: attend orientation and the required training. Keep a journal and finish monthly prompts.,https://potterparkzoo.org/teen-keeper-program/,,fetched,2026-10-09,"The zoo's volunteer page says teens 13 to 18 use this separate program; the program page itself says 13 to 17, so confirm the upper age. The regular adult volunteer program is 18 and older. Returning teens (years 3 to 5, under 18) can apply for the Zoo Teen Leadership Council. Contact is on the program page. Michigan's youth employment page (Youth Employment Standards Act) says the law covers employers of anyone under 18 including volunteers, so ask the program whether a work permit is needed."
lansing-umh-sparrow-teen-volunteer,UM Health-Sparrow Teen Volunteer Program,University of Michigan Health-Sparrow (Lansing),"Lansing, MI",lansing,volunteer,health,16,,Entering junior year of high school or older (junior and senior students at local high schools),unpaid,Unpaid,school-year,"One semester (10 to 12 weeks): one 2 hour shift a week in the school year, or two shifts a week (max 4 hours) in summer",closed-expect-reopen,Volunteer applications are temporarily closed and are anticipated to reopen in mid-October.,,last-year-pattern,,"Age 16 and entering junior year of high school. Some placements need volunteers to be 17, and the Radiology placement is for ages 17 to 18.","Online application on the Volunteering at Sparrow page (or ask for a paper copy at Volunteer Services). Then onboarding (2 to 3 weeks), online orientation, and placement registration links sent to onboarded volunteers.",https://www.uofmhealthsparrow.org/um-health-sparrow-community-health/volunteering-um-health-sparrow,,fetched,2026-10-09,"Expect a criminal background check, proof of MMR, varicella and Tdap immunizations (or titers), and a flu vaccine Nov to March; teens wear a provided smock apron and closed toe shoes. Volunteers must attend at least 75 percent of shifts. Free parking for active volunteers. Volunteer Services phone is on the page. Michigan's youth employment page (Youth Employment Standards Act) says the law covers employers of anyone under 18 including volunteers, so ask the program whether a work permit is needed."
lao-family-youth-on-the-move,Lao Family Community Development: Youth on the Move,Lao Family Community Development (LFCD),"Oakland, CA (2325 E. 12th St)",oakland,paid-youth-program,any,16,21,,paid,At least Oakland's minimum wage (MSYEP rule); exact rate not posted,summer,Up to about 100 hours,closed-expect-reopen,No dates posted. The Summer 2026 round is over; call for the next cycle.,,unknown,True,"Oakland youth ages 16 to 21, per the City of Oakland summer youth jobs partner table. Oakland residency is required for that program.","Call (510) 533-8850 or 1 (833) 532-3674, or use the Contact Us form at lfcd.org.",https://lfcd.org/our_service/employment-programs/,,fetched,2026-10-07,"LFCD's own employment page does not describe this youth program. Ages, hours and pay come from the City of Oakland MSYEP page. Under-18 workers need a work permit."
lapl-teen-volunteer-and-teen-council,"LAPL Teen Volunteer, Teen Council and Teens Leading Change",Los Angeles Public Library,"Los Angeles, CA",los-angeles,volunteer,education; social-impact,14,19,,unpaid,Unpaid; you earn community service hours.,year-round,Varies by branch; Teen Council members complete at least 20 community service hours,year-round,"No deadline. Teens Leading Change projects form in September, but you can join anytime.",,rolling,False,Teen Volunteer and Teens Leading Change are for ages 14 to 19. Teen Council is for ages 11 to 19. Volunteers fill out a Teen Volunteer Intake Form and a parent or guardian signs a waiver.,"Contact the Young Adult Librarian or Senior Librarian at your nearest library, then complete the intake form and parent waiver. Questions: Volunteer Engagement, 213-228-7490.",https://www.lapl.org/teens/get-involved,,fetched,2026-10-09,"LAPL hosts over 2,600 teen volunteers a year across 73 branches, and openings differ by branch. Some branches also have volunteer slots listed at volunteer.lapl.org."
larpd-summer-youth-volunteer,Summer Youth Volunteer Program,Livermore Area Recreation and Park District (LARPD),"Livermore, CA",east-bay; alameda,volunteer,education,13,17,,unpaid,Volunteer position. Earn community service hours; no wage is listed.,summer,"Summer weekly shifts. The 2026 FAQ says sign-ups start with a maximum of 2 weeks, with more weeks added later.",closed-expect-reopen,"2026 cycle: sign up for orientation by Friday, March 13, 2026. Orientations were March 19, 2026 (5 to 6:30 pm) and March 25, 2026 (4 to 5:30 pm) at the Robert Livermore Community Center. 2027 dates are not posted yet.",,last-year-pattern,False,"Teens ages 13 to 17. Volunteers under 18 need a parent or guardian to sign the Youth Volunteer Waiver. Students must attend a Summer Youth Volunteer orientation. Some roles have extra rules: Summer Nature Camp requires the Counselor in Training (CIT) program, and Open Space Jr. Docents require age 16 or older.","Create a LARPD volunteer account by submitting the General Volunteer Application (use a personal email, not a school email). Attend a Summer Youth Volunteer orientation at the Robert Livermore Community Center. Then sign up for shifts through MyImpactPage. Questions: volunteer@larpd.org.",https://www.larpd.org/summer-youth-volunteer-program-faq,https://www.larpd.org/volunteer,fetched,2026-10-07,"The 2026 cycle is closed. Watch larpd.org/volunteer and the orientation pages for the 2027 dates; the district's pages were not all updated to the same year. The FAQ says the opportunity list may change each year. The orientation and FAQ pages list volunteer@larpd.org as the contact. Not a paid job, so no California work permit is needed."
las-positas-dual-enrollment,Las Positas College CCAP Dual Enrollment,Las Positas College,"Livermore, CA",east-bay; alameda,pre-college,any; trades,,,,unpaid-credit,Free; tuition and fees waived and required materials provided (parking may cost extra for classes at LPC),year-round,Per term,rolling,Rolling by term.,,rolling,False,"High school students in partner districts: Dublin, Livermore, Pleasanton and Tri-Valley, plus San Ramon Valley USD (welding) and TUSD (fire safety training). Residency and citizenship rules apply; ask Admissions & Records.",Sign the CCAP Dual Enrollment form (once for all of high school) with your school counselor. Questions: lpc-dualenrollment@laspositascollege.edu.,https://laspositascollege.edu/educationalpartnerships/dualenrollmenthome.php,,fetched,2026-10-07,Offered during and after the school day. Ages are not stated on the page.
lbnl-bldap,Berkeley Lab Director's Apprenticeship Program (BLDAP),Lawrence Berkeley National Laboratory (A-LIFT Office),"Berkeley, CA",berkeley; oakland; east-bay,research,science; tech-cs,,,10 and 11,unpaid,Not stated on the page (no stipend listed),summer,"June 16 to July 24, 2026 (6 weeks, 4 days a week)",closed-expect-reopen,"2026 applications opened Feb 2, 2026 and are now closed (the page gives no closing date). 2027 not posted.",,last-year-pattern,False,"Grades 10 and 11. Public school students in Alameda, San Francisco and Contra Costa counties are prioritized; nearby counties are encouraged to apply. In person at Berkeley Lab at least 4 days a week for 6 weeks.",Apply online through the Berkeley Lab K-12 program page when it opens (the 2026 application ran through apply.mykaleidoscope.com).,https://k12education.lbl.gov/programs/high-school/BLDAP,,fetched,2026-10-07,Whether students are paid is not stated. Finishing students can join later workshops and possible lab internships in following summers.
lbnl-experiences-in-research,Experiences in Research,Lawrence Berkeley National Laboratory,"Berkeley, CA",berkeley; east-bay; oakland; statewide,research,engineering; science; tech-cs,16,18,10 to 12,stipend,$500 per week for 30 to 35 hours,summer,6 weeks (June 15 to July 24 in 2026),closed-expect-reopen,"2026 window was Feb 2 to Mar 22, 2026. 2027 not posted.",,last-year-pattern,True,"Grades 10 to 12 in Northern California, at least 16 by the program start. Students within 30 miles of the lab are prioritized. You can do the program only once.",Apply online during the window and pick your top three projects. Do not contact mentors directly. Oakland Unified students also fill out a supplemental application.,https://k12education.lbl.gov/programs/high-school/experiences-in-research,,fetched,2026-10-07,"The page still says 'at least 16 by June 16, 2025', so check the age date when it reopens. Some 2026 projects were hybrid or virtual. Under-18 interns need a work permit."
lbnl-sea-bilingual-stem-camp,SeA Bilingual STEM Camp,Lawrence Berkeley National Laboratory,"Berkeley, CA",berkeley; east-bay,pre-college,science; engineering,,,,unpaid,Free,spring,"April 8 to 11, 2026 (spring break)",closed-expect-reopen,2026 applications are closed; no 2027 dates posted.,,unknown,False,"English-learning, native Spanish-speaking bilingual students.",Watch the Berkeley Lab K-12 high school programs page.,https://k12education.lbl.gov/programs/high-school,,fetched,2026-10-07,"Grades and ages are not listed on the page. The 2026 camp is over and no 2027 camp is posted, so it is not confirmed to repeat. Page says it can lead to summer internship chances."
lbwin-youth-career-services-center,LBWIN Youth Career Services Center,"City of Long Beach Economic Development and Opportunity, Workforce Development Bureau","Long Beach, CA",los-angeles,paid-youth-program,any,14,30,,mixed,Paid internships and Youth@Work (about 160 hours of paid work experience). Pay rates are not stated. Workshops and career help are free.,year-round,Varies by program,rolling,"No deadline is posted. The competitive school-to-career programs (Long Beach Public Service Corps, Port of Long Beach internship, Fire Corps internship and others) open for set application periods.",,rolling,True,"The center serves ages 14 to 30. Youth@Work is for ages 14 to 24 and WIOA Youth services are listed for ages 16 to 24. WIOA funding focuses on out-of-school youth with barriers such as low income, foster care, homelessness, juvenile justice involvement, parenting, or a disability. A Long Beach residency rule is not stated on the page.",Complete the Youth Interest Form on the city's Youth Services page. Partner agencies can also refer youth through the Unite Us platform.,https://longbeach.gov/economicdevelopment/talent-workforce/youth-services/,https://forms.office.com/g/VVwWqzeAcx,fetched,2026-10-09,"Because most WIOA funding targets youth facing barriers, a teen still in school may be steered to Youth@Work or a school-to-career program instead. Under 18 you need a California work permit for any paid placement. The city's Youth Opportunities page also lists teen volunteering at Long Beach libraries and at Parks, Recreation and Marine (ages 13 and up)."
league-of-volunteers-teen-volunteers,League of Volunteers Teen Volunteers (Summer Recreation),"League of Volunteers (nonprofit, 501(c)(3))","Newark, CA (serves Fremont, Newark and Union City)",east-bay; alameda; fremont,volunteer,social-impact,13,17,,unpaid,,summer,"The 2026 summer recreation program ran July 6 to July 30, 2026, Monday to Thursday, 10 a.m. to 2 p.m., at Mayhews Landing Park in Newark.",unconfirmed,The homepage showed a 2026 summer teen volunteer call. No 2027 dates are posted.,,unknown,False,Teens ages 13 to 17. The page does not state a residency rule for volunteers.,"Use the Register to Volunteer link for the teen volunteer call on the League site, or email lov@lov.org. Phone (510) 793-5683.",https://www.lov.org/,,fetched,2026-10-07,"The teen call on the homepage is for summer 2026. Confirm with the League whether it recruits again for 2027. Serves the Tri-Cities (Fremont, Newark and Union City)."
legischool-civics-virtual-institute,LegiSchool Civics Virtual Institute,Sacramento State Center for California Studies with the California State Legislature,Online (Sacramento State),sacramento; statewide; virtual,civic-government,law-government,,,"sophomore, junior or senior",stipend,Stipend paid after the program. The amount is not posted.,summer,"4 weeks, Mon/Wed/Fri afternoons (2026: starts June 22)",closed-expect-reopen,"2026 applications closed May 31, 2026. 2027 dates not posted yet.",,last-year-pattern,False,"California high school sophomores, juniors and seniors. A select number are chosen.","Apply through the LegiSchool website application. Join their mailing list for contest, town hall and internship news.",https://www.csus.edu/center/center-california-studies/legischool-project.html,,fetched,2026-10-07,Application link and 2027 dates are not on the page. The stipend amount is not stated. LegiSchool also runs Town Hall meetings in downtown Sacramento and video and essay contests for California high school students.
lhs-teen-internship,Teen Internship (Summer Camp Staff),"Lawrence Hall of Science, UC Berkeley","Berkeley, CA",berkeley; east-bay,internship,education; science,,,Entering 11 or 12,stipend,"$3,500 for the full summer ($72 deducted per missed day)",summer,"June 1 to Aug 7, 2026, Monday to Friday 8:30 am to 4:30 pm; Saturday trainings in May",closed-expect-reopen,"2026 applications closed January 15, 2026. Expect a similar mid-January deadline for 2027.",,last-year-pattern,True,Students entering 11th or 12th grade who can work full time all summer and attend May Saturday trainings.,Apply through the Lawrence Hall of Science teen internship page when it reopens; questions to lhscamps@berkeley.edu.,https://lawrencehallofscience.org/job-postings/teen-internship-2024/,,fetched,2026-10-07,The page URL says 2024 but the content is the 2026 posting. The page says to apply next summer; 2027 dates are not posted. Mid-January is the 2026 pattern only.
lhs-teen-volunteers,Lawrence Hall of Science Youth Volunteers,"Lawrence Hall of Science, UC Berkeley","Berkeley, CA",berkeley; east-bay,volunteer,science; education,,,9 and up,unpaid,,year-round,Summer minimum 21 hours; school year two 3-hour shifts a month,closed-expect-reopen,"Paused: no new cohort in 2025, with a relaunch planned for 2026 (page text dates from Dec 2024). Last posted window closed Jan 16, 2024. No current cohort confirmed.",,unknown,False,Entering 9th grade or older and age 14 by June 1 (2024 cycle wording); not a current volunteer. Own transportation to Berkeley.,Check the Lawrence Hall of Science teen volunteer page; contact veronicau@berkeley.edu or 510-642-5132.,https://lawrencehallofscience.org/?p=12540,,fetched,2026-10-07,"The volunteer page now says it is not taking new adult volunteers and lists no teen program. Call or email to ask whether the redesigned teen program has launched. The age rules in who_can_apply come from 2024 wording, so the age fields are blank."
livermore-area-youth-advisory-commission,Livermore Area Youth Advisory Commission (LAYAC),City of Livermore,"Livermore, CA",east-bay; alameda,civic-government,law-government,12,20,,unpaid,Advisory commission seat. No pay is stated in the code.,year-round,,unconfirmed,Application dates not found. The city teen page that would list them returned an access block to our reads.,,unknown,False,"Youths ages 12 through 20, preferably attending Livermore schools. Youth members who attend Livermore schools do not have to live in the city (Livermore Municipal Code 2.51.010).",Not confirmed. Contact the City of Livermore to ask how to apply and when the next seats open.,https://www.livermoreca.gov/our-community/teens-kids,,snippet-only,2026-10-07,"Confirm first. The membership and duties come from Livermore Municipal Code Chapter 2.51, read on the code publisher's page. The city's own teen page (livermoreca.gov) returned HTTP 403 to both our fetch tools, so the application process, term, and dates are not confirmed. The municipal code gives 15 youth seats and 3 adult seats; the code does not say how seats are filled."
loma-linda-university-discovery-program,Discovery Program (Summer Health Sciences),Loma Linda University,"Loma Linda, CA",inland-empire,pre-college,health; science,,,9 to 12,fee-based,$30 non-refundable application fee (fee waiver available for financial need). The page does not list a program cost.,summer,"2 weeks (2026: July 12 to July 24), plus optional shadowing week",closed-expect-reopen,"2026 applications ran Jan 12 to April 12, 2026. 2027 dates not posted; expect a similar January to April window.",,last-year-pattern,False,High school students in 9th through 12th grade in the Inland Empire who are interested in health sciences. Students 17 and a half or older may be invited to an optional shadowing week.,"Submit the application form, a recommendation form from a teacher or clergy member, a 200-word essay on your interest in health sciences, and the $30 fee or a waiver request.",https://llu.edu/discovery,,fetched,2026-10-09,Closed until the next cycle opens. Loma Linda University is a Seventh-day Adventist institution.
los-altos-history-museum-teen-docent,"Teen Docent Program, Los Altos History Museum",Los Altos History Museum,"Los Altos, CA",silicon-valley,volunteer,education; arts-media,,,High school student enrolled in the 2026-27 academic year,unpaid,Not stated on the current page. A 2024 article describes volunteer hours and work experience.,school-year,"August 2026 through June 2027, at least 4 hours per month. Two-day training on August 8 and 9 for accepted applicants.",closed-expect-reopen,Applications for 2026-27 are closed (the page says the deadline for this year has passed). The museum says to check back next spring for the 2027-28 year.,,last-year-pattern,False,High school students enrolled in the 2026-27 academic year.,"Online Teen Docent Program application, linked from the museum site (closed for 2026-27). A 2024 article says selected applicants are called in for a brief interview.",https://losaltoshistory.org/TeenDocentProg,,fetched,2026-10-07,"Phone 650.948.9427; the page gives no email address. Pay is not stated on the current official page, so we list it as unpaid based on a 2024 article; confirm with the museum. The lahstalon.org article is a 2024 news piece, used only for the interview and volunteer details. The museum's adult docent roles are separate and not for teens."
los-rios-dual-enrollment,"Los Rios Dual Enrollment and CCAP (American River, Cosumnes River, Folsom Lake, Sacramento City)",Los Rios Community College District,"Sacramento area, CA",davis; sacramento; yolo,pre-college,any,14,18,9 to 12,unpaid-credit,"Tuition is free. Other fees may apply, such as the student representation fee. Books may cost extra.",year-round,Per semester,rolling,No single deadline. Apply and register by each college's term dates.,,rolling,False,At least 14 years old or already started ninth grade. Needs a parent or guardian signature and a recommendation from your high school principal.,"Talk to your high school counselor, pick the Los Rios college that offers the class, apply at that college as a dual enrollment student (parent signature and principal recommendation needed), then register.",https://losrios.edu/admissions/dual-enrollment,,fetched,2026-10-07,"Credits go on a permanent college transcript. Whether you also get high school credit depends on your school, so ask your counselor. Your school does not need a CCAP agreement for you to take a college class. Application deadlines are by college term."
madison-childrens-museum-volunteers,Madison Children's Museum Volunteers,Madison Children's Museum,"Madison, WI",madison,volunteer,education; arts-media,14,,,unpaid,Unpaid.,year-round,One 2-hour shift each week for at least two months,rolling,"No deadline stated. Shifts are filled first come, first served.",,rolling,False,Ages 14 and up can volunteer on their own. Ages 8 to 13 can volunteer with a caregiver.,"Fill out the volunteer application form on the page, clear a background check, interview (in person, Zoom or phone), attend orientation, then sign up for shifts on Sign Up Genius.",https://madisonchildrensmuseum.org/about/work-at-mcm/volunteers/,,fetched,2026-10-09,"Volunteer Coordinator: Tim Gruber, tgruber@madisonchildrensmuseum.org. Spots may be limited at any given time, so email before you apply."
madison-goodman-teenworks,TEENworks at Goodman Community Center,Goodman Community Center,"Madison, WI",madison,paid-youth-program,food-hospitality; education; social-impact,,,Grades 9 to 12,paid,Hourly wage; the rate is not stated.,year-round,Not stated,unconfirmed,No dates or enrollment status are posted on the page.,,unknown,,High school students in grades 9 to 12 (the page says the high school programs serve grades 9-12). Other rules are not stated.,"Not stated on the page. Contact the program: TEENworks Manager Trevor Moores or High School Manager Vernon Hill (608-204-8039), or the center at 608-241-1574, info@goodmancenter.org.",https://www.goodmancenter.org/children-teens/lussier-loft-teen-center/lussier-loft-high-school/teenworks,,fetched,2026-10-09,"Confirm pay, hours and whether enrollment is open by phone. If you are 14 or 15, Wisconsin generally requires a work permit for paid work (see the Wisconsin rules on this site). Address: 214 Waubesa St, Madison."
madison-henry-vilas-zoo-teen-program,Zoo Teen Program,Henry Vilas Zoo,"Madison, WI",madison,leadership,environment; science,14,17,,fee-based,$200 per teen for the summer. Scholarships are available. Applying is free and payment is due only after you are invited.,summer,"8 weeks, two days a week (June 22 to Aug 21 in 2026)",closed-expect-reopen,"2026 cycle: applications opened Jan 28 and closed Mar 1, 2026; notified Mar 2 to 13. 2027 dates not posted yet.",,last-year-pattern,False,Teens ages 14 to 17 at the start of the program. Residency is not stated. Teens need reliable transportation to and from the zoo.,Fill out the online application form (Google Form linked on the program page). Optional Zoom info sessions were held in February. Questions: education@henryvilaszoo.gov.,https://www.henryvilaszoo.gov/education/teen-program/,,fetched,2026-10-09,"The page still shows the Summer 2026 schedule, so the 2027 dates are a guess based on last year. The page's email link points to volunteer@henryvilaszoo.gov while the text says education@henryvilaszoo.gov, so check both. Phone on the page: 608-266-4732. Not a paid job."
madison-henry-vilas-zoo-teen-volunteers,Henry Vilas Zoo Volunteer Program (teens 14 to 17),Henry Vilas Zoo,"Madison, WI",madison,volunteer,environment; science,14,17,,unpaid,Unpaid. The zoo does not do last-minute school hour confirmations.,summer,Seasonal; commitment varies by role,closed-expect-reopen,Applications for ongoing roles are posted each year between February and April.,,last-year-pattern,False,"Teens ages 14 to 17 can volunteer on their own in many roles. Ages 10 to 14 can volunteer with a parent or guardian in some roles (gate greeters, goat yard, events, wildlife champions).",Pick a role on the zoo's Volunteer Roles page and fill out the application at the bottom of that role's page. Join the volunteer email list through the Volunteer Inquiry Form to hear about openings and information sessions.,https://www.henryvilaszoo.gov/volunteer/volunteer-faqs/,,fetched,2026-10-09,"If you need school-required hours, check with your school counselor first. The zoo does not currently support court-ordered community service hours."
madison-mmoca-teen-forum,MMoCA Teen Forum,Madison Museum of Contemporary Art,"Madison, WI",madison,internship,arts-media,,,11th and 12th grade,stipend,Members are paid a stipend. The amount is not stated.,school-year,"6 to 8 hours per month, in person at MMoCA, through the year",closed-expect-reopen,The page says applications were closed for the 2025 Teen Forum. No 2026-27 dates are posted.,,unknown,,11th and 12th grade students from the Madison area who care about the arts.,Not described on the page. Call MMoCA at (608) 257-0158 to ask when the next application opens.,https://www.mmoca.org/for-teens,,fetched,2026-10-09,"The page may be out of date (it mentions the 2025 group), so confirm by phone before planning around it. Small group."
madison-operation-fresh-start-legacy,Operation Fresh Start Legacy Program,Operation Fresh Start,"Madison, WI",madison,paid-youth-program,environment; trades; education,16,24,,stipend,"Bi-weekly stipend (amount not stated). Finishers may earn an AmeriCorps Education Award of about $2,800 for college.",year-round,"At least 1,000 program hours (total length not stated)",rolling,No deadline listed. The page says Legacy is accepting applications.,,rolling,False,Ages 16 to 24 in the Dane County area. Juniors and seniors need a referral from their home school. MMSD applicants must be entering the fourth quarter of junior year before applying.,Use the Apply Now button on the Legacy page (opens a Google Form). Seniors and juniors also need a referral from their home school.,https://www.operationfreshstart.org/program/legacy/,,fetched,2026-10-09,"Free program. Staff mentor graduates for one year after completion. Phone (608) 244-4721, info@operationfreshstart.org, 2670 Milwaukee St, Madison. The program starts at 16, so the Wisconsin permit rule for 14 and 15 year olds does not apply to it."
madison-public-library-teen-volunteering,Madison Public Library Volunteering (teens welcome),Madison Public Library,"Madison, WI",madison,volunteer,education; any,,,,unpaid,Unpaid.,year-round,Varies by branch,unconfirmed,No deadline. Openings change by branch and season; several branches had no openings on the day the page was read.,,unknown,False,"The form has an age category of '17 and under', and the page says teens can volunteer to complete school hours. A minimum age is not stated.","Fill out the online volunteer form (area of interest, availability, branch). Staff reply by email. A background check is required under City of Madison APM 2-44.",https://www.madisonpubliclibrary.org/support/volunteer,,fetched,2026-10-09,"On Oct 9, 2026 the page said Central Library had no openings and asked high school students needing hours (for example National Honor Society) to check back in fall 2026. Alicia Ashman, Hawthorne, Lakeview and Meadowridge listed no openings or a waitlist. Ask a branch before counting on hours."
madison-uw-accelerated-learning-program,Accelerated Learning Program (Badger Precollege),UW-Madison Badger Precollege,"Madison, WI",madison; national,pre-college,any,,,Students finishing grades 9 to 12,fee-based,"2026: domestic residential $4,750; commuter $2,850; international $5,100; plus a $100 application fee (fee waivers can be requested). Scholarships exist (see notes).",summer,3 weeks (June 28 to July 17 in 2026),closed-expect-reopen,"2026 cycle: applications opened Jan 12, scholarships due Apr 1, application deadline May 1, 2026. 2027 dates not posted.",,last-year-pattern,False,"Students finishing grades 9 to 12 from Wisconsin, across the U.S. and abroad. Admission usually looks at advanced coursework, a 3.2 unweighted GPA or similar, and essays. No age range is stated.",Online application with two essays (about 500 words total) and an unofficial transcript.,https://precollege.wisc.edu/accelerated-learning-program/,,fetched,2026-10-09,Full scholarship for Wisconsin residents who get free or reduced lunch; partial scholarship (up to 50%) with income paperwork; none for international students. Funds are limited. Contact info@precollege.wisc.edu or 608-890-3260.
madison-uw-badger-summer-scholars,Badger Summer Scholars (Badger Precollege),UW-Madison Badger Precollege,"Madison, WI",madison; national,pre-college,any,,,Students finishing grades 9 to 12,fee-based,"2026: domestic residential $4,450; commuter $2,600; international $4,800; plus a $100 application fee (fee waivers can be requested). Scholarships exist (see notes).",summer,About 2 weeks (July 19 to 31 in 2026),closed-expect-reopen,"2026 cycle: applications opened Jan 12, scholarships due Apr 1, application deadline May 1, 2026. 2027 dates not posted.",,last-year-pattern,False,"Students finishing grades 9 to 12. Admission usually looks at a 3.0 unweighted GPA or similar, coursework, interest in the course and essays. No age range is stated.",Online application with two short essays (about 500 words total) and an unofficial transcript. Decisions come on the 2nd and 4th Monday of each month.,https://precollege.wisc.edu/badger-summer-scholars/,,fetched,2026-10-09,"Full scholarship for Wisconsin residents who get free or reduced lunch; partial scholarship (up to 50%) with income paperwork; none for international students. Funds are limited and first come, first served. Contact info@precollege.wisc.edu or 608-890-3260."
madison-uw-engineering-summer-program,Engineering Summer Program (ESP),UW-Madison College of Engineering,"Madison, WI",madison; national,pre-college,engineering; science,,,"Current sophomore or junior (the page also says 'rising juniors and seniors', so confirm)",unpaid,Free: housing and meals included. No stipend is mentioned.,summer,"3 weeks (July 11 to 31 in 2026), residential",closed-expect-reopen,2026 application is closed and decisions were sent. No 2027 deadline posted.,,last-year-pattern,False,"U.S. citizens or permanent residents. Need at least a year each of algebra and geometry, a 3.0 unweighted GPA and a strong interest in math, science and engineering. Highly selective.","Online application, a high school transcript and a recommendation form. Questions: esp@engr.wisc.edu.",https://engineering.wisc.edu/engineering-summer-program/,,fetched,2026-10-09,Students live in Dejope Hall with supervision from staff and undergraduate counselors. Laundry and vending cost extra.
madison-uw-health-teen-volunteer,UW Health Teen Volunteer Program,UW Health,"Madison, WI",madison,volunteer,health,16,,,unpaid,Unpaid.,school-year,At least one full semester,opens-soon,"Application closed now. Spring semester applications are expected to open Dec 2, 2026, with onboarding finished by Jan 8, 2027. Summer expected to open Apr 12, 2027; fall expected in July 2027. All dates are subject to change.",,confirmed-2026-27,False,Teens ages 16 and up who can commit to at least one full semester.,"Apply through the Wisconsin volunteer application on the UW Health volunteer page when it opens. Onboarding takes several weeks: online trainings, health assessment, placement interview, caregiver background check.",https://www.uwhealth.org/volunteer,,fetched,2026-10-09,"Health clearance is required: seasonal flu shot, MMR, varicella, Tdap and a TB blood test. The page says waivers and exemptions are not accepted. Volunteer Services: (608) 263-6046, volunteer.services@uwhealth.org. The same page also covers Illinois locations; this card is for the Wisconsin application."
madison-wdbscw-wioa-youth,WIOA Youth Program (WorkSmart Network),Workforce Development Board of South Central Wisconsin,"Madison, WI",madison,paid-youth-program,any,16,24,,mixed,Not stated. All WorkSmart Network services are free.,year-round,Not stated,rolling,No deadline. The page says the online application is coming soon.,,rolling,,"Young adults ages 16 to 24 in south central Wisconsin (job centers in Dane, Sauk and Jefferson counties). Whether in-school youth qualify is not stated.","Attend a free info session (listed on Eventbrite from the page), visit a Job Center, or call 608-249-9001.",https://www.wdbscw.org/worksmart-network-wioa,,fetched,2026-10-09,"Eligibility rules (such as income) are not on the page, so call before you count on a paid placement."
madison-wdbscw-youth-apprenticeship,Wisconsin Youth Apprenticeship (Dane and Jefferson counties),Workforce Development Board of South Central Wisconsin,"Madison, WI",madison,school-pathway,any; trades; health,,,Juniors and seniors,paid,Paid while working; wage not stated.,school-year,1 or 2 years,rolling,"No application deadline listed. Virtual information nights (7:00 to 7:45 pm): Nov 18, 2026; Dec 16, 2026; Jan 20, 2027; Mar 17, 2027; and Feb 17, 2027 (UW Health sessions).",,rolling,,High school juniors and seniors in participating Dane and Jefferson county school districts. Employers choose and hire apprentices.,"Contact your school district's School to Career Coordinator (the page lists a name and phone for each district, for example Madison Metropolitan: Annie Johnston, 608-663-5384). Register for an information night on the program page.",https://www.wdbscw.org/youth-apprenticeship,,fetched,2026-10-09,"One date on the page is shown as Jan 20, 2027 even though its registration link says 2026, so check it. Students interested in UW Health need the Feb 17 session. Main office 608-249-9001. Ask the coordinator whether your age needs a Wisconsin work permit."
major-league-hacking,Major League Hacking (MLH) hackathons,Major League Hacking,Mostly in-person events; some online,virtual,virtual,tech-cs,,,,unpaid,Event costs are not listed on the pages read; check each event. The Fellowship pays a stipend (amount not stated).,year-round,Weekend events; Fellowship is 12 weeks,year-round,"Dates differ by event. See the 2027 season events list. California events listed: DiamondHacks (La Jolla, Apr 4 to 5, 2027) and LA Hacks (Los Angeles, Apr 16 to 18, 2027).",,unknown,False,Rules differ by event. On the 2027 events list only one event (hackPHS in New Jersey) is marked High School. The Fellowship page gives no age or student rule. Read each event page.,Browse the events list on mlh.com and read each event's age rule before registering.,https://www.mlh.com/,,fetched,2026-10-07,"The pages read did not state a minimum age. Many MLH events are aimed at college students, so check before you plan travel."
mcasd-teen-art-collective,Teen Art Collective,Museum of Contemporary Art San Diego (MCASD),"La Jolla, CA",san-diego,leadership,arts-media,,,11th and 12th,unpaid,No stipend or cost mentioned on the page.,school-year,"Sept 8, 2026 to June 2027; meets the 2nd and 4th Tuesday of each month, 5 to 7 p.m.",closed-expect-reopen,"2026-2027 applications were due Friday Aug 28, 2026. Next year's dates are not posted; expect a late-summer deadline.",,last-year-pattern,,11th and 12th grade students from San Diego. The page says the group draws teens from across San Diego County. Limited to 25 students.,Complete the online application (one per student). Invited students get an acceptance email and onboarding documents. Questions: education@mcasd.org.,https://mcasd.org/learn/teen-art-collective,,fetched,2026-10-09,Closed for 2026-2027. The program is supported in part by the California Arts Council.
mcpl-teen-advisory-board,Teen Advisory Board at MCPL,Montgomery County Public Libraries,"Montgomery County, MD",college-park,leadership,education; social-impact,13,18,8th grade through senior year,unpaid,Unpaid. You earn Student Service Learning (SSL) hours for attending meetings.,year-round,,year-round,No deadline stated.,,rolling,False,"Applicants must be 13 or in 8th grade at the time of application, up to age 17 or 18 and a senior in high school.",Complete the Teen Advisory Board Interest Form on the MCPL page; someone contacts you after it is received.,https://www.montgomerycountymd.gov/montgomery-county-public-libraries/about-library/board-advisory-committees/teen-advisory-board-mcpl,,fetched,2026-10-09,Unpaid volunteer role. The page says there will be more chances to volunteer at MCPL in the coming year.
menlo-park-library-teen-advisory-group,"Teen Advisory Group (TAG), Menlo Park Library","City of Menlo Park, Library and Community Services","Menlo Park, CA",silicon-valley,volunteer,education,,,Grades 7-12,unpaid,Volunteer. Members earn volunteer hours; the page does not say how many.,year-round,,rolling,Rolling membership. The page is accepting applications for new members and states no deadline.,,rolling,False,Applicants should be in grades 7-12. The page does not state a residency requirement.,"Complete the online application linked from the library's Teen services page. Questions to David Jimenez, Librarian I, 650-330-2528 or djimenez@menlopark.gov.",https://www.menlopark.gov/Government/Departments/Library-and-Community-Services/Library/About-the-library/Teen-services,,fetched,2026-10-07,"Meets the 1st and 3rd Thursdays, 4:30-5:30 pm, at Menlo Park Library (800 Alma St.), and the 1st and 3rd Wednesdays, 4-5 pm, at Belle Haven Library (100 Terminal Ave.). Members may attend one or both. The page is undated and is the only source; older M-A Chronicle articles describe pandemic-era activities and a different meeting pattern, so confirm the schedule with the librarian before the first meeting."
menlo-park-youth-advisory-committee,"Youth Advisory Committee (YAC), City of Menlo Park","City of Menlo Park, Library and Community Services Department","Menlo Park, CA",silicon-valley,leadership,law-government; social-impact,,,Entering grades 9-12 for the upcoming academic year,unpaid,Not stated on the page. Treated as unpaid committee service; confirm with the city.,school-year,"One-year term, September through May. About 6 hours per month for meetings and events.",closed-expect-reopen,"Closed for 2026-27. The 2026-27 window ran May through July 2026 (page lists a July 17, 2026 deadline). The next window is not announced.",,last-year-pattern,False,Must be a City of Menlo Park resident and be entering grades 9-12 for the upcoming academic year and committee term.,"Submit the YAC application form and supplemental questionnaire to the Library and Community Services Department. Staff review applications, schedule interviews and make the final selection.",https://menlopark.gov/yac,,fetched,2026-10-07,"Competitive, and closed now. Members must attend at least 75 percent of meetings. Contact Da'Shawn Williams, Recreation Coordinator, 650-330-2248. The page lists two email addresses (dlwilliams@menlopark.org and dlwilliams@menlopark.gov); confirm which is current. An older city notice said about 8 hours per month; the current page says about 6. The page does not mention pay, so we list it as unpaid; confirm with the city."
merced-county-office-of-education-empower,EMPOWER Program (Merced County Office of Education),Merced County Office of Education,"Merced, CA",merced,paid-youth-program,any,16,21,,mixed,Paid and/or unpaid work experience; wages are not stated.,year-round,Not stated; follow-up services for at least 12 months after the program,unconfirmed,No dates posted on the page; it has an online interest and application form.,,unknown,,"Out-of-school youth ages 16 to 21 (for example, youth without a high school diploma). Teens 16 to 18 qualify only if they are out of school.","Use the Click here to apply form on the EMPOWER page, or call 209-381-5926. The office is at 658 W. Main Street, Merced.",https://www.mcoe.org/departments-programs/educational-services/college-career/empower,https://docs.google.com/forms/d/e/1FAIpQLSd_ize_-J-jD5FPmQd6q6T_3_ZezZPNhbH8pKQMqvWmAokjRg/viewform,fetched,2026-10-09,"Prospero (the Merced County workforce board, formerly WorkNet) lists EMPOWER as its main youth program for out-of-school youth. Prospero Youth Team: 209-724-2036. Confirm first: the page gives no start dates or wage."
merced-muhsd-dual-enrollment-merced-college,Dual Enrollment and Merced College Classes (Merced Union High School District),Merced Union High School District and Merced College,"Merced, CA",merced,school-pathway,any,,,,unpaid-credit,"Free: students can take college courses at no cost, up to 11 units a semester. Textbook fees are waived for CCAP classes; textbook fees apply for concurrent enrollment.",year-round,By semester,rolling,No dates posted on the district page; check with your school's Pathway Counselor.,,unknown,False,"Students in good academic standing at a Merced Union High School District school (Atwater, Buhach Colony, El Capitan, Golden Valley, Livingston, Merced, Sequoia, Yosemite). Complete the Merced College application, a parent consent form and a High School Permit.","Apply to Merced College, submit the parent consent form and High School Permit, and talk to your school's Pathway Counselor.",https://www.muhsd.org/14428_4,,fetched,2026-10-09,College privacy law applies once you enroll: parents do not get progress updates from Merced College. A college GPA below 2.0 can affect future college eligibility and financial aid.
mfrl-teen-library-volunteer,Teen Library Volunteer,Montgomery-Floyd Regional Library (Blacksburg and Christiansburg branches),"Blacksburg and Christiansburg, VA",blacksburg,volunteer,education,11,,,unpaid,Unpaid.,year-round,1 to 2 hour shifts,year-round,No deadline stated.,,rolling,False,"Teens must be 11 or older. Volunteering is during the school year, with extra hours in summer for the Summer Reading Program.",Fill out the Teen Volunteer Application and return it to the front desk. An application does not guarantee acceptance. Missing 3 shifts without notice removes you from the schedule.,https://www.mfrl.org/teens.php?service=involved,https://www.mfrl.org/wp/wp-content/uploads/Teen-Vol-Application.doc,fetched,2026-10-09,"The page was last updated Nov 12, 2024, so call your branch to confirm. Unpaid volunteering, so no work permit."
michigan-wioa-youth-michigan-works,WIOA Youth Program through your local Michigan Works! agency,"Michigan Department of Labor and Economic Opportunity, delivered by local Michigan Works! agencies (Michigan Works! Southeast for Washtenaw County, Capital Area Michigan Works! for the Lansing area)","Michigan (statewide, run locally)",michigan; ann-arbor; lansing,paid-youth-program,any,14,24,,mixed,"Not stated. The state page lists both paid and unpaid work experiences, including summer employment, as possible services.",year-round,Varies by local agency,year-round,Operated year round by local Michigan Works! agencies. No state deadline is posted.,,rolling,,"In-school youth ages 14 to 21 who are low income and have at least one listed barrier (for example basic skills deficient, English language learner, homeless or foster youth, pregnant or parenting, disability). Out-of-school youth ages 16 to 24 with a listed barrier.","Call Michigan Works! at 1-800-285-WORKS (9675) or find your local agency by ZIP code at michiganworks.org, then ask about WIOA Youth eligibility.",https://www.michigan.gov/leo/bureaus-agencies/wd/programs-services/workforce-innovation-and-opportunity-act-wioa-youth-program,,fetched,2026-10-09,"Not open to every teen: eligibility depends on income and barriers, so a short call to the local agency is the real first step. The state page does not list a local application form or local youth contacts. Capital Area Michigan Works!' own site (camw.org) mentions WIOA and says 259 youth were served but does not describe its youth program in detail. Work experience for anyone under 18 in Michigan needs a work permit under the state's youth employment law."
middlesex-college-opportunity-youth-program,"Opportunity Youth Program, Middlesex College",Middlesex College,"New Brunswick, NJ",new-brunswick,paid-youth-program,any,16,24,,paid,Paid training and work experience are listed; the wage is not stated.,year-round,Not stated,rolling,No dates listed.,,rolling,,Out-of-school youth ages 16 to 24 who live in Middlesex County and meet additional eligibility criteria. Not for teens currently enrolled in high school.,"Email opportunityyouthprogram@middlesexcollege.edu to start. Office: 550 Jersey Avenue, New Brunswick, Monday to Friday 8:30 a.m. to 4:00 p.m.",https://www.middlesexcollege.edu/youth-programs/opportunity-youth-program/,,fetched,2026-10-09,The page does not name the funding source. Teens under 18 who are not in school should check eligibility with the office.
milpitas-youth-advisory-commission,Milpitas Youth Advisory Commission,City of Milpitas,"Milpitas, CA",silicon-valley,civic-government,law-government; social-impact,,,Grades 7 through 12,unpaid,,year-round,Three-year terms (seven commissioners and two alternates),rolling,"The city says commission applications are accepted year-round, and appointments are made as needed. No closing date is stated.",,rolling,False,Commissioners must be in grades 7 through 12 and live in Milpitas. Applicants also complete the Youth Advisory Commission supplemental questionnaire.,"Submit a commission application online, by email, by mail, or in person, with the Youth Advisory Commission supplemental questionnaire. Questions go to the City Clerk's Office at cityclerk@milpitas.gov or 408-586-3001.",https://www.milpitas.gov/550/Youth-Advisory-Commission,,fetched,2026-10-07,"Regular meetings at 6 p.m. on the second Thursday of every month, Milpitas Teen Center, Rooms 140/141, 40 N Milpitas Boulevard. Founded April 1996. The page lists current members with terms ending September 2028. Pay is not mentioned on the page, so it is listed as unpaid. The supplemental questionnaire PDF could not be read, so its questions are not summarized here."
mingei-teens-at-mingei,Teens at Mingei,Mingei International Museum,"San Diego, CA (Balboa Park)",san-diego,leadership,arts-media,16,17,Entering 10th or 11th,stipend,$750 for full participation,school-year,"15 sessions, twice a month on Wednesdays 4:30 to 6:30 p.m., October to May",closed-expect-reopen,"2026-2027 applications ran March 2 to April 1, 2026, with interviews April 20 to 24 and notices in August. Next cycle not posted; expect a similar spring window.",,last-year-pattern,,"Ages 16 to 17, entering 10th or 11th grade in fall 2026, and attending a San Diego County high school.","Online application, then a mandatory in-person interview and group interview if advanced. Contact the museum's Education Specialist or see the program PDF on the page.",https://mingei.org/teens-at-mingei,,fetched,2026-10-09,Closed for the 2026-2027 cohort. The page does not say whether a work permit is needed for the stipend.
minneapolis-step-up,Step Up (Foundations level),"City of Minneapolis, Community Planning and Economic Development","Minneapolis, MN",twin-cities,paid-youth-program,any,14,21,,paid,Paid by the City of Minneapolis (Foundations level); hourly rate and weekly hours not stated on the page. Teens not matched can do a 5-week online Career Exploration Program and earn up to $599 plus elective credit.,summer,About 2 months (June 22 to August 21 in 2026),closed-expect-reopen,"The 2026 window was Jan 5 to Mar 1, 2026. 2027 dates are not posted; the city says applications open each January and offers a sign-up for 2027 updates.",,last-year-pattern,,Minneapolis residents ages 14 to 21 who are not enrolled in college. The Foundations level is for ages 14 to 21; the Pro level is for ages 16 to 21 with previous work or volunteer experience.,"Apply online during the January window. Accepted students (notified by about Mar 10) complete a required in-person orientation in March and April, then are matched with an internship.",https://www.minneapolismn.gov/government/programs-initiatives/step-up/,https://www.minneapolismn.gov/government/programs-initiatives/step-up/application-process/,fetched,2026-10-09,Step Up Director phone 612-673-5041; program phone 612-673-5118. The page does not mention work permits. Not every applicant is matched with a paid internship.
minnesota-zoo-zooteen-volunteer,ZooTeen volunteers,Minnesota Zoo,"Apple Valley, MN",twin-cities,volunteer,environment; education,13,17,,unpaid,Unpaid. Benefits include free admission for you and your immediate family and shop discounts.,summer,Summer camp season (details not stated),closed-expect-reopen,Applications for the Summer 2026 ZooTeen camp season are closed. The page says to check the website in 2027 for next summer.,,unknown,False,Teens ages 13 to 17. (Zoo Ambassador volunteers must be 18 or older.),Watch the Minnesota Zoo volunteer page in 2027 for the application. Questions go to the volunteer services email on the page.,https://mnzoo.org/volunteernew/,,fetched,2026-10-09,ZooTeens do not handle or care for animals; they work with campers.
mission-college-high-school-dual-enrollment,Mission College High School Dual Enrollment,Mission College (West Valley-Mission district),"Santa Clara, CA",silicon-valley,school-pathway,any,,,,unpaid-credit,Enrollment fees waived; you pay only for textbooks and materials (many courses have no textbook cost),school-year,"By term (fall, winter, spring, summer)",rolling,No deadlines listed on the page. Follow the term dates.,,rolling,False,High school students prepared for college-level work. Students in 9th grade or below need special approval from the Director of Outreach and Student Development. English and math placement rules apply. No GPA rule stated.,"Apply through OpenCCC, do the placement assessment, submit the Dual Enrollment Form (parent and school counselor signatures, 2 to 3 business days), meet prerequisites, then register in the My Mission portal. Phone (408) 855-5007.",https://missioncollege.edu/student_services/outreach/hs-students.html,,fetched,2026-10-07,"Unit limits: up to 8 in fall or spring (non-MECHS students), 6 in winter, 9 in summer; more needs a petition. Undocumented students are welcome. Getting to campus is on you."
montgomery-county-recreation-seasonal-jobs,Montgomery County Recreation seasonal part-time jobs,Montgomery County Recreation,"Montgomery County, MD",college-park,paid-youth-program,sports; education,,,,paid,Part-time/seasonal pay starts at $18 per hour and increases with experience (no benefits).,summer,Seasonal,rolling,No deadline stated. Summer camp positions fill in spring.,,rolling,True,The department says teens interested in seasonal part-time positions can apply. A minimum age for these jobs is not stated on the page I read (it lists 15 for TeenWorks and 14 for volunteers).,Use the 'Search and Apply' link on the Recreation employment page to apply for seasonal part-time positions.,https://www.montgomerycountymd.gov/montgomery-county-recreation/how/employment-opportunities,,fetched,2026-10-09,"Call or check the posting for the minimum age of each job (lifeguard and camp roles usually have their own age and certification rules). Maryland rule (Maryland Department of Labor): work permits are required for all minors under 18 to work in Maryland, issued only after a job offer."
montgomery-county-summer-rise,Summer RISE,"Montgomery County Public Schools, Department of Partnerships","Montgomery County, MD",college-park,internship,any,,,Rising 11th and 12th (MCPS students),stipend,"Stipend, if funded (amount not stated).",summer,"5 weeks, 50 hours (Jun 21 to Jul 23, 2027)",closed-expect-reopen,Student registration opens in January and runs January to February (year not stated on the page). Placements are announced in April or May.,,unknown,,"Rising juniors and seniors in Montgomery County Public Schools with parent or guardian permission. Must be free weekdays Jun 21 to Jul 23, 2027, 7 a.m. to 6 p.m.","Register online (parent or guardian reads the Parent/Guardian Agreement first), choose your top three career areas and in-person or virtual preference. If accepted, attend a mandatory workshop on professional skills and financial literacy.",https://www.montgomeryschoolsmd.org/departments/partnerships/summer-rise/for-students,,fetched,2026-10-09,"Hours are set by each host. Because it is a stipend (if funded) role, ask your school counselor whether a Maryland work permit applies. Maryland rule (Maryland Department of Labor): work permits are required for all minors under 18 to work in Maryland, issued only after a job offer."
montgomery-county-teenworks-employment-program,TeenWorks Employment Program,Montgomery County Recreation (Youth Development),"Montgomery County, MD",college-park,paid-youth-program,any,15,,9 to 12,paid,"Minimum wage (county FAQ). Maximum hours depend on grade when first hired: 9th grade 350, 10th grade 300, 11th and 12th grade 200.",year-round,Full-year commitment; assignments run 200 to 350 hours,unconfirmed,"Application windows on the page: Jan 2 to Mar 30 (spring/summer) and Aug 1 to Nov 30 (fall/winter). The page does not state the year, so the fall/winter window may be open now.",,last-year-pattern,True,"Montgomery County residents who are high school students and at least 15, can work for a full year, attend a mandatory information session, and have a parent or guardian's consent.","Attend the mandatory TeenWorks information session, interview with the TeenWorks team, then complete the county employment application when the posting is available. Phone 240-777-8080.",https://www.montgomerycountymd.gov/montgomery-county-recreation/activities-programs/youth-development/teenworks-employment-program,,fetched,2026-10-09,"The 15 year minimum comes from the Recreation employment page, not the program page. The window dates have no year on the page, so confirm that the fall/winter window is still open. TeenWorks staff are seasonal county employees. Maryland rule (Maryland Department of Labor): work permits are required for all minors under 18 to work in Maryland, issued only after a job offer."
mountain-view-teen-volunteer-summer-program,City of Mountain View Teen Volunteer Summer Program,"City of Mountain View, The View Teen Center","Mountain View, CA",silicon-valley,volunteer,education; environment; sports,,,,unpaid,Free to participants; unpaid,summer,"1 to 3 weeks minimum, depending on role",closed-expect-reopen,Applications for the 2027 Teen Summer Volunteer Program open in late winter or early spring 2027. No closing date posted yet.,,unknown,False,"Teens; the page says age limits vary by program but does not list them. Minimum time: Junior Leaders 1 week, Junior Lifeguards 2 weeks, Deer Hollow Farm interns 3 weeks.","Follow the application steps on the city page (online account, email, or mail/drop-off at Mountain View Community Center, 201 S. Rengstorff Ave). Questions: TheViewTeenCenter@mountainview.gov.",https://www.mountainview.gov/our-city/departments/community-services/recreation/youth-teens/teen-programs/teen-summer-volunteer-opportunities,,fetched,2026-10-07,"Age limits are not listed on the page, so email The View Teen Center to check yours. Shifts are weekdays (Junior Lifeguards also Saturdays). Transport to Deer Hollow Farm is provided from the Community Center."
mountain-view-youth-advisory-committee,Mountain View Youth Advisory Committee (YAC),City of Mountain View,"Mountain View, CA",silicon-valley,civic-government,law-government; social-impact,,,Middle school and high school,unpaid,Unpaid; no cost stated,school-year,"School year, August to June",unconfirmed,"Page still shows an 'Apply now for 2026-2027' banner but gives no closing date; applications opened Feb 6, 2026. Recruitment for the next school year opens each February.",,unknown,False,Middle and high school students who represent Mountain View teens. The committee has fifteen members plus members-at-large. Residency or school rules are not spelled out on the page.,Use the application link on the city YAC page. Questions: yac@mountainview.gov or 650-903-6331.,https://www.mountainview.gov/our-city/city-council/boards-commissions-and-committees/youth-advisory-committee,,fetched,2026-10-07,"Meets twice a month, August to June, at 4:30 p.m. in person at The View Teen Center, 263 Escuela Ave. Email to ask whether 2026-27 seats are still open."
mtc-high-school-internship-program,Norman Mineta Bay Area Summer Academy (MTC),"Metropolitan Transportation Commission (with ABAG, BCDC and the Bay Area Air District)","Bay Area (virtual sessions, final session in San Francisco)",east-bay; oakland; san-francisco; peninsula; silicon-valley,civic-government,engineering; environment; law-government,15,,Completed 9th grade,stipend,Stipend paid after completion; amount not stated,summer,"2026: virtual Thursday evening sessions in July plus a final in-person session at Bay Area Metro Center, San Francisco (July 31, 2026)",closed-expect-reopen,"The 2026 program is over. The 2026 call was announced March 24, 2026; exact open and close dates are not on the page. 2027 not posted.",,last-year-pattern,,"Bay Area residents who attend a local high school, are at least 15 and have finished 9th grade before it starts. Parent or guardian permission is needed under 18. GPA is not considered.",Contact Academy@BayAreaMetro.Gov or 415-778-5207. The page does not detail the application steps.,https://mtc.ca.gov/jobs-contracts/job-opportunities/internships-summer-academy/norman-mineta-high-school-summer-academy,,fetched,2026-10-07,"MTC's older 'High School Internship Program' pages date to 2018; the high school program MTC lists now is this Academy. It is mostly virtual evening sessions, not a job placement."
museum-life-science-summer-camp-youth-volunteer,Summer Camp Youth Volunteer,Museum of Life and Science,"Durham, NC",triangle,volunteer,science; education,14,17,,unpaid,,summer,Camp weeks; schedule not stated on the pages read,unconfirmed,No 2027 deadline posted on the pages read. Check with the museum in early 2027.,,unknown,False,Youth volunteers ages 14 to 17.,"Apply through the museum's volunteer portal (MyImpactPage) via the Learn more link on the Volunteer page. General museum volunteer steps listed: application, background check, new volunteer orientation. Questions: volunteer@lifeandscience.org.",https://www.lifeandscience.org/support/volunteer/,,fetched,2026-10-09,"The camp-specific application page returned an error, so the camp schedule, requirements and deadline were not confirmed. The general volunteer perk is a free membership after 100 hours in a year (not confirmed for youth)."
naacp-jmrl-library-internship-scholarship,NAACP/JMRL Paid Library Internship and Scholarship,Jefferson-Madison Regional Library and Albemarle-Charlottesville NAACP,"Charlottesville, VA",charlottesville,internship,education,,,"Entering 12th grade, or age 17 or older",stipend,"$3,000 stipend for 200 hours, plus eligibility for a $2,000 yearly scholarship toward an associate's, bachelor's or master's degree (up to $5,000 a year total)",summer,200 hours of library work,closed-expect-reopen,"2026 cycle: applications due 5 pm, March 27, 2026; award announced by April 30, 2026. 2027 dates not posted.",,last-year-pattern,,"Residents of Albemarle, Charlottesville, Greene, Louisa or Nelson who are at least 17 or entering 12th grade. High school applicants need a college admittance letter or a counselor letter showing they plan to attend college.","Submit an application form, an essay of at least 300 words, transcripts with GPA, a resume, a college letter, and two reference letters from non-family members, to director@jmrl.org or to the Library Director, 201 East Market St, Charlottesville.",https://jmrl.org/sites/default/files/2026-02/NAACP-JMRL-Intern-Scholar-2026.pdf,,fetched,2026-10-09,The official source read is the 2026 program flyer (PDF) on jmrl.org; the library's other pages did not list this internship. An applicant cannot receive the award more than twice. Whether a Virginia Employment Certificate is needed for 14 and 15 year olds was not stated (applicants are 17 or entering 12th grade).
nasa-citizen-science,NASA Citizen Science Projects,NASA,Virtual,virtual; national,volunteer,science; environment,,,,unpaid,Free,year-round,Whenever you want,year-round,Always open.,,rolling,False,"Open to everyone, and no citizenship is needed. Age rules vary by project: some (GLOBE Observer, NeMO-Net) are marked kid friendly; Growing Beyond Earth is for middle and high school teachers.","Browse the project list, pick one, and follow that project's own sign-up steps.",https://science.nasa.gov/citizen-science/,,fetched,2026-10-07,Some projects need a telescope or other gear. Projects are free to join.
nasa-genelab-for-high-schools,NASA GeneLab for High Schools (GL4HS),NASA Ames Research Center,"Virtual (hosted by NASA Ames, Mountain View, CA)",silicon-valley; virtual; national,research,science; tech-cs; health,,,Rising juniors and seniors (and college freshmen),unpaid,Free. No stipends since 2026.,summer,"12 weeks, June 1 to Aug 28 in 2026",closed-expect-reopen,"2026 applications ran Feb 15 to Mar 15, 2026, or until 1,000 applicants. 2027 dates not posted.",,last-year-pattern,False,"U.S. citizens or permanent residents attending a U.S.-based high school; rising juniors, seniors, or college freshmen; unweighted GPA of 3.0 or higher; at least one high school biology course; a computer with stable internet.",Apply online with a PDF high school transcript when the window opens.,https://www.nasa.gov/ames/genelab-for-high-schools/,https://www.nasa.gov/ames/space-biosciences/genelab-for-high-schools-application-instructions,fetched,2026-10-07,"The real NASA Ames option for high schoolers. NASA's main OSTEM internships are college-only. Acceptance was rolling through April 30, 2026, and the cap was 1,000 applications, so apply early. Needs a PDF high school transcript. No 2027 dates posted."
nationwide-childrens-high-school-career-academy,High School Career Academy,Nationwide Children's Hospital,"Columbus, OH",columbus,shadowing,health,,,Grades 11 and 12,paid,Paid; amount not stated,school-year,November to April; two evening sessions a month (4:30 to 8 p.m.),closed-expect-reopen,Registration for 2026-2027 is closed. 2027-28 dates are not posted.,,last-year-pattern,True,11th and 12th grade students from Franklin County and surrounding areas.,Register when the program reopens; contact HNHFWorkforceDev@nationwidechildrens.org.,https://www.nationwidechildrens.org/about-us/population-health-and-wellness/healthy-neighborhoods-healthy-families/workforce-development/high-school-career-academy,,fetched,2026-10-09,The hospital's student opportunities page also lists Project SEARCH (a 9-month internship for students with disabilities) and Upward Bound Math and Science. Ohio law (ORC 4109.02) requires an age and schooling certificate (work permit) for working minors of school age; 16 and 17 year olds working in the summer months can instead give the employer proof of age and a signed parent or guardian consent statement.
nationwide-childrens-youth-employment-program,Youth and Young Adult Employment Program (paid summer work experience),Nationwide Children's Hospital,"Columbus, OH",columbus,internship,health,16,21,,paid,Paid; hourly rate not stated,summer,"4 or 8 weeks, about 20 hours a week (2026: June 8 to July 30)",closed-expect-reopen,"2026 registration opened Feb 2 and closed March 27, 2026. 2027 dates are not posted.",,last-year-pattern,False,Youth and young adults ages 16 to 21. Participants must be at least 16 years old at the time of registration.,Register online during the registration window. Questions: HNHFWorkforceDev@NationwideChildrens.org.,https://www.nationwidechildrens.org/about-us/population-health-and-wellness/healthy-neighborhoods-healthy-families/workforce-development/youth-employment-program,,fetched,2026-10-09,"Popular: the page says there is overwhelming interest, and about 108 young adults took part in 2025. Schedules are Monday to Friday starting at 9 or 10 a.m. All participants are 16 or older, and Ohio law (ORC 4109.02) lets 16 and 17 year olds working in the summer give proof of age and a signed parent or guardian consent statement instead of a work permit; the hospital may still ask for paperwork, so confirm."
nc-museum-natural-sciences-junior-curators,Junior Curators,North Carolina Museum of Natural Sciences,"Raleigh, NC",triangle,volunteer,science; environment,,,Grades 9-12,fee-based,"$75 per year (snacks, T-shirt, boots and protective eyewear); optional trips may cost extra for travel",school-year,September to April. One monthly meeting with Living Collections staff plus two monthly group meetings with scientists (3:30-5 pm).,closed-expect-reopen,The 2026-27 application period has closed. Applications reopen in January 2027 and are due in March 2027 for 2027-28 (exact day not posted).,,confirmed-2026-27,False,Students in grades 9 to 12. The school calendar followed is Wake County's; the page does not say whether eligibility is limited to the Raleigh area.,The page gives no step-by-step process. Staff contact is Lynn Cross (listed on the page).,https://naturalsciences.org/learn/junior-curators,,fetched,2026-10-09,Selection criteria were not described on the page.
nc-museum-natural-sciences-junior-interpreters,Junior Interpreters,North Carolina Museum of Natural Sciences,"Raleigh, NC",triangle,volunteer,science; education,,,Rising grades 9-12,fee-based,"$75 per summer (covers orientation, food, T-shirt, nametag and props)",summer,"10 weeks, June 15 to August 19. One shift a week (Tue, Wed or Thu, 10-1 or 1-4). Required orientation Saturday May 15.",closed-expect-reopen,"Applications open mid-January 2027 and are due 5 pm Monday, March 22, 2027. Group interviews April 13-15, 2027, 3:30 to 5:00 pm; top applicants are invited.",2027-03-22,confirmed-2026-27,False,Rising 9th to 12th graders. The museum's general volunteer rule is 18 and older; under-18s join through the teen programs.,"Apply online when the window opens in mid-January 2027, then attend a group interview if invited. The page does not describe the application steps; contact the listed staff member.",https://naturalsciences.org/learn/junior-volunteers,,fetched,2026-10-09,"Teens may reschedule up to 3 of the 10 shifts. Other teen programs on the museum's Teens page (Climate Resilience Institute, Cafe Coordinators, Teen Science Cafes) were listed without dates or fees."
ncsu-rising-11-12-residential-engineering-camps,NC State Rising 11th-12th Grade Residential Engineering Camps,"NC State College of Engineering, The Engineering Place","Raleigh, NC",triangle,pre-college,engineering,,,Entering 11th or 12th grade,fee-based,"$1,550 camp fee in 2026, no refunds. A limited amount of financial aid is available for demonstrated need.",summer,"1 week (2026 weeks: June 14-19, June 21-26, July 5-10, July 12-17)",closed-expect-reopen,"2026 cycle: portal open January 12 to February 27, 2026; decisions March 27, 2026. The page says to watch for 2027 camp information.",,last-year-pattern,False,"Students entering 11th or 12th grade (2026 page). Homeschooled, out-of-state and international students are encouraged to apply. Admission is based on academics (typically A's and B's in math and science) and interest.","Online application: GPA, school and counselor info, and two short written answers (camp goals and a problem you would like to solve). Each applicant is placed in one workshop.",https://tep.engr.ncsu.edu/k-12-student-programs/rising-11-12-residential-camps/,,fetched,2026-10-09,All dates and the fee on the page are for 2026; 2027 terms were not posted. The Engineering Place also runs day camps for younger students.
new-brunswick-elijahs-promise-volunteer,"Soup Kitchen Volunteering, Elijah's Promise",Elijah's Promise,"New Brunswick, NJ",new-brunswick,volunteer,food-hospitality; social-impact,16,,,unpaid,Unpaid. Court-ordered service hours are not accepted.,year-round,"One shift at a time, Monday to Saturday between 8:00 am and 12:30 pm",year-round,"Sign up for open shifts online; if none show, they are filled.",,rolling,False,"Volunteers must be at least 16. Anyone under 18 must come with a guardian, and you must secure an individual volunteer slot for both the adult and child.",Register for a shift on the volunteer site linked from the page; a minor and the supervising adult each need their own slot. Questions: volunteer@elijahspromise.org or 732-545-9002 ext. 122.,https://elijahspromise.org/volunteer/,,fetched,2026-10-09,Wear closed-toed shoes and long pants; expect to stand for the whole shift. Only five people fit in the kitchen at once. Large groups are booked through January 2027.
new-brunswick-rutgers-4h-stem-ambassadors,Rutgers 4-H STEM Ambassadors Program,"Rutgers Cooperative Extension, NJ 4-H","New Brunswick, NJ",new-brunswick,leadership,science; engineering; tech-cs; education,,,Entering 9th or 10th grade (apply in 8th or 9th grade),unpaid,"Free: direct summer program expenses are paid by a scholarship valued at $1,000. No wage or stipend is listed.",year-round,"Year-round, multi-year; 2026 summer program at Rutgers-New Brunswick was July 6 to 10",closed-expect-reopen,2026 cohort application closed. The page says check back in early 2027 for the next cohort.,,last-year-pattern,False,"College-bound youth from urban communities in Atlantic, Camden, Essex, Hudson, Mercer, Middlesex, Passaic and Union counties, with a B or better GPA, top 25% of the class, and interest in volunteering to help 4-H with STEM programs.","Online application on the program site (opens early in the year). About 60 students are accepted each year. Contact on the Rutgers 4-H STEM site: Chad Ripberger, ripberger@njaes.rutgers.edu.",https://4hstemambassadors.rutgers.edu/about/,,fetched,2026-10-09,Only students in the listed counties qualify. Selected students start with an orientation in May and two short online modules.
new-brunswick-rutgers-summer-scholars,Rutgers Summer Scholars Program,Rutgers University-New Brunswick Pre-College Summer Programs,"New Brunswick, NJ",new-brunswick,pre-college,any,16,18,Current high school students (graduating seniors not eligible),fee-based,"2026 rates per credit: in-state $482 (Arts and Sciences) to $551 (SEBS), out-of-state $1,148 to $1,338, plus a one-time $162 student fee. Courses are typically 3 credits; up to two courses.",summer,"Summer Session I (started May 26, 2026) or Session II (started July 6, 2026)",closed-expect-reopen,2026: applications opened February 2; last day to apply May 17 (Session I) and June 28 (Session II). 2027 dates not posted.,,last-year-pattern,False,"Current high school students ages 16 to 18 (must be 16 by the course start date) with at least a 3.0 unweighted GPA, who are U.S. citizens or permanent residents. Graduating seniors are not eligible.","Online application plus unweighted transcript, a Parent/Guardian Permission Form and a letter of recommendation (teacher or anyone who knows your work). Reviewed first come, first served; decisions in 5 to 7 business days.",https://precollegesummer.rutgers.edu/scholars,,fetched,2026-10-09,Some courses need extra technology or prerequisite courses. Withdrawing after the add/drop period puts a W on a Rutgers transcript. Questions: summerscholars@rutgers.edu.
new-brunswick-rutgers-thed-high-school-summer,"Toxicology, Health and Environmental Disease (THED) High School Summer Program",Rutgers Environmental and Occupational Health Sciences Institute (EOHSI),"Piscataway, NJ",new-brunswick,research,science; health; environment,,,"Entering 10th, 11th or 12th grade in fall 2026, with at least one high school biology course",fee-based,"$975 non-refundable camp fee covers tuition, manuals, materials, safety equipment, lab supplies and lunch. Need-based financial aid may be available. No housing or transportation provided; no stipend.",summer,"One week, 9 a.m. to 5 p.m. (2026 sessions: July 20 to 24 and July 27 to 31)",closed-expect-reopen,"2026 cycle: enrollment opened January 5, 2026; deadline was Monday, March 2, 2026. 2027 dates not posted.",,last-year-pattern,False,Motivated high school students entering grades 10 to 12 who have completed at least one high school biology course.,"Online application only: about 250-word essay on your interest, high school transcripts or report cards, and your preferred session. Acceptance emails go out in the first week of April; pay within 2 weeks to hold the spot.",https://eohsi.rutgers.edu/thedprogram/,,fetched,2026-10-09,"Held at EOHSI, 170 Frelinghuysen Road, Piscataway. Questions: THED@eohsi.rutgers.edu. Expect the 2027 cycle to follow the same winter pattern, but confirm on the page."
new-brunswick-rutgers-young-scholars-discrete-math,Rutgers Young Scholars Program in Discrete Mathematics,Rutgers University (DIMACS / Mathematics),"Piscataway, NJ",new-brunswick,pre-college,science; tech-cs,,,,fee-based,"Expected $4,800 for 2026 (tuition, materials, housing and Monday to Friday meals). Partial and need-based scholarships available.",summer,"Four weeks (2026: July 6 to 31), residential, home on weekends",closed-expect-reopen,"2026: reviewed first come, first served from February 2026; completed application, including solutions to the problems, by March 31 if seeking a scholarship; financial aid applications by April 15, 2026. 2027 dates not posted.",,last-year-pattern,False,Mathematically talented high school students. No specific grade or age is listed. You must submit solutions to the Problems to Explore.,"Four parts: Student Information and Consent Google Form (with a parent), your solutions to the Problems to Explore, a teacher recommendation emailed directly, and a transcript emailed by your counselor.",https://math.rutgers.edu/academics/outreach-activities/1716-outreach-activities-2,,fetched,2026-10-09,Residential; students go home on weekends. Page read was the Summer 2026 listing.
new-brunswick-rwjuh-teen-volunteer,"Teen / High School Volunteers, Robert Wood Johnson University Hospital","RWJBarnabas Health, Robert Wood Johnson University Hospital","New Brunswick, NJ",new-brunswick,volunteer,health,15,18,Must have completed 9th grade,unpaid,Unpaid. The required urine drug screen is free to the volunteer; no other costs are listed.,year-round,"Minimum 100 hours of service per year; the hospital hopes for 2 to 3 hours a week. Shifts mornings, afternoons and evenings, 7 days a week.",year-round,No application deadline or dates are listed on the page.,,rolling,False,"Teens ages 15 to 18 who have completed ninth grade. Weekday shifts are 4 to 6 p.m. for ages 15 and up, or 6 to 8 p.m. for ages 16 and up.","Email the Volunteer Director (Jacob.Persily@rwjbh.org) with the teen's name, high school and current grade. Applications are not sent at a parent's request. Then orientation, medical clearance (health form from a doctor covering TB screening, immunizations and flu vaccine) and a drug screen. Phone: 732-937-8507.",https://rwjbh.org/rwj-university-hospital-new-brunswick/volunteer-opportunities-at-rwjuh/teen-volunteers,,fetched,2026-10-09,Volunteers must be fully vaccinated and wear the provided uniform. The page says internships and shadowing are not offered. A newer and an older version of this page disagreed on hours (75 vs 100 a year); the page read on 2026-10-09 says 100.
new-brunswick-waksman-wise-summer-research,Waksman Institute Summer Experience (WISE),"Waksman Institute of Microbiology, Rutgers University","Piscataway, NJ",new-brunswick,research,science; health,,,High school students who completed a high school biology course,fee-based,"$2,200 for the in-person WISE (non-refundable, due 2 weeks after approval). A virtual vWISE costs $600.",summer,"Two weeks, Monday to Friday (2026 sessions: June 22 to July 2, July 27 to August 7; vWISE August 10 to 21)",closed-expect-reopen,"2026 application opened February 2, 2026 and was first come, first served (sessions expected to fill). Application forms for the Summer 2027 WISE Programs will be posted in late January 2027.",,last-year-pattern,False,High school students who have completed a high school level biology course. No age or grade range is stated on the page.,"Online application posted on the WISE page; first come, first served. Pay the fee within 2 weeks of approval.",https://wssp.rutgers.edu/wise,,fetched,2026-10-09,"In-person sessions are non-residential at the Waksman Institute on the Busch campus in Piscataway. The year-long Waksman Student Scholars Program (WSSP) is a separate, school-based program that starts with teachers."
new-jersey-governors-school-engineering-technology,Governor's School of New Jersey in Engineering and Technology,Rutgers School of Engineering / State of New Jersey,"Piscataway, NJ",new-brunswick; new-jersey,pre-college,engineering; tech-cs; science,,,Completed junior year (rising senior),unpaid,"Free to students and families (tuition, room and board paid by donations). FAQ says students bring a $65 key deposit returned at the end. The FAQ page is undated.",summer,"About 4 weeks, starting close to the beginning of July, with about 40 hours of prep work beforehand",unconfirmed,2027 application not posted on the pages read. The state page (updated 11/13/25) said 2026 applications were open; decisions are emailed in early April. Ask your school counselor about the school nomination deadline.,,unknown,False,"New Jersey residents who have finished their junior year at a public, private or home school. Applicants must be nominated by their high school (one nominee per 325 juniors). Competitive: fewer than 25% of nominees get offers.","Get nominated by your high school, then submit the online application with essays (admission is based heavily on essays). Contact: njgset@soe.rutgers.edu or 848-445-4753.",https://gset.rutgers.edu/,,fetched,2026-10-09,"Residential at Rutgers School of Engineering, 98 Brett Road, Piscataway. The Application Instructions page on the program site still mentions the Summer 2023 application, so rely on the state page and director for 2027 dates."
newport-beach-library-teen-volunteers,Newport Beach Public Library Teen Volunteers,Newport Beach Public Library,"Newport Beach, CA",orange-county,volunteer,education; social-impact,12,18,7 to 12,unpaid,Unpaid,year-round,20 hours of service per year. Children's Department shifts are 1 to 2 hours a week. YAAC also meets monthly.,rolling,"No deadline. Applications are first-come, first-served and accepted as needed.",,rolling,False,Youth volunteers must be in 7th through 12th grade and age 12 to 18. The Young Adult Advisory Council (YAAC) is only for teens who live in Newport Beach.,Teens fill out the online application themselves on the library's volunteer portal (application form number 2) and lead communication with staff. You must attend volunteer training before starting.,https://www.newportbeachlibrary.org/teens/volunteers,,fetched,2026-10-09,Volunteers age 15 and up must complete fingerprinting and a background check. Applying does not guarantee a spot. Questions go to the library's Teen Services team through the email link on the page.
newport-beach-teen-leader-program,Newport Beach Teen Leader Program,City of Newport Beach Recreation and Senior Services,"Newport Beach, CA",orange-county,volunteer,education; social-impact; sports,13,15,,fee-based,Unpaid. Selected teens pay a $206 program fee for 2026.,summer,The 2026 session; exact length not stated,closed-expect-reopen,"2026 applications closed Thursday, May 1, 2026. Next year's dates are not posted.",,last-year-pattern,False,Ages 13 to 15. The page does not state a residency rule.,"Submit a Teen Leader Application. Qualified applicants may be interviewed and the top candidates are chosen. Selected teens pass a background check, register online and pay the fee. Contact Recreation and Senior Services at (949) 644-3151.",https://www.newportbeachca.gov/government/departments/recreation-senior-services/youth-programs,,fetched,2026-10-09,"This is a volunteer role with a fee, not a paid job. The same page lists the Mayor's Youth Council (an unpaid internship that runs October 2026 to August 2027, applications May 15 to Sept 4, 2026), but it does not state an age or grade, so it is not listed as its own card."
nhm-marine-teens,Marine Teens Internship,Natural History Museum of Los Angeles County (NHMLAC),"Los Angeles, CA",los-angeles,internship,science; environment; education,,,11-12,paid,Interns are paid museum employees. The hourly rate is not stated.,summer,"Spring: select Saturdays in April and May (about 10 a.m. to 1:30 p.m.). Summer: six weeks in June and July, 24 hours a week.",closed-expect-reopen,2026 applications are closed. The page says to check back in February 2027 for the application link and deadline.,,last-year-pattern,True,High school juniors and seniors who live in or attend high school in Boyle Heights. A work permit and proof of authorization to work in the U.S. are required.,Online application. The link and deadline are posted on the program page each February.,https://nhm.org/marine-teens-internship,,fetched,2026-10-09,Narrow: ten spots a year (eight new interns and two returning peer mentors) for Boyle Heights students. Transportation is provided.
nova-parks-waterpark-jobs,Waterpark seasonal jobs with free training,NOVA Parks (Northern Virginia Regional Park Authority),"Northern Virginia (Fairfax, Alexandria and Arlington waterparks)",fairfax,paid-youth-program,sports; food-hospitality,14,,,paid,Pay rates not stated on the page. Free uniforms and free training.,summer,Seasonal (summer),rolling,Page says NOVA Parks is hiring; no deadline stated.,,rolling,,"Attendants must be at least 14, lifeguards at least 15, cooks at least 16.","Use the 'Apply Now' link under the position on the Waterpark Employment page (current listings: lifeguard at Atlantis and Pirate's Cove, water safety instructor at Great Waves and Ocean Dunes).",https://www.novaparks.com/waterparks/waterpark-employment,,fetched,2026-10-09,Atlantis is at Bull Run and Pirate's Cove at Pohick Bay (Fairfax County); Great Waves is in Alexandria and Ocean Dunes is at Upton Hill in Arlington. Virginia rule (Virginia Department of Labor and Industry): 14 and 15 year olds need an Employment Certificate before working; the page read does not list a certificate for 16 and 17 year olds.
novaworks-young-adult-services,NOVAworks Young Adult Services,NOVAworks (workforce board),"Sunnyvale, CA (serves San Mateo County and northern Santa Clara County)",silicon-valley; peninsula,paid-youth-program,any,17,24,,mixed,"Coaching is free. Paid internships start at $19.50 per hour (Sunnyvale minimum wage), at least $7,800 for 400 hours. Internships are for ages 18 and up.",year-round,"4 to 5 weeks of career readiness first, then an internship (most interns work 10 to 20 hours a week)",rolling,Open enrollment. No deadline posted.,,rolling,True,"Ages 17 to 24 who live in San Mateo County or Cupertino, Los Altos, Milpitas, Mountain View, Palo Alto, Santa Clara or Sunnyvale. High school students who live outside the area qualify if their school is inside it. In-school youth 17 to 21 need low household income plus justice involvement, unstable housing or foster care.","Fill out the short interest form on the NOVAworks Young Adults page, then meet a Career Advisor. You can also email youngadults@novaworks.org, call 408-730-7640 or text 408-568-7776.",https://novaworks.org/young-adults/,https://docs.google.com/forms/d/e/1FAIpQLSfIhvOG3IBipD9ZzgwzgkG8ujBUNS-7ZUiwiWILxtnY-3aY8Q/viewform,fetched,2026-10-07,"Narrow eligibility. The FAQ says internships are 18 and up, so a 17 year old gets coaching and training first. Teens under 17 do not qualify. Most applicants need a documented barrier and income under the program limits."
nps-youth-conservation-corps,National Park Service Youth Conservation Corps (YCC),National Park Service,Participating national parks (see the NPS park list),national; san-francisco; statewide,paid-youth-program,environment,15,18,,paid,"At least the higher of the state or federal minimum wage, usually for a 40 hour week",summer,"8 to 10 weeks (can go up to 18), usually 40 hours per week",closed-expect-reopen,Applications for the 2027 season open in late January or early February 2027. Closing dates are set by each park and are not posted.,,unknown,True,"Ages 15 to 18, permanent US residents, and able to commute daily. Nearly all sites are day programs with no housing.","Check the NPS YCC page in late January or early February 2027 for the park list and contacts, then apply to the park you want.",https://www.nps.gov/subjects/youthprograms/ycc.htm,,fetched,2026-10-07,"Applications are closed right now. Each park runs its own program, so check whether a park near you takes part. Contact the national office through the link on the NPS page with general questions."
nyc-bbg-garden-apprentice-program,Garden Apprentice Program (GAP),Brooklyn Botanic Garden,"Brooklyn, NY",new-york-city,paid-youth-program,environment; education; science,,,Grades 9 to 11 (12th graders cannot apply),stipend,"Tier 1 $600, Tier 2 $700, Tier 3 $800 as a one-time nontaxable reimbursement in November, plus a $75 perfect attendance bonus. Tier 4 (by invitation after Tier 3) is a part-time staff job at $17 per hour. No fee to join.",year-round,"9 months, March to November 2027 (about 4 to 6 hours a week in spring and fall, 20 to 25 hours a week in summer; about 190 to 220 hours total).",unconfirmed,"Submit your materials before Dec 4, 2026 to be invited to an interview. No final deadline is posted. Info session Sat Oct 17, 2026, 11 a.m. to 1 p.m.",,unknown,,"Students in grades 9 to 11 who start in Tier 1 (9th grade), Tier 2 (10th grade or Tier 1 done) or Tier 3 (11th grade or Tier 2 done). No age or borough rule is stated. You do not have to share immigration status for Tiers 1 to 3.","Apply online (account lets you save progress): short answers plus references, then a group interview. Apprentices must reapply every year. Two references use a separate online reference form.",https://www.bbg.org/learn/gap,https://www.bbg.org/learn/garden_apprentice_program_application,fetched,2026-10-09,"Tiers 1 to 3 are not employees. Tier 4 apprentices must be legally authorized to work and eligible under NYC Department of Labor rules, per the program page. Partial participation is not allowed. Questions: gap@bbg.org (shown on the page) or 718-623-7252."
nyc-columbia-pre-college-nyc-commuter-summer,Pre-College Programs: NYC Commuter Summer,Columbia University School of Professional Studies,"Manhattan, NY",new-york-city,pre-college,any,,,"Entering grades 9 to 12, or freshman year of college",fee-based,"1-week session $2,883. 3-week session $6,381. Plus an $95 application fee and $50 or more for course materials. Deposit $1,000 (1-week) or $2,000 (3-week) is credited toward the cost. These are estimates pending trustee approval.",summer,"1 week (Jun 21 to 25, 2027) or 3 weeks (Jun 28 to Jul 16, 2027; more sessions listed on the dates page).",closed-expect-reopen,"Summer 2027 applications open mid-November 2026. Early registration deadline Feb 1, 2027. General application deadline Apr 1, 2027 for the NYC Commuter sessions.",2027-04-01,confirmed-2026-27,False,Students entering grades 9 to 12 or freshman year of college. The commuter option is for students who live in or near NYC. Academic strength is what the admissions team looks for.,Online application. Columbia says applications are reviewed on the dates-and-deadlines schedule; early registration is cheaper to plan around.,https://precollege.sps.columbia.edu/programs/summer-programs/nyc-commuter-summer,,fetched,2026-10-09,"Expensive; the page says financial aid details are elsewhere and they were not read. The commuter page still shows a $95 application fee under a Summer 2026 cost heading while the cost page for Summer 2027 says $80. Free Columbia programs for NYC teens (Double Discovery Center, Freedom and Citizenship) exist but their pages blocked access, so they are not listed."
nyc-cornell-tech-summer-innovation-intensives,Summer Innovation Intensives,Cornell Tech (Cornell University),"Roosevelt Island, NY",new-york-city,pre-college,tech-cs; engineering; business-finance,15,19,Finished sophomore year of high school or later,fee-based,Cost not stated on the program page (students earn 2 Cornell credits). Ask summer@tech.cornell.edu before applying.,summer,"3 weeks, commuter only (no housing). Exact 2027 dates are not stated on the program page.",closed-expect-reopen,The summer 2027 application will open in winter 2026. The summer 2026 application is closed. No deadline posted. Rolling review.,,unknown,False,"Ages 15 to 19 who completed 10th grade by the program start, live in the NYC area (or arrange a supervising adult and housing), and are U.S. citizens or permanent residents at U.S. curriculum schools. No interview or minimum GPA.","Online application with transcript, two recommendation letters and short essays (250 to 300 words each). Contact: summer@tech.cornell.edu.",https://tech.cornell.edu/programs/summer-innovation-intensives/,,fetched,2026-10-09,"Cost is not stated on the page read, so confirm the price and any financial aid with the program before applying. Selective. International students are not admitted at this time."
nyc-dycd-ladders-for-leaders,Ladders for Leaders,NYC Department of Youth and Community Development (DYCD),"New York, NY",new-york-city,internship,business-finance; law-government; any,16,24,Rising high school seniors and college students,paid,At least $16.50 per hour in 2025 (2025 FAQ). 2026 pay is not stated on the page.,summer,"6 weeks, 25 to 40 hours a week (2025 FAQ)",closed-expect-reopen,"DYCD page says the deadline for the last cycle was extended to January 16, 2026. Next cycle dates are not posted.",,last-year-pattern,True,2025 FAQ: rising high school seniors or college students ages 16 to 24 who can legally work in the U.S. and have some prior paid or volunteer work experience.,"Fill out the SYEP application online at application.nycsyep.com and choose a Ladders community partner. Selection uses a personal statement, transcript and resume, then workshops, mock interviews and employer interviews (2025 FAQ).",https://www.nyc.gov/site/dycd/services/jobs-internships/nyc-ladders-for-leaders.page,https://application.nycsyep.com/,fetched,2026-10-09,"Competitive. Eligibility, pay and process come from the 2025 FAQ because no newer FAQ was found, so check the DYCD page when applications reopen. Interns under 18 need NYS working papers (NYS Department of Labor). Free to apply."
nyc-dycd-learn-and-earn,Learn & Earn,NYC Department of Youth and Community Development (DYCD),"New York, NY",new-york-city,paid-youth-program,any,16,21,11-12,paid,Paid six-week summer internship. Rate not stated on the page.,summer,Year-round program with a six-week paid summer internship,closed-expect-reopen,Page says enrollment dates are September 1 to 30 (year not stated). That window has passed for this fall.,,last-year-pattern,,"NYC high school juniors and seniors who live in New York City, are low income (or meet an exception such as public assistance, foster care or living in a high-poverty area) and meet at least one other listed need. The page lists age 16 to 21 in one place and 14 to 21 in another, so ask a provider.","Contact a Learn & Earn provider from the DYCD list, or call DYCD Community Connect at 1-800-246-4646. Providers check your eligibility.",https://www.nyc.gov/site/dycd/services/jobs-internships/learn-and-earn.page,,fetched,2026-10-09,"Income-based, with extra eligibility rules listed on the page. Teens under 18 need NYS working papers (NYS Department of Labor)."
nyc-dycd-summer-youth-employment-program,Summer Youth Employment Program (SYEP),NYC Department of Youth and Community Development (DYCD),"New York, NY",new-york-city,paid-youth-program,any,14,24,,paid,"Ages 16-24 (2026): $17.00 per hour, 25 hours a week. Ages 14-15 (2026): up to $700 for about 12.5 hours a week.",summer,6 weeks,closed-expect-reopen,"2026 applications closed March 13, 2026. 2027 dates are not posted yet.",,last-year-pattern,True,"Youth ages 14 to 24 who live in the five boroughs of NYC and are legally allowed to work in the U.S. Some options (school-based, NYCHA, foster care, homeless youth) have extra rules.","Apply online at application.nycsyep.com or on paper with an SYEP provider. One application only. Community-based placements are picked by random lottery. Have ID documents ready (proof of age, identity, address, Social Security).",https://www.nyc.gov/site/dycd/services/jobs-internships/summer-youth-employment-program-syep.page,https://application.nycsyep.com/,fetched,2026-10-09,Pay and hours above are the 2026 numbers and may change. Free to apply. NYS Department of Labor says anyone 14-17 needs working papers (employment certificate) to hold a job in New York State; ask your SYEP provider what they need from you. Teens in school-based (CareerReady) options apply through their school. You pay your own transportation and meals.
nyc-dycd-work-learn-grow,"Work, Learn & Grow (WLG)",NYC Department of Youth and Community Development (DYCD),"New York, NY",new-york-city,paid-youth-program,any,16,20,,paid,"New York State minimum wage, paid every two weeks (DYCD FAQ).",school-year,"22 weeks, Oct 26, 2026 to Apr 3, 2027, 250 hours total",open-now,"The WLG application page lists a deadline of October 9, 2026. The FAQ PDF lists the application period as Sept 8 to Oct 2, 2026, so confirm with your SYEP provider.",2026-10-09,confirmed-2026-27,True,"NYC residents legally allowed to work in the U.S. who took part in the 2026 Summer Youth Employment Program as CareerReady (ages 16 to 19 in a CareerReady partner high school) or in Special Initiatives (ages 16 to 20, in high school or a high school equivalency program), as of Oct 26, 2026.","Use the WLG online application (CareerReady or Special Initiatives link), or ask your SYEP provider for help. If selected, submit documents online or in person to your provider.",https://www.nyc.gov/site/dycd/services/jobs-internships/work-learn-grow-employment-program.page,https://worklearngrow.yepsonline.org/,fetched,2026-10-09,"Only for teens who were in 2026 SYEP through a partner school or Special Initiatives provider, so most teens cannot start here. Internet access is required. Closing today or very soon as of the verification date. Teens under 18 need NYS working papers (NYS Department of Labor)."
nyc-montefiore-bronx-summer-volunteer,Summer Volunteer Program for High School Students,Montefiore Einstein,"Bronx, NY",new-york-city,volunteer,health,16,,,unpaid,Unpaid volunteering.,summer,Summer session runs June to September; minimum 100 hours; each session at least 3 to 4 hours.,unconfirmed,"The page still shows Summer 2025 postings with high school applications January 1 to May 31. No 2027 dates are posted. Onboarding takes about a month, so apply early in spring.",,last-year-pattern,False,"Students 16 and older (some roles, such as Maternal Child Health, require 18). Montefiore also partners with SYEP; its SYEP provider is Children's Arts and Sciences Workshop.","Apply through the Summer Volunteer - High School posting on Montefiore's career site (linked from the volunteer page), then attend an orientation and interview. Interviews are first come, first served.",https://montefioreeinstein.org/volunteer,,fetched,2026-10-09,Confirm first: the dates are from the 2025 posting. Contact: volunteerservices@montefiore.org (shown on the page).
nyc-mount-sinai-morningside-jump-teen-volunteer,Junior Medical Program (JuMP) and high school volunteering,Mount Sinai Morningside,"Manhattan, NY (Morningside Heights)",new-york-city,volunteer,health,15,,,unpaid,Unpaid. The page lists no JuMP cost or pay.,summer,"JuMP: 6 weeks, 100 hours. Unit Support: one 3-hour shift a week; the page lists a 100 hour minimum for high school students.",unconfirmed,"JuMP applications are accepted January 1 to March 1 (no year given on the page; expect Jan 1 to Mar 1, 2027). Space is limited. The process can take 4 to 8 weeks.",,last-year-pattern,False,Volunteers must be 15 or older. JuMP is for ages 15 to 17 and requires full availability for all six weeks. Unit Support is open to high school students. The emergency department and some other roles are 18+.,"Online application, one letter of recommendation from a non-relative, and a resume.",https://www.mountsinai.org/locations/morningside/about/volunteer,https://mountsinai.vsyslive.com/pages/MSM,fetched,2026-10-09,Read through the fetch tool because direct downloads were blocked. The page says volunteers need a valid Social Security number (a hospital clearance rule on the official site) and pay for their own medical clearance. Other Mount Sinai campuses have their own pages and age rules that were not read.
nyc-nybg-explainers,NYBG High School Explainer Program,New York Botanical Garden,"Bronx, NY",new-york-city,volunteer,environment; science; education,,,High school,mixed,"Intern tier is unpaid volunteering (OMNY card help for transit can be provided). Later tiers (Advanced Explainer, Mentor, Senior) are paid part-time jobs; the page gives no hourly rate.",spring,"Spring 2027 internship: one 4.5 hour Saturday or Sunday shift each week, Mar 20 to Jun 19, 2027 (minimum 105 service hours), plus 4 required training days (Mar 6, 7, 13, 14, 2027).",open-now,"Spring 2027 application closes Saturday Nov 14, 2026 at 11:59 p.m. Open House Sat Nov 7, 2026, 1 to 2 p.m. (RSVP by Oct 30). A fall session also runs; its applications open late spring.",2026-11-14,confirmed-2026-27,,"Grades 9 to 12. The application form says weekday internship options are only for Partnership School students, so check which options you can apply for.",Fill out the online application by the deadline. Complete applications get an invite to a group interview at the Children's Adventure Garden. Accepted teens attend orientation with a parent or guardian and 24 hours of training before starting.,https://www.nybg.org/education/childrens-education/kids-teens/explainers/,https://www.surveymonkey.com/r/Explainerapplication,fetched,2026-10-09,"Questions: explainers@nybg.org. Intern tier is unpaid, so a work permit is not clearly needed there; the paid tiers are jobs and the page does not say what papers are required. The orientation date printed on the page shows the wrong year, so confirm it with NYBG. Late applications roll to the next session."
nyc-nyp-summer-volunteering,Summer Only Volunteering,NewYork-Presbyterian Hospital,New York City (select NYP campuses),new-york-city,volunteer,health,16,,,unpaid,Unpaid volunteering.,summer,Minimum 120 service hours over the summer.,closed-expect-reopen,"Applications are accepted January 1 to March 31 (the page gives no year; expect Jan 1 to Mar 31, 2027).",,last-year-pattern,False,Applicants must be at least 16 (18 for some programs; check each campus). The Queens and Hudson Valley campuses do not offer Summer Only volunteering. Spots are limited.,Fill out the online volunteer application and choose Summer Only plus your preferred program and campus. A volunteer services representative contacts you for an interview if a spot is open.,https://www.nyp.org/volunteer/summer-volunteering,https://nyp.vsyslive.com/pages/app/STAND,fetched,2026-10-09,"Many NYP roles (emergency department, palliative care and others) are 18+. Brooklyn Methodist also runs a Junior Volunteer Program that was marked full when searched; its own page was not read for details. This entry covers the system-wide Summer Only option only."
nyc-nyu-langone-manhattan-summer-volunteer,"Summer Volunteer Program, Manhattan Campus",NYU Langone Health,"Manhattan, NY",new-york-city,volunteer,health,16,,,unpaid,Unpaid. The FAQ says no pay or school credit is given.,summer,"8 weeks, two 6-hour shifts a week (100 service hours total).",closed-expect-reopen,"Applications open annually January 15 to February 15 (or until capacity is reached). The page gives no year; expect Jan 15 to Feb 15, 2027.",,last-year-pattern,True,Students at least 16 years old at the start of the program. Under 18 cannot volunteer during the school year. The year-round program is 18 and older.,"Online application, a group information session, full summer availability, onboarding, health clearance (TB test, MMR and varicella proof, flu shot) and a background check.",https://langone.vsyslive.com/pages/MANHATTAN,https://langone.vsyslive.com/pages/app/LANGONEAPP?reqSite=DN05LBXU5724GUYE,fetched,2026-10-09,"The Brooklyn campus requires age 18+. Long Island has its own teen program (not read in detail). The FAQ page still shows old 2022 dates, so only the Manhattan page was used for dates. Med-career internships and research are handled separately through HRNTV@NYULangone.org."
nyc-nyu-tandon-arise,ARISE (Applied Research Innovations in Science and Engineering),NYU Tandon School of Engineering,"Brooklyn, NY",new-york-city,research,science; engineering; tech-cs,,,Rising juniors and seniors (10th or 11th graders applying),stipend,"Free. A $2,000 stipend is paid for completing the program.",summer,"10 weeks: about 4 weeks of remote after-school workshops in June, then 6 weeks of in-person lab work (about 150 hours of lab experience). Summer 2026 ran Jun 1 to Aug 14, 2026.",closed-expect-reopen,"Summer 2026 deadline was Feb 27, 2026 at 5 p.m. Summer 2027 dates are not posted yet.",,last-year-pattern,,"Full-time NYC residents who attend NYC schools, applying as 10th or 11th graders (rising juniors and seniors), with strong grades and interest in STEM. Students from groups underrepresented in STEM are encouraged to apply.","Online application (optional recommendation due after), a group interview and lab tours to pick your placement.",https://engineering.nyu.edu/academics/programs/k12-stem-education/nyc-based-programs/arise,,fetched,2026-10-09,"Selective with limited spaces. Funded by the Pinkerton Foundation. Students present at an AMNH poster symposium at the end. The two NYU pages differ slightly on grade wording (10th or 11th grade now versus rising juniors and seniors), which is the same group. The program name on a second page reads Applied Research In Science and Engineering."
nyc-rockefeller-summer-science-research-program,Summer Science Research Program (SSRP),The Rockefeller University (RockEDU Science Outreach),"Manhattan, NY (Upper East Side)",new-york-city,research,science; health,16,,Current high school juniors and seniors,unpaid,Free to apply and attend. An OMNY card covers NYC transit. Stipends are not guaranteed; need-based stipends may go to students with financial hardship who meet all attendance rules.,summer,"7 weeks, Mon Jun 21 to Thu Aug 5, 2027, full time (about 35 hours a week, roughly 9 a.m. to 5 p.m.).",opens-soon,"Applications for SSRP 2027 open Oct 15, 2026. The deadline is not posted yet. The last cycle closed Fri Jan 2, 2026 (letters of recommendation due Jan 5), with Zoom interviews in March and decisions in April.",,last-year-pattern,False,Current high school juniors or seniors who are at least 16 when the program starts. Students from outside NYC and outside the Tri-State area may apply but get no help with housing or travel. No GPA minimum. Sophomores are not eligible.,Online application plus a letter of recommendation and a transcript (to confirm you are in high school). Selected applicants get a Zoom interview.,https://www.rockefeller.edu/outreach/ssrp/,,fetched,2026-10-09,"Very competitive (about 32 students a year). You must attend the entire program with no gaps. Minors cannot work with human patients. You may not use SSRP work in science competitions. The program page labels its glance box SSRP 2026 but lists the 2027 dates. Contact: program administrator listed on the page, 1230 York Ave."
nyc-wcs-discovery-guide-volunteer,Discovery Guide Youth Volunteer Program,"Wildlife Conservation Society (Bronx Zoo, Central Park, Prospect Park and Queens Zoos, New York Aquarium)","Bronx, Manhattan, Brooklyn, Queens",new-york-city,volunteer,environment; science; education,14,22,,unpaid,Unpaid volunteering. WCS says youth volunteers earn over 100 hours of community service.,spring,Usually a spring session and a summer session; hours not stated.,closed-expect-reopen,Not accepting applications now. Applications for the next cycle open in late December 2026 for Spring 2027. No closing date posted.,,unknown,False,Youth ages 14 to 22 at any of the five WCS parks. No borough rule is stated.,Fill out the interest form to be told when recruitment opens. Questions go to the park's volunteer email (discoveryguide@wcs.org for the Bronx Zoo).,https://bronxzoo.com/volunteering/discovery-guide-volunteer-program/learn-more,https://forms.gle/3KgVsfSPGBaY7AdDA,fetched,2026-10-09,"The apply link is the interest form, not the application. WCS also lists 30+ internships and paid jobs for ages 14 to 24 (WCS Career Lattice) and the Youth JIVE job and volunteer expo in early February. Those pages did not state ages or dates for individual internships, so only this program is listed."
nyc-whitney-youth-insights,"Youth Insights (YI Artists, Arts Careers, Introductions, Leaders)",Whitney Museum of American Art,"Manhattan, NY",new-york-city,internship,arts-media,,,Grades 9 to 12 (varies by program; YI Leaders is grades 11 and 12),mixed,YI Leaders is a paid internship; the page does not state the amount.,year-round,"YI Artists: one semester after school. Summer programs: length not stated. YI Leaders: yearlong, 3 to 10 hours a week.",unconfirmed,"YI Artists (this semester) deadline was Sep 9, 2026 (extended). YI Arts Careers and YI Introductions list no 2026 deadline and reopen in Summer 2027. No YI Leaders deadline is posted.",,unknown,,NYC high school students. YI Artists: grades 9 to 12. YI Arts Careers: entering grades 10 to 12. YI Introductions: entering grades 10 to 12 who are English Language Learners. YI Leaders: grades 11 to 12 who finished at least one semester of YI Artists or YI Arts Careers.,Online form for each program (links on the Youth Insights page). YI Leaders is for teens who have already done another Youth Insights program.,https://whitney.org/education/teens/youth-insights,,fetched,2026-10-09,"The page's closing note also lists YI Introductions graduates as eligible for Leaders, which conflicts with its Open to line. The page lists no program contact; use whitney.org/contact. The Whitney also runs a separate Open Studio for Teens (free)."
nycps-career-and-technical-education,Career and Technical Education (CTE) high schools,NYC Public Schools (Department of Education),"New York, NY",new-york-city,school-pathway,any,,,9-12,unpaid-credit,"Part of the school day at no cost. Some work-based learning (such as apprenticeships) can be paid, but pay is not stated on this page.",school-year,Grades 9 to 12,year-round,Enroll through the regular NYC high school admissions process. Dates are not stated on the CTE page.,,unknown,,NYC public high school students at one of the 130+ schools with CTE programs. Students who finish a state-approved program can earn a CTE endorsement on their diploma.,Browse programs on NYC MySchools. Talk to your guidance counselor or a Family Welcome Center about admissions and enrollment.,https://www.schools.nyc.gov/learning/student-journey/career-connected-learning/career-and-technical-education-cte,,fetched,2026-10-09,"This is a school choice, not a job. Ask your guidance counselor or a Family Welcome Center how enrollment works for your grade. The CTE endorsement needs 44 credits, 5 Regents exams, a technical assessment and work-based learning."
nycps-career-readiness-modern-youth-apprenticeship,Career Readiness and Modern Youth Apprenticeship (CRMYA),NYC Public Schools with CareerWise New York,"New York, NY",new-york-city,school-pathway,any,,,9-12 (apply as a junior),paid,Paid work experience. Pay rate is not stated on the page.,school-year,2 to 3 year apprenticeship starting junior year,year-round,Dates are not stated. Juniors apply during the school year; ask your school.,,unknown,,Students at participating NYC public high schools. Juniors apply for the apprenticeship.,Ask your school if it participates. Juniors apply for apprenticeships through the program. The page does not list an application link.,https://www.schools.nyc.gov/learning/student-journey/career-connected-learning/career-readiness-and-modern-youth-apprenticeship,,fetched,2026-10-09,"Only at participating schools; the page does not list which ones. Apprentices attend school mornings Monday to Thursday and all day Friday, and work Monday to Thursday afternoons. Apprenticeships are registered with the NYS Department of Labor."
oakland-mayors-summer-youth-employment-program,Mayor's Summer Youth Employment Program (MSYEP),"City of Oakland, Oakland Workforce Development Board, and partner nonprofits","Oakland, CA",oakland,paid-youth-program,any,14,21,,paid,At least Oakland's minimum wage; exact rate set by each partner,summer,Up to 100 paid hours (varies by partner),closed-expect-reopen,"Deadlines vary by partner. For Summer 2026 one partner (ACOE) closed recruitment June 18, 2026. 2027 dates not posted; check partner sites in early 2027.",,last-year-pattern,True,"Must live in Oakland. No work experience needed. Free. Partner groups set their own ages (for example YEP 14 to 18, Youth UpRising 14 to 21, Lao Family 16 to 21).","Pick a partner from the City list (YEP, Youth UpRising, Lao Family, Trybe, Rising Sun, Destiny Arts, Soccer Without Borders, YouthBeat, Alameda County Office of Education GCGI-GET) and apply on that group's site or by phone.",https://www.oaklandca.gov/Government/Working-for-Oakland/Summer-Jobs-and-Internships-for-Youth/Youth-Employment-and-Training,,fetched,2026-10-07,"City Council approved more than $3.1 million for 2026 and 2027 summer youth jobs, so a 2027 round is expected. Another City page lists ages 16 to 21, so check each partner's own age rule. Under-18 workers need a work permit (OUSD Linked Learning can help OUSD students)."
oakland-owdb-summer-jobs-partners,"Oakland Workforce Development Board Youth Summer Jobs (Lao Family, YEP, Trybe)",Oakland Workforce Development Board (City of Oakland),"Oakland, CA",oakland,paid-youth-program,any,16,21,,paid,Not stated on this page; the City's MSYEP page says at least Oakland's minimum wage,summer,,unconfirmed,No dates posted. Contact the partners for the current cycle.,,unknown,True,"Oakland youth ages 16 to 21, per this City page.","Contact Lao Family Community Development (510) 533-8850, Youth Employment Partnership (510) 533-3447, or Trybe (510) 985-9915. OWDB email: OWDB@oaklandca.gov.",https://www.oaklandca.gov/Government/Working-for-Oakland/Summer-Jobs-and-Internships-for-Youth/Looking-for-a-Summer-Job,,fetched,2026-10-07,"This City page is older than the MSYEP page (which lists partners with other ages, such as YEP 14 to 18 and Lao Family 16 to 21). Treat 16 to 21 as the safe range and confirm with the partner."
oakland-parks-rec-youth-jobs,"Oakland Parks, Recreation and Youth Development (OPRYD) Part-Time Jobs",City of Oakland OPRYD,"Oakland, CA",oakland,paid-youth-program,sports; education; food-hospitality,,,,paid,Not posted on the page; see each job posting,summer,Varies by posting; mostly seasonal,open-now,"Deadline Oct 25, 2026 for Spring/Summer 2027 starts; Feb 7, 2027 for Summer 2027 starts; Aug 8, 2027 for Fall/Winter 2027 starts.",2026-10-25,confirmed-2026-27,True,"Open recruitment for the City's recreation jobs; the page does not state a minimum age (lifeguards and many City jobs need 16 or older). Spanish, Cantonese and Mandarin skills are encouraged.","Apply at governmentjobs.com/careers/oaklandca. Questions: parksandrec@oaklandca.gov, (510) 238-7275.",https://www.oaklandca.gov/topics/parks-recreation,https://www.governmentjobs.com/careers/oaklandca,fetched,2026-10-07,"The hiring process takes several months, so apply early. Check each posting for minimum age and pay. The governmentjobs.com/careers/oaklandca portal showed 0 openings on Oct 7, 2026, so if you cannot find the posting, call (510) 238-7275."
oakland-public-library-teen-advisory-board,Oakland Public Library Teen Advisory Board (TAB),Oakland Public Library,"Oakland, CA",oakland,leadership,education; arts-media,13,18,,unpaid,,school-year,One meeting a month,rolling,Rolling,,rolling,False,"Teens who join through the library teen volunteer application: ages 13 to 17, or 18 and still in high school. The TAB page itself states no age rule.","Fill out the Teen Volunteer Application and choose 'leadership', or ask your branch teen librarian.",https://oaklandlibrary.org/teens/teen-leadership/,https://oaklandlibrary.org/teenvolunteers,fetched,2026-10-07,"Meets monthly at Main (TeenZone), 81st Ave, Asian, Cesar Chavez, Dimond and Rockridge. The same page also covers the Oakland Youth Poet Laureate program."
oakland-public-library-teen-volunteer,Oakland Public Library Teen Volunteer Program,Oakland Public Library,"Oakland, CA (16 branches)",oakland,volunteer,education; arts-media; any,13,18,,unpaid,,year-round,"Shifts when the library is open; the form asks for morning and afternoon or evening availability, any day of the week",rolling,Rolling. Not every branch has space at all times.,,rolling,False,"Ages 13 to 17, or 18 and still in high school. Also takes teens with court-ordered service hours.","Fill out the online Teen Volunteer Application, or stop by a branch.",https://oaklandlibrary.org/teenvolunteers,,fetched,2026-10-07,"The library cannot promise a spot at a specific branch. About two thirds of library volunteers are teens, per the page."
oakland-zoo-teen-summer-internship,Teen Summer Internship (California Trail Interpretation),Oakland Zoo,"Oakland, CA",oakland,internship,science; environment; education,,,Entering 11 or 12,fee-based,$50 non-refundable fee when selected (aid available). No stipend is listed.,summer,"About 200 hours over 7 weeks (June 10 to July 28 or Aug 1 in 2026); shifts 9 am to 4:30 pm, Sunday to Wednesday or Wednesday to Saturday",closed-expect-reopen,Summer 2026 applications are closed. 2027 dates not posted.,,last-year-pattern,False,Students entering 11th or 12th grade interested in animal care or environmental education.,"Online form with a cover letter (500 words max) and resume or transcript, then an interview.",https://www.oaklandzoo.org/support/volunteer/teen-summer-internship,,fetched,2026-10-07,"Up to 6 interns, so it is likely competitive. No stipend is listed; ask. Financial aid is available for the $50 fee."
oakland-zoo-teen-wild-guides,Teen Wild Guides,Oakland Zoo,"Oakland, CA",oakland,volunteer,science; environment; education,13,18,9 to 12,fee-based,"$50 first year, then $25 a year; financial aid on request",year-round,School year: every other weekend. Summer: about once a week. Shifts 9:30 am to 4 pm.,rolling,"Fall 2026 info meetings Aug 15 and 16, applications due Sept 1, 2026, trainings Sept 26 and Oct 4. The page says applications are accepted year-round and later ones are reviewed in the next enrollment period.",,rolling,False,Must be 13 or turning 13 in the application season. Zoo page lists grades 9 to 12.,"Submit the online application, interview, then attend both mandatory training days.",https://www.oaklandzoo.org/support/volunteer/teen-wild-guides,,fetched,2026-10-07,"Unpaid, and teens pay a small fee (aid available). Must be 13 or turn 13 in the application season."
oakland-zoo-zoocamp-teen-assistants-interns,ZooCamp Teen Assistant and Teen Interns,Oakland Zoo,"Oakland, CA",oakland,internship,education; science; environment,,,9 to 12 (paid interns: 11 or 12),mixed,"Teen Assistant unpaid (community service hours). Interns: $400 per week stipend, assuming full attendance.",summer,"1-week sessions, Mon to Fri, June 1 to Aug 7 (2026); at least 3 sessions (Administrative Intern: 3 sessions in a row)",closed-expect-reopen,"2026 cycle: applications opened Feb 1 and closed April 1, 2026 at 5pm. Summer 2027 dates not posted yet; the page says to check back.",,last-year-pattern,True,Students entering grades 9 to 12 for Teen Assistant (no experience needed). Paid Teacher and Administrative Intern roles are for grades 11 to 12 with previous camp experience and one letter of recommendation. All roles need at least 3 one-week sessions.,Each role has its own online application (Volgistics link on the Oakland Zoo page). Interns also need one recommendation letter. A required training day is held in May.,https://www.oaklandzoo.org/support/volunteer/zoocamp-teen-assistants-interns,,fetched,2026-10-07,"Great first step: be a Teen Assistant, then apply to be a paid intern. The 2026 info meetings were in March and the 2026 training was Sunday May 17; expect similar timing for 2027."
oc-fair-seasonal-jobs,OC Fair & Event Center Jobs (annual OC Fair),OC Fair & Event Center,"Costa Mesa, CA",orange-county,paid-youth-program,food-hospitality; any,16,,,paid,Pay not stated on the page,summer,The OC Fair runs for a few weeks in summer. Fairgrounds also hosts 150+ events a year.,unconfirmed,No hiring dates posted on the jobs page for 2027.,,unknown,True,"You must be at least 16 to work at the annual OC Fair. Some jobs require 18 or older. Applicants 17 and under must provide a valid work permit, available through their school, unless they have already graduated from high school. You must show documents proving identity and work eligibility in the U.S.","Read the Fair's jobs page, then contact Human Resources at (714) 708-1563 or humanresources@ocfair.com. The page lists no application link.",https://ocfair.com/jobs,,fetched,2026-10-09,"The page does not describe an application link or a pay rate, so call or email HR to ask when summer 2027 hiring opens. Applicants 18 and older must pass a background screening."
oc-public-libraries-teen-volunteer,OC Public Libraries Teen Volunteer,OC Public Libraries (County of Orange),"Orange County, CA (any OC Public Libraries branch)",orange-county,volunteer,education; social-impact,12,17,,unpaid,Unpaid,year-round,"Flexible shifts, set by the branch",year-round,No deadline. Openings are limited and depend on each branch.,,rolling,False,"Teens are typically 12 to 17, but each branch sets its own age range, so check with your local branch. Court-ordered community service is not offered.","Contact your local branch to confirm there is an opening. Once a spot is confirmed, fill out the OCCR Volunteer Registration Form, print it, and drop it off at the branch.",https://libraries.oc.gov/landing-page/volunteer,,fetched,2026-10-09,"The registration form is shared by several county agencies, so some questions may not apply to you. Ask your branch what it needs. Arrive on time and tell the branch as early as you can if you miss a shift. OC Public Libraries points teens who need court-ordered hours to the OneOC Court Referral Program."
ocwdb-ready-set-oc-young-adult,OC Workforce Development Board READY S.E.T. OC (WIOA Young Adult Program),Orange County Workforce Development Board (OCWDB),"Orange County, CA",orange-county,paid-youth-program,any,14,24,,mixed,Work experience can be paid or unpaid. Wage not stated on the page.,year-round,Not stated,rolling,No deadline stated. Start by filling out the interest form.,,rolling,,"In-school young adults ages 14 to 21 who are low income (free or reduced-price lunch counts) and have at least one barrier: basic skills deficient or English learner, offender, homeless/runaway/foster, pregnant or parenting, or disabled. Out-of-school youth ages 16 to 24 who are not in school (adult education is allowed) and have a barrier such as dropout, offender, homeless/runaway/foster, pregnant or parenting, or disabled.","Fill out the READY S.E.T. OC interest form (Interest and Eligibility Assessment) linked on the page. Services are delivered by a network of regional providers, which the page does not name.",https://workforce.oc.gov/oc-workforce-development-board/ready-set-oc,https://forms.office.com/pages/responsepage.aspx?id=VppE5D3NukCuMiWmPeqrO3McJEC0ft5Kutcml0sM4BdURTZRU0FDUENKODlSWEdWU1NNQVlINTZGMS4u,fetched,2026-10-09,"Federal WIOA program, so eligibility rules apply (income and barriers). Cost to the student is not stated on the page. Questions: County Directory Assistance 855-886-5400. Many teens will not qualify, so read the eligibility list first."
ousd-linked-learning-internships,OUSD Linked Learning Internships,"Oakland Unified School District, High School Linked Learning Office","Oakland, CA",oakland; east-bay; alameda,internship,any; health; tech-cs; arts-media; engineering; business-finance,,,9 to 12,mixed,Summer internships are paid; amounts vary by employer (see the district list). The district's 2024 listing said Peralta Summer Institute students got a stipend; the current Peralta page only says classes are free.,summer,Varies by employer,closed-expect-reopen,The district updates its summer internship list weekly from January to May. The page still shows Summer 2024 forms; 2027 dates not posted.,,last-year-pattern,True,OUSD students (the page also says Alameda County high school students for the Peralta Summer Institute). Some internships are open to all; others go through your career pathway.,"Fill out the district Summer Internship Common Application (Google Form linked on the OUSD page). For school-year internships, ask your pathway lead teacher or your school's work-based learning lead.",https://www.ousd.org/high-school-linked-learning-office/for-students-families/internships,,fetched,2026-10-07,"The OUSD page still shows Summer 2024 forms, so look for a new form in January 2027. Not every internship is open to every student."
ousd-linked-learning-work-based-learning,"OUSD Linked Learning: Pathways, Internships and Work Permits","Oakland Unified School District, High School Linked Learning Office","Oakland, CA (1011 Union St)",oakland,school-pathway,any,,,9 to 12,mixed,Rate not posted (checked 2026-10-07),year-round,,year-round,Ongoing; talk to your school's pathway or career counselor. No dates posted.,,rolling,False,OUSD high school students.,"Ask your school's Linked Learning or pathway coordinator, or call the district at (510) 879-8000. The office also processes work permits for students.",https://www.ousd.org/linkedlearning,,fetched,2026-10-07,The office handles work permits (needed for any paid job under 18). Check the pathways pages on the OUSD site to find work-based learning at your school.
palo-alto-art-center-counselor-in-training,Palo Alto Art Center Summer Camp Counselor in Training,City of Palo Alto Art Center,"Palo Alto, CA",peninsula; silicon-valley,volunteer,arts-media; education,13,17,,unpaid,,summer,At least 1 week,opens-soon,"CIT and Lead CIT registration opens Feb 4, 2027 with Enjoy! summer camp registration. No closing date stated.",,unknown,False,Ages 13 to 17. Morning or afternoon sessions.,"Register for a CIT or Lead CIT spot when Enjoy! summer camp registration opens on Feb 4, 2027. For the teen volunteer email list, email rebecca.passarello@paloalto.gov.",https://www.paloalto.gov/Departments/Community-Services/Teen-Services/ACT,,fetched,2026-10-07,"Same page lists the Ceramics Apprentice Program (16 and older, 2 years of Art Center ceramics or instructor approval, 2 hours a week, one training session). Spots may fill fast once registration opens."
palo-alto-library-tlab,Teen Library Advisory Board (Palo Alto City Library),Palo Alto City Library,"Palo Alto, CA",silicon-valley; peninsula,volunteer,education,,,8 to 12,unpaid,,school-year,"Fall (Sept to Dec), Winter/Spring (Jan to May) and Summer (June to Aug) terms",closed-expect-reopen,Fall 2026 applications are closed. The page says to check back in December 2026 to apply for Winter/Spring 2027.,,unknown,False,"Grades 8 to 12 (rising 8th graders can join in summer). You must live or go to school in Palo Alto, Menlo Park, Mountain View, Los Altos, Los Altos Hills, Portola Valley or East Palo Alto.","Submit the TLAB volunteer application in Better Impact, finish the paperwork in Docusign, then go to an in-person Livescan fingerprint appointment. Contact libraryteens@paloalto.gov.",https://library.cityofpaloalto.org/tlab/,,fetched,2026-10-07,Fingerprinting is required. Log your hours in Better Impact or the library cannot confirm them.
palo-alto-teen-advisory-board,Teen Advisory Board (Mitchell Park Teen Services),"City of Palo Alto, Mitchell Park Teen Services","Palo Alto, CA",silicon-valley; peninsula,leadership,social-impact; education,,,High school,unpaid,,school-year,,unconfirmed,The page mentions a deadline but gives no date or year. The only dates found were in a 2023 city article.,,unknown,False,"High school students. Needs an online application, a letter of recommendation (returning members are exempt), an intro video and an interview with a nominating committee. Residency rules are not stated.","Submit the online application, recommendation letter and intro video by the deadline, then interview with the nominating committee.",https://www.mitchellparkteenservices.org/tab,,fetched,2026-10-07,"Check the current deadline with Mitchell Park Teen Services (3700 Middlefield Rd, or @mpteenservices on Instagram and Facebook). Pay is not mentioned on the page; treat as unpaid until confirmed."
palo-alto-youth-council,Palo Alto Youth Council (PAYC),"City of Palo Alto, Mitchell Park Teen Services","Palo Alto, CA",silicon-valley; peninsula,civic-government,law-government; social-impact,,,High school (freshmen to seniors),unpaid,,school-year,,closed-expect-reopen,The page says the application opens July 2027. No closing date stated.,,unknown,False,"High school students. Needs an online application, a letter of recommendation (returning members are exempt), an intro video and an interview with a nominating committee. Residency rules are not stated.","Online application, recommendation letter, intro video, then an interview with the nominating committee, once applications open.",https://www.mitchellparkteenservices.org/payc,,fetched,2026-10-07,Pay is not mentioned on the page; treat as unpaid until confirmed. Term length is not stated. Contact Mitchell Park Teen Services (3700 Middlefield Rd).
pathful-explore,Pathful Explore (virtual career exploration),Pathful,Virtual,virtual,virtual,any,,,K-12,unpaid,Free to students if your school licenses it; pricing is not on the site,school-year,Self-paced,rolling,Depends on your school.,,rolling,False,"K-12 students, through their school or district. The Pathful site lists logins for schools and does not describe individual student sign-up.",Ask your counselor whether your school has Pathful. Login pages are listed on pathful.com (app.pathful.com/login).,https://www.pathful.com/,,fetched,2026-10-07,The home page names Pathful and Pathful Junior and does not use the name Pathful Explore. It is a school-run tool; individual students likely cannot join without a school plan.
peralta-dual-enrollment,"Peralta Colleges Dual Enrollment (Laney, Merritt, Berkeley City, College of Alameda)",Peralta Community College District,"Oakland, CA",alameda; berkeley; east-bay; oakland,pre-college,any; health; trades,,,9 to 12,unpaid-credit,Tuition and fees excused. Unit caps: CCAP 15 units fall or spring; other dual enrollment 11 units fall or spring; 9 units in summer.,school-year,"Per term (fall, spring, summer)",rolling,No deadlines posted. Register each term.,,rolling,False,"High school students from Oakland, Berkeley and Alameda. Needs counselor and parent or guardian signatures on the High School Special Enrollment Form.","Meet your counselor, apply to a Peralta college, submit the High School Special Enrollment Form, give transcript and photo ID, meet a college counselor, then register.",https://merritt.edu/dual-enrollment,,fetched,2026-10-07,Peralta also runs a free Summer Institute for Bay Area high schoolers including incoming 9th graders (2026 dates were June 22 to July 31; no application deadline posted). The old OUSD page mentions a stipend; the Peralta page does not.
pg-county-summer-youth-enrichment-program,Summer Youth Enrichment Program (SYEP),"Prince George's County Government, Office of Human Resources Management","Prince George's County, MD",college-park,paid-youth-program,any,14,24,,paid,Hourly and stipend opportunities are available (rate not stated in the county release I could read).,summer,6 weeks (Jul 6 to Aug 14 in 2026),closed-expect-reopen,"2026 cycle: applications Mar 1 to Mar 31, 2026; program Jul 6 to Aug 14, 2026. 2027 dates not posted.",,last-year-pattern,True,"Young people ages 14 to 24 in Prince George's County. Placements are by random lottery. The county's main SYEP pages were blocked for my reader, so residency and work-eligibility rules are not confirmed here.",Apply online at syep.mypgc.us during the spring window. Eligible applicants are entered in a random lottery for a placement. Questions: syep@co.pg.md.us or 301-883-6200 (from the county release).,https://content.govdelivery.com/accounts/MDPGC/bulletins/409b9db,https://syep.mypgc.us,fetched,2026-10-09,"Facts come from the County Executive's official March 1, 2026 bulletin; the county SYEP web pages returned Access Denied to my reader, so confirm at syep.mypgc.us. Highly in demand, so apply the day the window opens. Maryland rule (Maryland Department of Labor): work permits are required for all minors under 18 to work in Maryland, issued only after a job offer."
pg-parks-summer-youth-volunteers,Youth volunteers at Summer Playtime and Summer Day Camps,"M-NCPPC Department of Parks and Recreation, Prince George's County","Prince George's County, MD",college-park,volunteer,education; sports,14,,,unpaid,Unpaid. Approved for Prince George's County Public Schools Student Service Learning hours.,summer,12 to 15 hours per week,unconfirmed,Volunteer applications are accepted online from March 1-May 1. The page gives no year.,,unknown,False,"Youth must reach the required age on or before May 31: 14 for Summer Playtime, 15 for Summer Day Camps. Youth cannot volunteer at a site where a younger sibling or child is a registered participant. Ages 15 and older need a criminal background history check.",Sign up through the Volunteer Opportunities page of pgparks.com. Each youth may volunteer at only one Summer Playtime or Summer Day Camp site. Transportation is not provided.,https://www.pgparks.com/get-involved/volunteer-opportunities,,fetched,2026-10-09,"Dates for the 2027 season are not posted on the page. Unpaid volunteering, so no work permit."
pg-parks-youth-advisory-council,M-NCPPC Youth Advisory Council (YAC),"M-NCPPC Department of Parks and Recreation, Prince George's County","Prince George's County, MD",college-park,leadership,social-impact; law-government,,,High school,unpaid,Unpaid. Members earn student service learning credits or community service hours.,school-year,School year; meetings in person at community centers and online,unconfirmed,No application deadline stated.,,unknown,False,About 20 high school-age youth who live in Prince George's County. No other rule is stated on the page.,"Email your name, resume, school information and a list of extracurricular activities to the contact named on the page (301-446-3416 for questions).",https://www.pgparks.com/things-to-do/teen_preteen_programs,,fetched,2026-10-09,"The same page lists other teen programs (Teen Arts Council, Teen Vocal Showcase for ages 10 to 18, Teen Nights for ages 10 to 17). Unpaid, so no work permit."
pgcmls-library-volunteering-volunteen,Library volunteering and VolunTEEN,Prince George's County Memorial Library System,"Prince George's County, MD",college-park,volunteer,education,14,,,unpaid,Unpaid. Student service learning hours are available.,year-round,Temporary (limited) or regular (at least 6 months) schedules,year-round,"No deadline. Kids Achieve Club interviews: June for September programs, November for January programs.",,rolling,False,Volunteers must be at least 14 (library system rule). VolunTEEN is for grades 6 to 12. The Kids Achieve Club welcomes teens over 15. Volunteers cannot staff the Circulation or Information desks.,"Get a volunteer application from your local branch and ask for the volunteer coordinator. For VolunTEEN, sign up through the Beanstack app.",https://www.pgcmls.info/website/461,,fetched,2026-10-09,"The page says volunteers must be vaccinated and that the library is accepting volunteers; check with your branch for the current rule. Unpaid volunteering, so no work permit."
philadelphia-academy-of-natural-sciences-volunteer,"Volunteer Program, Academy of Natural Sciences",Academy of Natural Sciences of Drexel University,"Philadelphia, PA",philadelphia,volunteer,science; environment,14,,,unpaid,Unpaid,year-round,"Regular time from half a day to several days a week, for at least one year",rolling,No deadline listed.,,rolling,False,Minimum age is 14. The page lists no teen-specific roles; ask which positions accept teens.,"Complete the online application linked on the page, then email the Volunteer Coordinator at volunteers@ansp.org about specific openings.",https://ansp.org/support/volunteer,,fetched,2026-10-09,The page does not say which areas teens can join. Bird Safe Philly runs April to May and September to November.
philadelphia-bloomberg-arts-internship,Bloomberg Arts Internship (BAI),Greater Philadelphia Cultural Alliance,"Philadelphia, PA",philadelphia,internship,arts-media,,,Rising high school seniors,paid,"$20+ per hour for Summer 2026, plus transportation and meal support",summer,"Eight weeks, up to 35 hours a week (2026: June 19 to August 14); select interns may continue in a school-year program up to 10 hours a week",closed-expect-reopen,The page posts no intern application dates. Its only application notice is for worksite hosts: Summer 2026 applications are officially closed.,,last-year-pattern,True,Rising high school seniors in Philadelphia. The page does not state an age range or residency proof.,The program page gives no intern application steps. Contact info@philaculture.org or 215-557-7811.,https://philaculture.org/what-we-do/bloomberg-arts-internship/,,fetched,2026-10-09,Pennsylvania's Department of Labor and Industry page says children need a work permit from their school district's issuing officer. The permit is not mentioned on the program page.
philadelphia-c2l-phl-summer-youth-employment,Career Connected Learning PHL (C2L-PHL) Summer Program,"City of Philadelphia Office of Children and Families, with JEVS Human Services","Philadelphia, PA",philadelphia,paid-youth-program,any,12,24,,stipend,"Stipend on a prepaid debit card, paid every other week; total $1,300 to $1,500 depending on the program (hourly rate not listed).",summer,Summer program (plus school-year programming),closed-expect-reopen,Summer 2026 applications are closed. FAQ: summer applications open between March and April each year.,,last-year-pattern,,Philadelphia residents ages 12 to 24. In-school youth get priority. You can apply to one program per cycle.,"Apply through the C2L-PHL Youth Portal (phila.gov/c2l-phl). Documents: photo ID, school records, Social Security card, birth certificate or passport, and a work permit if applicable. Not first come, first served. Help: C2LPHL@jevs.org or 833-750-5627.",https://www.phila.gov/programs/career-connected-learning-phl-c2l-phl/,,fetched,2026-10-09,"Application is English only; call for help in other languages. Roughly 8,000 city-funded slots a summer (per PYN's site). Work permit listed only as 'if applicable'."
philadelphia-drexel-neuroscience-camp-high-school,"Neuroscience Camp for High School Students, Drexel",Drexel University Graduate School of Biomedical Sciences and Professional Studies,"Philadelphia, PA",philadelphia,pre-college,science; health,,,"Rising high school juniors and seniors with a background in biology, chemistry or research",fee-based,"$2,500 (2026)",summer,"10 days, in-person commuter (2026: July 20 to 31)",closed-expect-reopen,"2026 deadline was April 3, 2026. The page says 2027 Summer Institutes information will be posted this winter.",,last-year-pattern,False,"Rising high school juniors and seniors with a biology, chemistry or research background. Admission is competitive.",Submit transcripts and two letters of recommendation. Contact camp assistant Ipatia Daigle (ied26@drexel.edu) or director Dr. Jed Shumsky (js52@drexel.edu).,https://drexel.edu/academics/pre-college-programs/summer-institutes/medicine,,fetched,2026-10-09,"Drexel runs other Summer Institutes (arts and sciences, business, engineering, design, nursing, public health); their pages did not list grades, costs or dates when read."
philadelphia-franklin-institute-stem-scholars,"STEM Scholars, The Franklin Institute",The Franklin Institute,"Philadelphia, PA",philadelphia,school-pathway,science; engineering; tech-cs,,,Apply as a high school freshman (grade 9),mixed,Free to students; rising seniors are paid for lab research (rate not stated). Fees covered by donors.,school-year,"Four years, grades 9 to 12; research window of 10 weeks between late June and early September",closed-expect-reopen,Applications for the next freshman cohort are currently closed; check back for the 2027 class. FAQ says applications usually open late September or early October and are due mid-December.,,last-year-pattern,,"Students living in Philadelphia and surrounding areas who are entering 9th grade, interested in STEM, able to commit to four years, with a 3.0 GPA (per FAQ). Non-freshmen are rarely accepted.","Online application, essay, transcript, two recommendation letters, then an interview with Youth Programs staff.",https://www.fi.edu/en/stem-scholars,,fetched,2026-10-09,"The FAQ timing and the 'currently closed' message are not fully consistent, so confirm on the page. The sister middle-school program PACTS is for grades 6 to 8."
philadelphia-parks-rec-lifeguard,"Become a Lifeguard, Philadelphia Parks and Recreation",Philadelphia Parks and Recreation Aquatics,"Philadelphia, PA",philadelphia,paid-youth-program,sports,16,,,paid,"Starts at $16.85 per hour, about 35 hours a week from June through August. Red Cross certification is free for ages 16 to 24 who work at a Parks and Rec pool.",summer,"June through August, about 35 hours a week; free training runs year-round",year-round,Free training is offered year-round; reserve a slot on Eventbrite.,,rolling,True,You must be 16 or older to work as a city lifeguard; you can attend the screening at 15.,"Choose a pool and contact its supervisor, train with Aquatics staff to pass the screening, then finish the Red Cross certification and pre-employment steps. Contact: lifeguard@phila.gov.",https://www.phila.gov/services/working-jobs/city-jobs-and-internships/become-a-lifeguard/,,fetched,2026-10-09,Free training is at Lincoln High School and Friends Select School. Pennsylvania's Department of Labor and Industry page says children need a work permit from their school district's issuing officer; workers under 16 also need a parent statement (Form LLC-75).
philadelphia-parks-rec-summer-youth-employment,Parks and Rec Summer Youth Employment Program,Philadelphia Parks and Recreation,"Philadelphia, PA",philadelphia,paid-youth-program,social-impact; sports; education,14,24,,paid,Not stated on the page,summer,Summer,closed-expect-reopen,The page still says registration closed for the C2L-PHL Summer 2025 program. No 2026 or 2027 dates posted.,,last-year-pattern,True,Youth and young adults ages 14 to 24. Residency is not stated on this page (the parent C2L-PHL program requires Philadelphia residency).,Not described on this page; positions come through C2L-PHL. Questions: PPRC2L@phila.gov or 215-683-3683.,https://www.phila.gov/programs/parks-rec-summer-youth-employment-program/,,fetched,2026-10-09,Check the C2L-PHL listing for the actual application. The page I read had not been updated after Summer 2025. Pennsylvania Department of Labor and Industry says work permits are required for minors under 18 hired to fill a position; the Parks and Rec page itself does not mention permits.
philadelphia-penn-sas-high-school-summer-programs,Penn Arts and Sciences High School Summer Programs,"University of Pennsylvania, Penn LPS High School Programs","Philadelphia, PA",philadelphia,pre-college,any,,,Academies and Online Seminars: current 9th to 11th grade. Pre-College: current 10th to 11th grade.,fee-based,"2026 tuition: 2-week Academy $6,700; 3-week Academy $10,050; Pre-College Residential $15,192 to $23,604; Pre-College Online $8,692 or $14,300; Online Seminars $2,950. $1,500 deposit and $100 application fee (waived for School District of Philadelphia applicants).",summer,2 to 6 weeks depending on program (2026 Academies: July 11 to August 1),closed-expect-reopen,2026: May 1 for Academies and Pre-College Residential/Online Session I; June 1 for Online Seminars and Pre-College Online Session II. Rolling admissions. 2027 dates not posted.,,last-year-pattern,False,Current 9th to 11th graders (Pre-College: 10th to 11th).,"Online application from the student: essays (400 words each), transcript, recommendations. For the scholarship, say you attend a School District of Philadelphia school and fill in the scholarship section.",https://hs.sas.upenn.edu/summer-programs,,fetched,2026-10-09,There are no scholarships for the Pre-College programs. Contact hsprogs@sas.upenn.edu or 215-746-2309.
philadelphia-pyn-pyntern,PYNtern Program,Philadelphia Youth Network (PYN),"Philadelphia, PA",philadelphia,internship,any,14,18,Rising 9th to 12th grade (Junior PYNtern rising 9th to 10th; Senior PYNtern rising 11th to 12th),stipend,"Up to $1,500 for a 6 to 8 week experience, depending on hours and milestones",year-round,6 to 8 weeks per cohort (page also says experiences last 6 to 12 weeks),rolling,Summer cohort applications open early March; Fall/Winter cohort open early August; Winter/Spring cohort open in November. Page says Now Recruiting for Summer + Fall 2026.,,last-year-pattern,,"Young people ages 14 to 18, primarily rising 9th to 12th graders. The page does not state a residency rule.","Use Apply Now or the interest form on the page (name, contact, current grade, cohort, three career fields). Phone 267-502-3800 or info@pyninc.org.",https://www.pyninc.org/pyntern,,fetched,2026-10-09,"About 400 internship slots a year across cohorts. The city's large summer jobs program is C2L-PHL, a separate application."
philadelphia-school-district-career-technical-education,"Career and Technical Education (CTE), School District of Philadelphia",School District of Philadelphia,"Philadelphia, PA",philadelphia,school-pathway,trades; health; tech-cs; food-hospitality; business-finance,,,Programs begin in 10th grade,unpaid-credit,School program; the page does not say whether internships are paid.,school-year,"Typically 3 years, 1,080 hours of instruction; some programs 1 or 2 years",rolling,Follow the School Selection timeline for middle schoolers; high schoolers ask their counselor.,,unknown,,District high school students starting in 10th grade. Middle schoolers choose a CTE program on their School Selection application; high schoolers can join if their school has the program and space allows.,Middle school: pick schools that offer your CTE program on the School Selection application. High school: talk to your school counselor.,https://www.philasd.org/cte/,,fetched,2026-10-09,The page notes that students ages 14 to 17 need working papers to work. Which schools offer which programs is in the CTE Programs List.
philadelphia-schuylkill-center-counselor-in-training,"Counselor-in-Training Program, Camp Schuylkill",Schuylkill Center for Environmental Education,"Philadelphia, PA",philadelphia,volunteer,environment; education,14,17,,unpaid,Volunteer program with no fee listed; hours can count as school or organization service hours.,summer,Two full weeks required; may be asked to work up to three weeks; one Saturday training in May,closed-expect-reopen,"2026 deadline was March 31, 2026. Camp Schuylkill runs on a weekly schedule from June 21 to August 13, 2027.",,last-year-pattern,False,Teens ages 14 to 17. Positions are limited.,"Fill out the Google Form on the camp page, including a one-page essay (why you want to volunteer as a CIT, experience with children, what you enjoy about nature).",https://schuylkillcenter.org/education/camp-schuylkill/,,fetched,2026-10-09,"Camp is at 8480 Hagy's Mill Road, Philadelphia, PA 19128. The page's date line looks like a typo (June 15, 2025 to August 14, 2026), so confirm dates when the 2027 application posts."
philadelphia-schuylkill-center-wildlife-clinic-volunteer,"Wildlife Clinic Support Volunteer, Schuylkill Center",Schuylkill Center for Environmental Education,"Philadelphia, PA",philadelphia,volunteer,environment; science,16,,,unpaid,Unpaid,year-round,Minimum one 4-hour shift a week (about 20 hours a month),rolling,2026 in-person info sessions were February 7 and February 28; virtual sessions as needed. Fill out the application to hear about future sessions.,,rolling,False,"Clinic Support volunteers must be 16 or older (Animal Care requires 18+). Must attend a training session, sign the volunteer agreement and finish online ethics and safety courses.",Complete the Wildlife Clinic volunteer Google Form linked on the page.,https://schuylkillcenter.org/wildlife-clinic/volunteer/,,fetched,2026-10-09,The general volunteer page says regular volunteers who work with children need Pennsylvania child abuse and criminal history clearances (free for volunteers).
philadelphia-zoo-volun-teens,"Volun-TEENS, Philadelphia Zoo",Philadelphia Zoo,"Philadelphia, PA",philadelphia,volunteer,environment; science; education,14,17,,unpaid,Unpaid,year-round,Not stated,unconfirmed,The page says to stay tuned for details about the next recruitment period; no dates listed.,,unknown,False,Teens ages 14 to 17.,Email the zoo through the contact link on the volunteer page. No application link is listed.,https://www.philadelphiazoo.org/volunteer/,,fetched,2026-10-09,Separate options: Special Events volunteers (13+ for family events) apply through an online form; school groups of grades 9 to 12 can join Boo at the Zoo takeover shifts (those 2026 dates have passed). Docents must be 21+.
piscataway-public-library-teen-volunteer,"Teen Volunteer Program, Piscataway Public Library",Piscataway Public Library,"Piscataway, NJ",new-brunswick,volunteer,education; any,12,18,Grades 6 to 12 (high school volunteers: grades 9 to 12 and at least 14),unpaid,Unpaid; earns community service hours,year-round,Regularly scheduled volunteer hours after training,year-round,Adopt-a-Shelf: the Session 1 application period has ended; Session 2 applications open November 2 (year not stated on the page). High school volunteers attend an orientation session; check the library calendar for dates.,,unknown,False,Piscataway residents only. Grades 6 to 12 and at least 12 years old; high school volunteers must be in grades 9 to 12 and at least 14. Must sign a Teen Volunteer Code of Conduct at training.,"High school: attend a library orientation session with a mandatory training video, then enroll if you meet requirements. Adopt-a-Shelf (grades 6 to 8): apply on the volunteering page when the session opens. Questions: teens@piscatawaylibrary.org (subject line Volunteer).",https://www.piscatawaylibrary.org/about-us/volunteering,,fetched,2026-10-09,Latecomers are not admitted to training sessions. Open only to Piscataway residents.
pittsburgh-cmu-cs-scholars,CS Scholars,Carnegie Mellon University Pre-College Programs,"Pittsburgh, PA",pittsburgh,pre-college,tech-cs,16,,10th grade at time of application,unpaid,"Fully funded: tuition, housing and meals are free; limited travel help for families with transportation barriers",summer,"4 weeks, June 26 to July 24, 2027, residential",unconfirmed,"Application deadline February 1, 2027. Decisions released April 1, 2027.",2027-02-01,confirmed-2026-27,False,"Students at least 16 by the program start, in 10th grade when applying, and U.S. citizens or permanent residents with a green card. Meant for students who lack access or resources in computer science.","Apply online through the CMU Pre-College application portal by February 1, 2027. Residential only; full participation required.",https://www.cmu.edu/pre-college/academic-programs/computer-science-scholars.html,https://apply-precollege.studentaffairs.cmu.edu/apply/,fetched,2026-10-09,"Status is unconfirmed only because the application opening date is not posted; the 2027 deadlines are confirmed on the program pages (the apply portal could not be read). Limited spots. The admission page lists two different dates for this application (February 1 and March 1, 2027); the program page and the deadlines table both say February 1, 2027, so apply by then. Completers may be invited back to AI Scholars."
pittsburgh-cmu-pre-college-programs,Pre-College Programs (paid tracks),Carnegie Mellon University Pre-College Programs,"Pittsburgh, PA",pittsburgh,pre-college,any,16,,10th or 11th grade at time of application,fee-based,"2026 prices ran from about $5,999 (3-week music, commuter) to $14,688 (summer session, residential, 2 courses), plus a $75 application fee and an $800 enrollment deposit. 2027 prices are posted in November 2026. Full scholarships for students with financial need.",summer,3 to 6 weeks depending on the program (summer 2027 starts June 26),unconfirmed,"Scholarship application deadline February 1, 2027 (decisions April 1, 2027). Basic application deadline March 1, 2027 (rolling decisions).",2027-03-01,confirmed-2026-27,False,"High school students at least 16 years old by June 26, 2027 who are in 10th or 11th grade when they apply.","Apply online through the CMU Pre-College application portal. The scholarship option is only considered under the February 1, 2027 deadline.",https://www.cmu.edu/pre-college/,https://apply-precollege.studentaffairs.cmu.edu/apply/,fetched,2026-10-09,"Status is unconfirmed only because the application opening date is not posted; the 2027 deadlines are confirmed on the program pages (the apply portal could not be read). Expensive; shown so families know the cost and the scholarship route. The three fully funded programs (AI Scholars, CS Scholars, SAMS) cost nothing. Check the cost page again in November 2026 for 2027 prices."
pittsburgh-cmu-summer-academy-math-science,Summer Academy for Math and Science (SAMS),Carnegie Mellon University Pre-College Programs,"Pittsburgh, PA",pittsburgh,pre-college,science; engineering,16,,11th grade at time of application,unpaid,No cost to scholars beyond travel to and from Pittsburgh,summer,"6 weeks in person, June 26 to August 7, 2027, plus a short virtual jumpstart June 21 and 22, 2027",unconfirmed,"Application deadline February 1, 2027. Decisions released April 1, 2027.",2027-02-01,confirmed-2026-27,False,Students at least 16 years old by the program start who are U.S. citizens or permanent residents and in 11th grade when they apply. The program focuses on students underrepresented in STEM.,"The application opening date is not posted; apply online through the CMU Pre-College application portal by February 1, 2027. Residential only; scholars must attend the full program.",https://www.cmu.edu/pre-college/academic-programs/sams.html,https://apply-precollege.studentaffairs.cmu.edu/apply/,fetched,2026-10-09,"Status is unconfirmed only because the application opening date is not posted; the 2027 deadlines above are confirmed on the program pages (the apply portal itself could not be read, it needs JavaScript). Competitive and limited spots. The page gives no application opening date. Scholars cannot take other summer programs that overlap. Questions: cmu-sams@andrew.cmu.edu."
pittsburgh-kamin-science-center-teen-volunteers,Teen Volunteer Program,Kamin Science Center (formerly Carnegie Science Center),"Pittsburgh, PA",pittsburgh,volunteer,science; education,14,18,,unpaid,"Volunteer, unpaid",year-round,Summer Teen Program and School Year Teen Program (hours per week not stated),closed-expect-reopen,"Summer Teen Program: applications open in January, deadline March 1. School Year Teen Program: applications June 1 to August 1 only. Both were closed on the day this page was read; the posted pattern is by month, with no year.",,last-year-pattern,False,Teens ages 14 to 18. Must be at least 14 by the application deadline. Late applications are not considered.,Complete the online application (or download one to email or mail) during the window. Selected teens are interviewed and must complete an orientation.,https://kaminsciencecenter.org/join-and-give/volunteer/,,fetched,2026-10-09,Teens accepted twice a year (summer and school year). The next summer window should open in January; confirm on the page.
pittsburgh-learn-and-earn-summer,Summer Learn & Earn,"Partner4Work, Allegheny County and City of Pittsburgh","Pittsburgh, PA",pittsburgh,paid-youth-program,any,14,23,,paid,Paid wages (hourly rate not stated on the program page),summer,"Tier 1 and 2: June 22nd, 2026 - August 7th, 2026. Hours per week are not stated on the page.",closed-expect-reopen,"2026 applications ran March 2 to June 5, 2026 and are closed. The page says applications are accepted in the spring; 2027 dates are not posted yet.",,last-year-pattern,True,Young people ages 14 to 23 in Allegheny County and the City of Pittsburgh. Income and residency requirements apply (details on the application).,"Apply online through Partner4Work during the spring application window (new participants and returning participants use different links). A complete eligible application does not guarantee a placement, so apply early.",https://www.partner4work.org/learn-earn,,fetched,2026-10-09,"Questions: summer@partner4work.org or (412) 932-2950. A separate Year-Round Learn & Earn (fall, winter, spring work sessions) serves ages 16 to 23 in the City of Pittsburgh but only for people who already finished a summer. The program page does not mention a work permit; the Pennsylvania Department of Labor and Industry says work permits are required for minors under 18, so ask your school or the program how to get one."
pittsburgh-national-aviary-teen-volunteers,Teen Volunteer Program,National Aviary,"Pittsburgh, PA",pittsburgh,volunteer,environment; science; education,14,17,,unpaid,"Volunteer, unpaid",summer,10-day sessions; orientation with a parent or guardian in late May,closed-expect-reopen,"The 2026 application period has closed. For 2026 the group interviews were April 11 and April 18, 2026 and the orientation was May 30, 2026. 2027 dates are not posted.",,last-year-pattern,False,"Teens ages 14 to 17 interested in animal-related careers (age counted as of June 1, 2026 for the 2026 session). Must commit to at least 8 of the 10 days in the chosen session.","Submit the volunteer application when it reopens, attend an in-person group interview, and attend orientation with a parent or guardian.",https://www.aviary.org/about-us/join-our-team/volunteer/,,fetched,2026-10-09,Questions go to the volunteer contact on the National Aviary volunteer page.
pittsburgh-upmc-childrens-teen-volunteer,Teen Volunteer Program,UPMC Children's Hospital of Pittsburgh,"Pittsburgh, PA",pittsburgh,volunteer,health,15,17,,unpaid,"Volunteer, unpaid",summer,"At least 8 weeks over the summer, 6 to 8 hours a week (shifts are three or four hours). Year-round spots possible after a satisfactory summer.",closed-expect-reopen,The hospital is not accepting new teen applications for this calendar year and says to check back in early January for next year's process.,,last-year-pattern,False,"Teens ages 15 to 17 (having turned 15 by June 1, 2026 for the 2026 program). Two non-relatives must complete a reference form. Needs proof of a negative TB test and a Tdap shot before orientation.",Check the teen program page in early January for how to submit an inquiry. Questions: chpvolunteer@chp.edu or 412-692-5185.,https://www.chp.edu/about/volunteer/opportunities/teen-program,,fetched,2026-10-09,"Very high demand and limited spots. The volunteer office does not handle shadowing, internships or research requests; contact departments directly for those. Adult volunteer program is 18 and older."
pittsburgh-warhol-youth-arts-council,Youth Arts Council,The Andy Warhol Museum,"Pittsburgh, PA",pittsburgh,leadership,arts-media,15,18,,stipend,Participants receive stipends (amount not stated),school-year,"Weekly Thursdays 3:30 to 6 p.m., Oct 15, 2026 to May 2027",open-now,"Application deadline: Friday, October 9, 2026 (the day this page was read). Weekly meetings start October 15, 2026.",2026-10-09,confirmed-2026-27,,Pittsburgh area teens ages 15 to 18 (high school students).,Submit the online application by the deadline. Work samples are optional. Email teens@warhol.org with questions. Bus tickets are available for transportation.,https://www.warhol.org/teens/,https://www.warhol.org/youth-arts-council-2026-2027/,fetched,2026-10-09,"The 2026-27 deadline falls on 2026-10-09, so email teens@warhol.org to ask whether late applications are accepted. The Warhol also hires paid Student Assistants and runs a free Teen DJ Academy (ages 14 to 18, stipend) and School of Drag (ages 14 to 18); see the Teens page."
pittsburgh-zoo-aquarium-summer-zoo-teens,Summer Zoo Teen Program,Pittsburgh Zoo & Aquarium,"Pittsburgh, PA",pittsburgh,volunteer,environment; science; education,14,17,,unpaid,"Volunteer, unpaid",summer,"7 weeks, one day a week, 9:30 a.m. to 3:30 p.m. (June 15 to July 31, 2027)",opens-soon,"Applications for the 2027 program open December 15, 2026 and stay open through mid-January 2027. The exact closing date is not posted.",,confirmed-2026-27,False,"Teens ages 14 to 17 who are interested in animals and conservation (having turned 14 by June 1, 2026). Must commit to one day a week for at least 5 of the 7 weeks.",Fill out the online application when it opens. All applicants are interviewed in person before acceptance. Not all applicants are accepted.,https://www.pittsburghzoo.org/about/volunteer/,,fetched,2026-10-09,"Volunteer role, so no pay. Contact the Volunteer Services Manager through the zoo volunteer page. The page's age requirement reads 'having turned 14 by June 1, 2026' even though it describes the 2027 program, so ask the zoo to confirm the age cutoff date. Confirm dates when applications open."
planting-justice-youth-internships,Planting Justice Youth Internships,Planting Justice,"Oakland, CA (East Oakland Nursery, 319 105th Ave)",oakland; east-bay,paid-youth-program,environment; food-hospitality,,,,paid,$17.50 per hour (page says 40+ paid internships),year-round,,unconfirmed,Not posted,,unknown,True,No age or grade rule is stated. The program focuses on youth facing challenges such as hunger or homelessness and aims to keep them in school.,"Email your resume to jobs@plantingjustice.org, or call the East Oakland Nursery at 510-756-6965.",https://plantingjustice.org/pages/what-we-do/youth-internships,,fetched,2026-10-07,"Ages, season and hours are not stated, so call and ask. Pay is from the program page and may change."
pleasanton-youth-commission,Pleasanton Youth Commission,City of Pleasanton,"Pleasanton, CA",east-bay; alameda,civic-government,law-government,,,"Middle school, 9th grade, or 11th grade seats (fall 2026 recruitment)",unpaid,Volunteer appointed seat. No pay is stated in the recruitment ad.,school-year,,closed-expect-reopen,"Fall 2026 recruitment: apply by 5:00 PM on Tuesday, August 18, 2026. That deadline has passed. The next recruitment date is not posted.",,last-year-pattern,False,"Must reside within Pleasanton city limits. Seats are set aside by grade: middle school, 9th grade, and 11th grade (fall 2026 ad: 3 seats each).","Apply online through the City of Pleasanton boards and commissions page (link at the bottom of the page, per the recruitment ad). Questions: Office of the City Clerk, 925-931-5027.",https://www.cityofpleasantonca.gov/assets/our-government/board-commissions/Recruitment-Ad-FALL-2026.pdf,,fetched,2026-10-07,"The next recruitment date is not posted in the ad we read; deadline_confidence is last-year-pattern because the most recent cycle was fall 2026. The recruitment ad describes city commissions in general; the Youth Commission's own duties and term length were not on a page we could open, so what_you_do is based on the ad's general description."
police-cadets-san-mateo,San Mateo Police Cadet (Explorer) Program,San Mateo Police Department,"San Mateo, CA",peninsula; silicon-valley,volunteer,law-government,14,20,,unpaid,,year-round,9 week academy plus monthly service,year-round,No deadline posted. A recruiter contacts you after you send the application.,,rolling,False,"Ages 14 to 20 at appointment, enrolled in high school or college with a C average or better. Needs a valid government ID (CA ID, driver license or US passport), parent consent if under 18, and a background check.",Email the completed application to joinsmpd@cityofsanmateo.org or call the Recruiting Unit at 650-522-7629.,https://www.cityofsanmateo.org/2813,,fetched,2026-10-07,"Training classes are on the 1st and 3rd Thursday, 5 to 7 p.m. Hours count toward school service requirements. You need a flexible schedule for weekdays and weekends. FAQ is at cityofsanmateo.org/4720."
police-explorers-hayward,Hayward Police Explorer Program,Hayward Police Department,"Hayward, CA",east-bay; alameda,volunteer,law-government,14,19,,unpaid,,year-round,,closed-expect-reopen,"Applications are taken twice a year, in January and July (page gives no exact dates). The next window is expected in January 2027.",,last-year-pattern,False,"Ages 14 to 19 (not yet 19 and a half), full-time student, 2.5 GPA, must pass a background check.","Complete the online application, or contact the coordinator at 510-293-5060 or Explorers@hayward-ca.gov.",https://hayward-ca.gov/police-department/programs/police-explorer-program,https://www.research.net/r/HPD-Explorer,fetched,2026-10-07,"The page gives no closing dates, so check at the start of each window. Meetings are Wednesday nights 5 to 7pm plus training and some weekend events."
police-explorers-morgan-hill,Morgan Hill Police Explorer Program,Morgan Hill Police Department,"Morgan Hill, CA",silicon-valley,volunteer,law-government,14,21,,unpaid,Free; you may buy your own uniform (help available),year-round,,rolling,No deadline posted.,,rolling,False,"Ages 14 to 21, currently enrolled in school with a C average or better. No felony or certain misdemeanor convictions, no pending criminal cases, and you must agree to fingerprinting for a background check.","Email the Explorer application PDF to MHPD_Explorers@morganhill.ca.gov, then complete an oral board interview.",https://morganhill.ca.gov/1320/Police-Explorer-Program,,fetched,2026-10-07,"Free to join, but you may need to buy a uniform and gear. Financial help is available. Expected to attend all meetings, trainings and events. Meeting times are not on the page."
police-explorers-oakland,Oakland Police Explorers,Oakland Police Department,"Oakland, CA",oakland; east-bay; alameda,volunteer,law-government,14,,9 to 12,unpaid,,year-round,,year-round,No intake dates posted. Contact the coordinator.,,unknown,False,"High school students at least 14.5 years old, 2.0 GPA, average or better attendance and discipline, no felony or serious misdemeanor.","Email Explorer Coordinator Officer Charles Stone at cstone@oaklandca.gov, or Oakland PAL (Officer Jumaal Hill) at 510-615-5758 or oaklandpal@oaklandpal.org.",https://www.oaklandca.gov/resources/oakland-police-youth-services,,fetched,2026-10-07,"The page gives a minimum age of 14.5 and no upper limit. The page does not give meeting times or dates, so ask the coordinator. Oakland PD also runs the Police Activities League."
pomona-college-academy-for-youth-success,Pomona College Academy for Youth Success (PAYS),Pomona College (Draper Center),"Claremont, CA",inland-empire; los-angeles,pre-college,any,,,Currently 9th grade,unpaid,"Free. Pomona College covers housing, food, activities and field-trip transportation. No stipend mentioned.",summer,"4-week residential summer (2027: June 20 to July 16), then 3 years of involvement",opens-soon,"Applications open Nov 9, 2026 and are due Feb 22, 2027 (recommendations due Mar 1, 2027). Decisions Apr 16, 2027.",2027-02-22,confirmed-2026-27,False,"Current 9th graders who live or attend high school in Los Angeles, Orange, Riverside, San Bernardino or Ventura County. First-generation, low-income, or Geometry/Integrated Math II students are considered but not required. About 30 students are admitted each year.","Online New Student Application, two essays (up to 500 words each), a current-year transcript and two recommendations (one from a core subject teacher). Some applicants are interviewed. Contact PAYS@pomona.edu or (909) 607-1810.",https://www.pomona.edu/administration/draper-center/pays/apply,,fetched,2026-10-09,"The apply page mentions both 2025-2026 and 2026-2027 in places; the 2026-2027 deadlines above are the ones listed. Confirm with the program. Pomona College is in Claremont, next to Pomona."
pomona-valley-hospital-high-school-volunteer,High School Volunteer Program,Pomona Valley Hospital Medical Center,"Pomona, CA",inland-empire; los-angeles,volunteer,health,,,9 to 11,unpaid,Unpaid volunteer role,year-round,At least 1 year; one 3-hour shift a week (up to 3 shifts),closed-expect-reopen,"No dates posted. The same page says the hospital is currently only accepting adult volunteer applications, so check before applying.",,unknown,False,"Students currently in 9th, 10th or 11th grade. The page does not list an age rule.","Use the 'Click here to apply for high school volunteer opportunities' link on the page, or call the hospital volunteer office to confirm if high school applications are open.",https://www.pvhmc.org/patients-visitors/additional-services/volunteer-program/high-school-volunteers/,,fetched,2026-10-09,CONFIRM FIRST: the page offers a high school application link but also says only adult applications are being accepted right now. Scheduled Monday to Friday shifts.
pretend-city-volunteer-and-teen-programs,Pretend City Children's Museum Volunteers and Teen Programs,Pretend City Children's Museum,"Irvine, CA",orange-county,volunteer,education; social-impact,12,19,,unpaid,Unpaid. The page lists no fees.,year-round,At least 3 hours a month and 15 hours a year before you sign up for training (volunteers). TeensTeach and TeensTable length is set by you.,rolling,No deadline. Teen program submissions are rolling and spots are limited.,,rolling,False,Volunteers must be 12 or older. The TeensTeach and TeensTable teen programs are for ages 13 to 19.,"Volunteers: create an account and submit the individual application, read the handbook, finish the online orientation and quiz, then sign up for training. Teen programs: submit an idea through the page. Staff pick programs that fit the museum's mission and email chosen applicants.",https://www.pretendcity.org/volunteer-or-intern/,,fetched,2026-10-09,"Address: 29 Hubble, Irvine, CA 92618. Volunteer questions: volunteer@pretendcity.org or 949-428-3900. The page also links a Youth Leadership Board but does not describe it."
qpl-peer-to-peer-service-collective,Peer-to-Peer Service Collective for Teens,Queens Public Library,"Queens, NY",new-york-city,leadership,education; social-impact; any,14,17,9-12,unpaid,Unpaid. You earn community service credit for time presenting.,school-year,Varies by project,open-now,"Fall 2026 submissions are open Sept 21 to Oct 31, 2026. The spring window is Feb 1 to Feb 28, 2027. Online info session Oct 13, 2026, 5-6 pm.",2026-10-31,confirmed-2026-27,True,"Current high school students in grades 9-12 who live in the five boroughs, with parental consent and NYS working papers, and who register as library volunteers.",Complete the Idea Submission questionnaire on the library volunteer site during a submission window. The Civic Engagement Team will contact you to get your idea library ready. Questions: volunteer@queenslibrary.org.,https://volunteer.queenslibrary.org/peer-to-peer-service-collective,,fetched,2026-10-09,"A limited number of projects are accepted and a branch must agree to host. Other QPL pages list ages as 14-18 for this program, so check the age limit if you are 18."
qpl-teen-volunteer,Queens Public Library Teen Volunteering (ages 14-17),Queens Public Library,"Queens, NY",new-york-city,volunteer,education; social-impact; any,14,17,,unpaid,Unpaid. Volunteer hours count as community service credit.,year-round,Varies by project,year-round,"Minors can apply year-round. Approval and placement can take up to 30 days, longer in summer and fall.",,rolling,True,"Teens ages 14 to 17 with a signed parent consent form. The page says some projects do not require NYS working papers, so check each project's description. Students at schools outside the country or the state may use a waiver.","Get the parent consent form and NYS working papers (from your high school office), create a volunteer account, search projects and click Express Interest/Sign Up, then interview and get an offer letter. Questions: volunteer@queenslibrary.org.",https://volunteer.queenslibrary.org/under_18,,fetched,2026-10-09,"Library says some projects do not need working papers, so check each listing. Working papers take 1-3 weeks from your school, so start early. They are issued regardless of immigration status. Under-14s can only volunteer with a parent or guardian."
red-cross-babysitting-training,American Red Cross Babysitting and Child Care Training,American Red Cross,Online and local classes,statewide; virtual,entrepreneurship,education,11,,,fee-based,"Babysitting Basics Online costs $45 (4 hours, self-paced, certificate valid 2 years). In-person class prices vary by location.",year-round,Online course: about 4 hours; in-person length varies,year-round,Ongoing.,,unknown,False,"Red Cross says the in-person Babysitter's Training is for ages 11 to 16, and its online Babysitting Basics course is designed for youth 11 and older.","Pick a class on the Red Cross Babysitting and Child Care page, or buy the online course there.",https://www.redcross.org/take-a-class/babysitting-child-care,,fetched,2026-10-07,"The old take-a-class/babysitting-training link no longer works, so the page address was updated. Red Cross says these courses do not qualify you for state-licensed child care. Casual babysitting in a private home does not need a work permit per the California child labor guide (2013 edition)."
red-cross-lifeguard-wsi,American Red Cross Lifeguard and Water Safety Instructor courses,"American Red Cross (taught by local pools, cities and YMCAs)",Local pools across California,statewide,apprenticeship-trades,sports; education,15,,,fee-based,Course fees are set by each provider and are not listed on the pages read.,year-round,"Lifeguarding: about 27 hours in person, or about 6 hours online plus about 21.5 hours in person",year-round,Ongoing. Class dates depend on the provider.,,unknown,False,"Lifeguarding: at least 15 years old by the last day of class, plus a swim test (swim, tread water, timed event). Water Safety Instructor and Basic Swim Instructor: at least 15 by the end of the course.","Use Find a Class on the Red Cross lifeguarding page to pick a pool or YMCA class near you, and check the fee.",https://www.redcross.org/take-a-class/lifeguarding,,fetched,2026-10-07,"Final test is a 50-question exam with an 80% pass mark. Certificate lasts 2 years. Before the update this file said Water Safety Instructor needs age 16; the Red Cross page says 15. For lifeguard jobs, check each employer's page for pay and work permit rules."
redwood-city-leaders-in-training,Redwood City Leaders in Training (L.I.T.),"City of Redwood City Parks, Recreation and Community Services","Redwood City, CA",silicon-valley; peninsula,volunteer,education; sports,13,15,Ages 13 to 15,fee-based,"2026 fees: $88 for session 1, $98 for sessions 2 and 3, $49 for session 4",summer,1 to 2 weeks per session,closed-expect-reopen,"2026: applications opened April 20 and were due May 8, 2026; interviews May 18 to 21; training June 13. 2027 dates not posted.",,last-year-pattern,False,"Ages 13 to 15; you must be 13 by the first training day. Written application, then an interview if selected. At most 20 L.I.T.s per session. Redwood City camps.","Download the L.I.T. application and email it to tbrent@redwoodcity.org by the deadline. If chosen you interview, then get camp placement and payment instructions. Phone 650-780-5929.",https://www.redwoodcity.org/departments/parks-recreation-and-community-services/teens/leadership-in-training-l-i-t,,fetched,2026-10-07,"Teens pay a fee to take part (2026: $88, $98, $98 or $49 depending on session). The fee is due after a successful interview. Placement depends on camp needs. A mandatory Saturday training is required. 2027 dates are not posted, so expect a similar April to May window and watch the page."
regeneron-isef,Regeneron International Science and Engineering Fair (ISEF),Society for Science,"Los Angeles, CA (May 2027)",national; statewide,research,science; engineering,,,9 to 12 or equivalent,unpaid,No entry fee stated on the pages read; more than $7 million in awards and prizes,spring,May 2027,event,"ISEF is in Los Angeles in May 2027 (exact dates not posted on the pages read). Affiliated fairs end by mid-April, and each fair sets its own deadline, so find yours now.",,unknown,False,Students in grades 9 to 12 or equivalent. You cannot enter ISEF directly; you must win at a Society-affiliated fair. Use the Find-a-Fair tool for California fairs.,"Use Find-a-Fair on the Society for Science site, then register with your school or regional fair.",https://www.societyforscience.org/isef/,,fetched,2026-10-07,"Projects can include no more than 12 months of continuous research. The 2027 ISEF is in California, which can lower travel costs for California finalists."
regeneron-sts,Regeneron Science Talent Search,Society for Science,Virtual submission,national,research,science; engineering,,,12,unpaid,"No entry fee stated on the pages read; $3.1 million in annual awards, $250,000 first place",fall,"Application June 1 to November 5, 2026",open-now,"Applications close Nov 5, 2026 at 8 p.m. ET (opened June 1, 2026). Top 300 announced Jan 7, 2027; Top 40 announced Jan 21, 2027; finals week Mar 11 to 17, 2027.",2026-11-05,confirmed-2026-27,False,"Students in their last year of high school who live and attend school in the US or its territories, any citizenship. You need your own original research with real data, plus essays, a paper of up to 20 pages, recommendations and a transcript.",Apply online at the Society for Science application portal (sciencetalentsearch.smapply.org).,https://www.societyforscience.org/regeneron-sts/,https://sciencetalentsearch.smapply.org/,fetched,2026-10-07,"Seniors only, so juniors should plan for next fall. Test scores are optional. Homeschooled students may apply."
richmond-youthworks-work-experience,Richmond YouthWORKS Work Experience Program (WEX),"City of Richmond, RichmondWORKS","Richmond, CA (330 25th St)",east-bay,paid-youth-program,any,16,21,,paid,Paid internship; the hourly rate is not stated on the page,year-round,Up to 100 hours,rolling,No deadline stated. The 2026-2027 application is posted.,,rolling,True,Richmond youth ages 16 to 21. Must attend required workshops and training to be guaranteed an internship.,Submit the online Work Experience Program application (2026-2027 form linked on the city page). The team contacts you for an intake. Phone (510) 412-2044.,https://richmondca.gov/1139/Work-Experience-Program,https://tinyurl.com/YW-WEX-26-27,fetched,2026-10-07,Must live in Richmond. Ask about the hourly wage and your start date at intake.
rising-sun-climate-careers,Climate Careers (Green House Calls),Rising Sun Center for Opportunity,"Oakland, CA and Bay Area",oakland; east-bay,paid-youth-program,environment; trades,15,24,,paid,2026: up to $20.50 per hour for Energy Specialists (up to $22.50 during externship); drivers up to $21.50,summer,Summer; four days a week,unconfirmed,No application dates posted. Check risingsunopp.org/jobs for postings.,,unknown,True,"Ages 15 to 24 living in Alameda, Contra Costa, Fresno, Merced, Madera, Napa, San Francisco, San Joaquin, Santa Clara, Sonoma or Tulare county. Must commit to four days a week.",Apply through the links on the job posts at risingsunopp.org/jobs/. Phone (510) 665-1501.,https://risingsunopp.org/programs/climate-careers/,https://risingsunopp.org/jobs/,fetched,2026-10-07,"As of Oct 7, 2026 the jobs page lists only Central Valley coordinator postings, so no Bay Area summer posting was visible. Pay shown is the 2026 rate. The City of Oakland summer jobs list also includes Rising Sun."
riverside-county-library-teen-advisory-boards,Teen Advisory Boards (branch libraries),Riverside County Library System,"Riverside County, CA (branch libraries)",inland-empire,leadership,education; social-impact,,,,unpaid,Unpaid volunteer role,year-round,Not stated,unconfirmed,Not posted. Contact your local branch.,,unknown,False,"Teens at branches that have a board. The page states no age range, so ask your branch.",Contact your local branch. The page describes no teen application; its online application is for adult volunteers.,https://www.rivlib.net/services/volunteer/,,fetched,2026-10-09,"Not every branch has a board. The page gives no ages, hours or sign-up steps for teens, so call the branch first. Separate from the City of Riverside Public Library."
riverside-public-library-volunteer-14-plus,Library Volunteer (ages 14 and up),Riverside Public Library (City of Riverside),"Riverside, CA",inland-empire,volunteer,education; social-impact,14,,,unpaid,Unpaid volunteer role,year-round,At least 30 total hours at one library before switching,year-round,No deadline posted. Apply any time.,,rolling,False,Anyone at least 14 years old who can pass a Department of Justice background check. The library cannot accept court-ordered volunteers.,"Create an account at riversideca.cervistech.com, find a Library opportunity, click 'Apply to participate', then wait for an email or call. If approved you book a processing appointment with Human Resources at City Hall and get cleared by background check.",https://riversideca.gov/library/how/volunteer-us,,fetched,2026-10-09,"This is the City of Riverside library, not the Riverside County Library System. The page does not describe teen-specific roles; it applies to all volunteers ages 14 and up."
roseville-leadership-development-program,Leadership Development Program (LDP),"City of Roseville Parks, Recreation and Libraries","Roseville, CA",sacramento,leadership,education; sports,13,,,fee-based,Participants pay a course fee (amount not posted). Includes t-shirt and name tag.,summer,10 hours of training plus up to 50 hours of job experience training; starts in June,open-now,"Interest application and recommendation letter due May 5, 2027. Program starts in June 2027.",2027-05-05,confirmed-2026-27,False,Ages 13 and up. Spots are limited and not every applicant is chosen.,"Send the interest application and a letter of recommendation to Megan Eaton, meaton@roseville.ca.us, by the deadline. Selected applicants are interviewed, placed at a program site, then pay the course fee.",https://www.roseville.ca.gov/prl/parks_recreation/programs_classes/leadership_development_program.php,,fetched,2026-10-07,"The page does not say what day applications opened, only the May 5, 2027 deadline. You pay the course fee only after you are chosen. A separate LDP information sheet is linked on the page."
roseville-library-teen-volunteers,Volunteer at the Roseville Public Library,City of Roseville Library,"Roseville, CA",sacramento,volunteer,education; social-impact,13,,,unpaid,,year-round,,rolling,Rolling.,,rolling,False,Must be 13 or older.,Complete the online Volunteer Form and a staff member will contact you. (916) 774-5221,https://www.roseville.ca.gov/prl/library/support_us/volunteer_form.php,,fetched,2026-10-07,"The page lists no parent permission rule, tasks, or hours. Call (916) 774-5221 or ask the staff member who contacts you."
rsi-mit-cee,Research Science Institute (RSI),Center for Excellence in Education with MIT,"Cambridge, MA",national,research,science; engineering,,,Rising seniors (juniors),unpaid,Free to students,summer,About 7 weeks,open-now,"RSI 2027 applications are open through 11:59 p.m. on December 11, 2026. No late applications.",2026-12-11,confirmed-2026-27,False,"Students about to start their last year of high school (juniors). Seniors are not eligible. Open to US citizens, permanent residents and students from participating countries. Needs essays, recommendations, a transcript and test scores.","Apply on the CEE site: essays, two or three teacher recommendations, official transcript, and PSAT, SAT, ACT or AP scores.",https://www.cee.org/programs/research-science-institute,https://www.cee.org/programs/apply-rsi,fetched,2026-10-07,"Extremely selective (the FAQ says under 2.5% are accepted). Held in Cambridge, Massachusetts, so plan for travel. The older FAQ page mentions a $75 application fee with waivers and a minimum age of 16 by July 1, but it also lists a six-week program, so it may be out of date. Confirm with CEE."
ryse-center-richmond,RYSE Center (youth membership and paid internships),RYSE Center,"Richmond, CA (3939 Bissell Ave)",east-bay,paid-youth-program,arts-media; social-impact; health,13,21,,mixed,Membership free; internships are paid (rate not posted),year-round,,rolling,Membership: join at an enrollment session. Cohorts and internships have separate windows (see notes).,,rolling,True,Young people ages 13 to 21. Membership is free.,"Register for an enrollment session at rysecenter.org/for-youth, then watch each cohort's application. Phone (510) 374-3401.",https://rysecenter.org,https://rysecenter.org/for-youth,fetched,2026-10-07,"Per the cohort page: Food Justice, Public Health, Health and Wellness Career Exploration and STAY FLY TAY Law applications are listed as releasing December 2026; Mock Trial January 2027; Roots to RYSE (summer) Spring 2027; YOUTHBRIDGE internship May 2027. Pay and ages for each cohort are not stated."
sac-animal-care-youth-volunteers,Youth volunteers at Sacramento animal shelter,City of Sacramento Animal Care,"Sacramento, CA",sacramento,volunteer,environment; science,12,17,,unpaid,,year-round,Needing school hours: at least 30 hours of shifts over about 3 months. No school requirement: at least 12 hours on site.,rolling,Rolling.,,rolling,False,Age 12 to 17. Ages 12 to 15 must volunteer beside a parent or guardian who also registers and trains.,"Do the online orientation and sign the volunteer agreement, make an online account and fill out the volunteer application, attend the Shelter Basics 101 on-site training, then sign up for shifts.",https://www.cityofsacramento.gov/community-development/animal-care/volunteer/volunteer-opportunities/youth-opportunities,,fetched,2026-10-07,Log hours online and also sign in and out in the paper student binder. Cat shifts need extra training. Court-ordered hours use a separate page.
sac-city-wioa-in-school-youth,WIOA In-School Youth Program,"City of Sacramento Youth, Parks and Community Enrichment","Sacramento, CA",sacramento,paid-youth-program,any,,18,high school senior,paid,Wage not posted on the page.,year-round,,rolling,No deadline posted.,,rolling,True,"Enrolled high school seniors who can get a work permit if under 18, are low income, and meet at least one barrier (for example disability, English learner, foster or homeless, justice-involved, parenting, or struggling academically).","Download the application from the page and email or hand it in, or pick up a paper copy at Belle Cooledge Community Center (9:30 am to 4:30 pm). WIOA@cityofsacramento.org",https://www.cityofsacramento.gov/ypce/youth-employment/wioa,,fetched,2026-10-07,"Only for low-income students with at least one listed barrier. You can qualify as low-income through free or reduced lunch, SNAP or TANF, or a qualifying ZIP code. Work experience must start at age 18 or younger."
sac-junior-rec-aide,Jr. Rec Aide (JRA),"City of Sacramento Youth, Parks and Community Enrichment","Sacramento, CA",sacramento,leadership,education; sports,16,18,,stipend,$425 stipend and certificate for meeting attendance and goals.,winter,"8 weeks (winter 2026: Jan 26 to Mar 18, Mon and Wed 4:30 to 7:00 pm)",closed-expect-reopen,"Winter 2026 registration opened Dec 22, 2025. The page still shows only that session; the next session is not posted.",,last-year-pattern,False,Ages 16 to 18 still in high school (16 by the end of the program) who live in Sacramento city limits. May complete up to two times.,Make a parent or guardian ActiveNet account and register your teen for the next session. jrrecaide@cityofsacramento.org,https://www.cityofsacramento.gov/ypce/youth-employment/junior-rec-aide,,fetched,2026-10-07,Only one absence allowed because of the stipend. Waitlist spots are filled until the second week. Classes are in person at a community center. Youth who are 18 must show proof of school attendance. The page says sessions are held throughout the year.
sac-landscape-and-learning,Landscape and Learning (L&L) Youth Aide,"City of Sacramento Youth, Parks and Community Enrichment","Sacramento, CA",sacramento,paid-youth-program,environment; trades,14,17,,paid,$16.90 per hour. Fall 2026 shifts: Sat and Sun 8:00 to 2:30.,fall,Fall 2026 runs Sept 12 to Nov 22,closed-expect-reopen,The page said the Fall 2026 recruitment would begin in July 2026 and last two weeks or until 350 applications. That window is over. The next window is not posted.,,last-year-pattern,True,Ages 14 to 17 living inside Sacramento city limits. Interview and work permit needed.,"Apply online only during a recruitment window using the Apply link on the L&L page. Selected applicants get an in-person interview, then hiring steps including a work permit. landscapeandlearning@cityofsacramento.org",https://www.cityofsacramento.gov/ypce/youth-employment/landscape-and-learning,,fetched,2026-10-07,"Fills fast because the window closes at 350 applications. Applications are online only during a recruitment window. Hiring includes getting a work permit. The page also lists a Crew Leader job ($21.83 per hour) that includes driving city vehicles; it states no age rule, so do not assume it is for teens."
sac-north-natomas-wdp,North Natomas Workforce Development Program,"City of Sacramento Youth, Parks and Community Enrichment","Sacramento (North Natomas), CA",sacramento,paid-youth-program,any,13,18,middle or high school,stipend,$350 stipend ($400 with optional workshops). $25 gift card for bonus workshops.,fall,6 weeks (fall 2025 sessions shown),unconfirmed,"Page still shows fall 2025 sessions (registration opened Sept 8, 2025). New sessions not posted.",,last-year-pattern,False,Youth 13 to 18 who live in one of eight listed North Natomas apartment complexes (address checked in week one).,Register through ActiveNet using the Register Here button when a session is open. NNworkforce@cityofsacramento.org,https://www.cityofsacramento.gov/ypce/youth-employment/NorthNatomasWorkforceDevelopmentProgram,,fetched,2026-10-07,"Only for residents of the eight eligible apartment complexes (Atrium Court, Natomas Park, Terracina Gold, Terracina Meadows, The Lofts, Valencia Point, Westview Ranch, Willow Glen). You must meet the age rule by the session start date. Only one absence is allowed or you may lose the stipend. Only one session is open for registration at a time."
sac-prime-time-teen,Prime Time Teen (PTT),"City of Sacramento Youth, Parks and Community Enrichment","Sacramento, CA",sacramento,paid-youth-program,any; social-impact,13,18,middle or high school,stipend,$325 stipend and certificate.,fall,"8 weeks (fall 2026: Sept 14 to Nov 5, two class schedules)",closed-expect-reopen,"Fall 2026 registration opened Aug 17, 2026. Summer 2027 sessions: details to come.",,last-year-pattern,False,"Ages 13 to 18, in middle or high school, living in Sacramento city limits. 18-year-olds need a school transcript. May complete up to two times.",Make a parent or guardian ActiveNet account and register. Teen and parent must attend a mandatory orientation. PrimeTimeTeen@cityofsacramento.org,https://www.cityofsacramento.gov/ypce/youth-employment/prime-time-teen,,fetched,2026-10-07,"Fall sessions are at Evelyn Moore (Mon and Wed) and Clunie (Tue and Thu) Community Centers, 4:30 to 7:00 pm. You must be 13 on the first day. Only one absence is allowed. Graduated high school seniors who are in college do not qualify."
sac-public-library-teen-volunteers,Teen volunteers at Sacramento Public Library,Sacramento Public Library,"Sacramento County, CA",sacramento,volunteer,education; social-impact,,,,unpaid,,year-round,,rolling,Rolling. The library says processing takes about a month and placement can take 2 to 3 months.,,rolling,False,Teens can volunteer. A parent or guardian must sign the application before you start. The page does not state ages; ask your branch.,Submit the online volunteer application. Teens who need school hours can ask about drop-in volunteering at a branch.,https://www.saclibrary.org/about-us/volunteer-opportunities/volunteer-library,,fetched,2026-10-07,"Many people apply, so a spot is not guaranteed. Drop-in is the quickest way to start; scheduled volunteering needs a longer onboarding. Court-ordered hours are not accepted."
sac-state-summer-youth-academies,Summer Youth Academies,Sacramento State College of Continuing Education,"Sacramento, CA",sacramento,pre-college,tech-cs; engineering; arts-media; business-finance; health,,,entering 7 to 12,fee-based,Estimated cost $205 to $520 per academy.,summer,1 week each (2026: June 22 to July 31),opens-soon,"The 2027 schedule is posted in January 2027. Online registration opens Monday, March 1, 2027. No closing date stated.",,unknown,False,Students entering grades 7 to 12. Academies are sorted into 7th to 10th and 9th to 12th grade groups.,"Choose an academy once the 2027 schedule is posted, then register online starting March 1, 2027.",https://cce.csus.edu/programs/summer-youth-academies,,fetched,2026-10-07,"Offerings change each year; the page lists 2026 courses as examples. Some academies are online and some are in person, and the same course may have an online and an in-person section. Open to students entering grades 7 to 12."
sac-summer-at-city-hall,Summer @ City Hall,"City of Sacramento Youth, Parks and Community Enrichment with SCUSD, Twin Rivers and Natomas USD","Sacramento, CA",sacramento,civic-government,law-government; social-impact,,,current 9 to 11,stipend,$500 stipend plus 5 high school elective credits (letter of completion for other schools).,summer,6 weeks (2027 start June 14),opens-soon,"Application opens Apr 1, 2027 and closes Apr 12, 2027. Interviews start Apr 19, orientation May 22, program starts June 14, 2027. Dates are tentative.",2027-04-12,confirmed-2026-27,False,"Current freshmen, sophomores and juniors who attend a Sacramento City, Twin Rivers or Natomas high school or live in Sacramento city limits.",Use the Register link on the program page when the window opens. Email summeratcityhall@cityofsacramento.org with questions.,https://www.cityofsacramento.gov/ypce/youth-civic-engagement/summer-at-city-hall,,fetched,2026-10-07,"Dates are tentative. The city also runs Semester @ City Hall, a 6-week spring and fall version open to any high school student who lives or goes to school in Sacramento city limits; its dates are not posted yet."
sac-youth-commission,Sacramento Youth Commission,City of Sacramento,"Sacramento, CA",sacramento,civic-government,law-government; social-impact,14,22,,stipend,"$50 per meeting attended, according to the FAQ.",school-year,"2-year term (up to 2 terms in a row). Up to 10 hours a month. Meets the 1st Monday of the month, 5:30 to 7:30 pm, in person.",rolling,Apply when a seat is open. No dates posted.,,unknown,,Ages 14 to 22 at the time of appointment. You must live in Sacramento city limits or go to school there for your whole term. City employees cannot serve.,"Apply online for an open seat. The city clerk reviews it, then there is an orientation and a supplemental application. The Mayor nominates and the City Council approves.",https://www.cityofsacramento.gov/ypce/youth-civic-engagement/sacramento-youth-commission,,fetched,2026-10-07,"Appointed by the Mayor and City Council, so not every applicant is picked. The FAQ says the $50 stipend applies to the 1st and 3rd monthly meetings. No experience needed. Seats open at different times; check the Become a Commissioner page."
sac-zoo-zoo-teens,Zoo Teens,Sacramento Zoo,"Sacramento, CA",sacramento,volunteer,education; environment; science,14,19,,unpaid,Unpaid. Cost to you: $30 uniform fee.,winter,"Jan to April 2027. 3-hour weekend shifts, at least 2 shifts (6 hours) per month",opens-soon,"Applications open online Oct 10, 2026 for Zoo Teens 2027 (Jan to April). Closing date not stated.",,unknown,False,"Ages 14 to 19, 2.75 GPA (proof needed), letter of recommendation, interview, $30 uniform fee, mandatory in-person training Jan 10, 2027.","Apply online starting Oct 10, send a recommendation letter and proof of GPA, then interview with the volunteer coordinator.",https://www.saczoo.org/volunteer,,fetched,2026-10-07,"Mandatory in-person training Jan 10, 2027. The Summer Camp Counselor teen role (ages 15 to 19) is closed for 2026; check back next year. Animal Care Volunteers must be 18 or older."
sacramento-food-bank-volunteer,Sacramento Food Bank and Family Services: Volunteer,Sacramento Food Bank & Family Services,"Sacramento, CA",sacramento,volunteer,food-hospitality; social-impact,10,,,unpaid,,year-round,Shifts of a few hours,year-round,Online calendar with open shifts.,,rolling,False,Age 10 and up. Ages 10 to 15 need an adult chaperone; ages 16 to 17 need parent permission (waiver emailed after sign-up).,Sign up for a shift on the online calendar; groups of 5 or more email volunteer@sacramentofoodbank.org. Phone 916-456-1980.,https://www.sacramentofoodbank.org/volunteer,,fetched,2026-10-07,"Closed-toe shoes that cover your whole foot are required. Full shifts do not appear on the calendar, so check back. People who received food bank services in the past 12 months cannot volunteer there. Groups of 5 or more email volunteer@sacramentofoodbank.org."
sacramento-region-fire-explorer-list,"Sacramento County fire explorer, academy and high school fire pathways list",Sacramento Metropolitan Fire District,"Sacramento County, CA",sacramento,volunteer,law-government; health,14,20,9 to 12,unpaid,,year-round,,year-round,Varies by program. Spring 2027 for the Sacramento academy and Cosumnes Explorers.,,unknown,False,"The page says programs are typically ages 14 to 20 and often need a 2.0 GPA, high school enrollment and parent consent under 18. Each program has its own rules.",Use the links on the Metro Fire page and contact each program directly.,https://metrofire.ca.gov/fire-service-explorer-cadet-programs-sacramento-county-region,,fetched,2026-10-07,"Details from the programs' own pages: Sacramento Firefighter Youth Academy is free, ages 14 to 17, 9 months of Saturdays 8 am to 2 pm starting end of July, 35 spots, applications open in spring. Cosumnes Fire Explorers are ages 15 to 18 (juniors and seniors), 2.0 GPA, and applications for next school year open in spring 2027."
sacramento-spca-youth,Sacramento SPCA Youth Service Projects,Sacramento SPCA,"Sacramento, CA",sacramento,volunteer,environment; social-impact,,,,unpaid,,year-round,,year-round,Rolling.,,rolling,False,Regular volunteers must be 18. Students and scouts can do community service projects without direct animal care. The page states no youth age range.,"Fill out the online Community Service Application, or take the online New Volunteer Orientation. Questions: rmaier@sspca.org, 916-504-2807.",https://www.sspca.org/volunteer,,fetched,2026-10-07,You can become a regular volunteer at 18. Court-ordered hours are not offered. You will not get a confirmation after you send the application; you may start a project any time.
sacramento-works-youth-wioa,Sacramento Works for Youth (WIOA),Sacramento Employment and Training Agency (SETA),"Sacramento, CA",sacramento,paid-youth-program,any,16,24,,paid,Paid work experience is one service. Wage not posted on the page.,year-round,,rolling,Recruitment is year-round.,,rolling,True,"Sacramento County youth ages 16 to 24. Federal eligibility rules apply, so ask a Job Center whether you qualify.",Visit a Sacramento Works Job Center (find one on the Sacramento Works site). Staff at each center help youth access services.,https://sacworks.seta.net/program/sacramento-works-for-youth-wioa/,,fetched,2026-10-07,"Designed for youth with extra barriers. Work experience is one of several services in a case-managed plan, not an open job board. Ages 16 to 24 are served, so this is mostly for older teens."
sacramento-youth-center,Sacramento Youth Center job training and volunteering,Sacramento Youth Center,"Sacramento, CA",sacramento,leadership,food-hospitality; social-impact,14,24,,mixed,Not stated. Ask the center whether classes cost anything and whether job training pays.,year-round,,rolling,No application deadline. Classes have their own start dates (for example Robotics Oct 3 and Sewing Oct 16; the page shows no year).,,unknown,False,Youth ages 14 to 24. The page gives no other rules.,"Use the Register buttons on the Programs page, call 916-248-1081, or use the contact form.",https://www.sacyouthcenter.org/,,fetched,2026-10-07,"Open Mon to Sat, 12 to 6 pm, at 1901 Del Paso Blvd. The Cafe Paso job training cafe is marked temporarily closed, so ask whether job training spots are open. Pay is not stated."
saint-paul-public-library-volunteer,Library volunteer (teens 14 and up),Saint Paul Public Library,"Saint Paul, MN",twin-cities,volunteer,education; social-impact,14,,,unpaid,Unpaid,year-round,Not stated,year-round,No deadline stated.,,rolling,False,Volunteers must be 14 years of age or older.,"Fill out the online volunteer application (general, or the Reading Together and Homework Center form), pass a background check, and attend volunteer orientation and training. Opportunities are posted on Idealist. Volunteer Services: VolunteerSPPL@ci.stpaul.mn.us or 651-266-7432.",https://sppl.org/volunteer/,,fetched,2026-10-09,Not a teen-only program; open to anyone 14 and older.
saint-paul-right-track,Right Track youth jobs (YJ1 and YJ2 summer internships),City of Saint Paul Parks and Recreation,"Saint Paul, MN",twin-cities,paid-youth-program,any,14,21,,paid,"YJ1: at least $13.50 per hour, about 15 hours a week. YJ2: at least $16.37 per hour, 15 to 40 hours a week (as stated on the program page).",summer,"6 to 9 weeks, starting in June",closed-expect-reopen,"Youth apply online February 1-28 for summer. The page does not print the year, so confirm the dates for 2027.",,last-year-pattern,,"Saint Paul residents who live in a cost-burdened household (for example, they receive SNAP or Section 8) or have a barrier to employment. YJ1: at least 14 by June 1 and no older than 19 by Aug 25. YJ2: at least 16 by June 1 and no older than 21.","Fill out the online youth application in February (have your Social Security number, household income, a phone number and an emergency contact email ready; YJ2 needs a resume). Then attend pre-employment training in March, Career Exploration Day and interviews.",https://stpaul.gov/departments/parks-and-recreation/right-track,https://www.stpaul.gov/departments/parks-and-recreation/right-track/youth/right-track-youth-application,fetched,2026-10-09,"Very competitive: about 2,000 applicants for about 500 YJ1 internships (FAQ). Contact (651) 266-6363 or RightTrack@ci.stpaul.mn.us. The overview text says ages 14 to 24 across all Right Track programs; the summer teen programs are 14 to 21. Unplaced teens can join an online professional development program."
salk-heithoff-brody-high-school-summer-scholars,Heithoff-Brody High School Summer Scholars,Salk Institute for Biological Studies,"La Jolla, CA",san-diego,research,science; health,16,,,paid,Paid internship; the page does not state the rate. Transit stipends are available if you lack reliable transportation.,summer,"8 weeks, June 14 to Aug 6, 2027 (30 to 40 hours a week)",opens-soon,"Applications open Dec 1, 2026 and close Feb 15, 2027.",2027-02-15,confirmed-2026-27,True,"San Diego County residents who finished their most recent semester at a San Diego County high school, are 16 by June 14, 2027, have a 2.75 GPA or higher and have finished at least one high school biology class.","Online application with a resume (PDF or Word), unofficial transcript and short-answer responses. Questions: community@salk.edu.",https://www.salk.edu/about/education-outreach/programs/high-school-scholars/,,fetched,2026-10-09,Applicants under 18 must get a work permit from their school if hired. Preferred but not required: one high school chemistry class and your own transportation.
san-antonio-regional-hospital-high-school-volunteer,High School Volunteer Program,San Antonio Regional Hospital,"Upland, CA",inland-empire,volunteer,health,15,,Starting 9th to 12th,unpaid,Unpaid volunteer role,school-year,At least 100 hours in the school year; 1 to 3 shifts of 3 hours per week,closed-expect-reopen,"Page says applications are closed. It lists a deadline of July 30, 2026 and also an application window opening June 1, 2027 (notices by July 29, 2027, interviews Aug 2 to 13, 2027). The dates conflict, so confirm.",,last-year-pattern,False,"High school students at least 15 years old who are starting 9th, 10th, 11th or 12th grade in the 2026-2027 school year. Spots are limited and applicants are interviewed.","Online application when the window opens, then an interview. Contact Kimberly Morrow, Volunteer Coordinator, 909-579-6794 (8 a.m. to 4 p.m.).",https://www.sarh.org/programs/become-a-volunteer/high-school-volunteer,,fetched,2026-10-09,CONFIRM FIRST: closed now and the page lists conflicting dates. Non-graduating volunteers who finish 100 hours can return the next year.
san-bernardino-county-library-teen-leadership-program,Library Teen Leadership Program (LTLP) and Teen Volunteers,San Bernardino County Library,"San Bernardino County, CA (32 branch libraries)",inland-empire,volunteer,education; social-impact,14,17,,unpaid,Unpaid volunteer role,school-year,"One LTLP meeting a month, Aug 2026 to May 2027",year-round,No deadline posted. Candidates are told the result within 4 to 6 weeks. Meetings are listed from Aug 2026 through May 2027.,,rolling,False,Teens ages 14 to 17 anywhere in San Bernardino County. LTLP is required for all teen volunteers at the county's 32 branches.,"Fill out the Teen Volunteer Application and turn it in at your local branch library. Then attend one meeting a month at Apple Valley, Chino Hills, Crestline, Fontana, Hesperia, Highland, Phelan or Yucca Valley.",https://library.sbcounty.gov/volunteer/,,fetched,2026-10-09,Meetings are the 2nd Thursday of the month 4 to 6 p.m. or the 3rd Saturday 10 a.m. to noon; you pick any listed date and branch. Locations may change with participation. The County Library is separate from the City of San Bernardino Public Library.
san-bernardino-county-sheriff-explorers,Sheriff's Explorer Program,San Bernardino County Sheriff's Department,"San Bernardino County, CA",inland-empire,civic-government,law-government,14,20,,unpaid,Unpaid volunteer role. No fees listed.,year-round,At least 8 volunteer hours a month; monthly business meetings,rolling,No deadline posted.,,rolling,False,"Ages 14 through 20, enrolled in or graduated from high school, 2.0 GPA or better, legal U.S. resident, good health and character, no arrest or conviction record and no pending cases. Under 18 needs a parent or guardian to sign a liability release.","Fill out the Sheriff's Volunteer Application Form and bring it to your local station or email it to the address on the form. Contact: volforces@sbcsd.org, (909) 252-4100.",https://wp.sbcounty.gov/sheriff/divisions/volunteer-forces/explorers/,,fetched,2026-10-09,Members must keep current CPR and First Aid certification and finish Explorer Academy within a year. The page does not give meeting days or locations.
san-bernardino-county-spark-syep,SPARK Summer Youth Employment Program (San Bernardino County),County of San Bernardino Human Resources,"San Bernardino County, CA",inland-empire,paid-youth-program,any; law-government,16,24,,paid,$16.90 per hour in 2026 (about 28 hours a week).,summer,"2026: about six weeks, June 15 to July 24, Monday to Friday",closed-expect-reopen,"2026 applications opened March 16 and closed at the first 800 applications or March 27, whichever came first. 2025 applications opened March 15. 2027 dates are not posted.",,last-year-pattern,True,"San Bernardino County residents ages 16 to 24 by the start date, legally authorized to work in the U.S., with a valid California ID card. Under 18 needs an approved work permit before day one.","Apply online through the county's job site when the window opens in March, upload proof of age and residency, attend orientation, then get matched to a job.",https://hr.sbcounty.gov/spark-syep/,https://www.governmentjobs.com/careers/sanbernardino,fetched,2026-10-09,"Very fast: the 2026 posting closed after 800 applications. Check hr.sbcounty.gov/spark-syep/ in early March 2027 and have proof of age, residency and a California ID ready. The county page shows a PDF on how to apply."
san-bernardino-county-wioa-youth,San Bernardino County WIOA Youth Programs (Youth Forward),San Bernardino County Workforce Development Board,"San Bernardino County, CA",inland-empire,paid-youth-program,any,16,24,,mixed,Work experience is one of the services. Pay is not stated on the page.,year-round,Varies by provider,year-round,"No deadline. Openings depend on each provider's capacity, so call the provider that serves your city.",,rolling,,Eligible youth ages 16 to 24. Specific eligibility rules are given by each provider.,Contact one of the providers listed on the county's youth page. Openings depend on each provider's capacity.,https://workforce.sbcounty.gov/youth/,,fetched,2026-10-09,"This is the year-round option when the summer SPARK program is closed. Phone numbers for each provider are on the county page. The page does not say whether 16 and 17 year olds are paid, so ask the provider about work permits."
san-diego-city-pool-guard-recreation-aide,Recreation Aide and Pool Guard (City of San Diego Aquatics),"City of San Diego Parks and Recreation, Aquatics","San Diego, CA",san-diego,paid-youth-program,sports,15,,,paid,Hourly pay is not stated on the page; see the posting on governmentjobs.com.,year-round,Flexible hours that work around school and sports,rolling,Year-round hiring. Pool Guard hiring events are monthly; Recreation Aide interviews are quarterly.,,rolling,,"Recreation Aide: at least 15 and a half years old. Pool Guard: at least 16 at the time of application, no certification needed.",Apply for 'Recreation Aide' or 'Pool Guard 1' on the City's governmentjobs.com portal. The City then sends interview and skills-test details.,https://sandiego.gov/pools/programs/specialized-programs,,fetched,2026-10-09,The page does not say whether a work permit is needed; ask the City when you apply.
san-diego-county-library-teen-service-learner,Teen Service Learner,San Diego County Library,"San Diego County, CA (branch libraries)",san-diego,volunteer,education; social-impact,12,17,,unpaid,Unpaid. You earn community service hours.,year-round,"Flexible hours, weekdays and Saturdays",year-round,No deadline posted. Ask your branch.,,rolling,False,"Teens, generally ages 12 to 17. The exact age range varies by branch, so ask your branch.",Ask a staff member at your San Diego County Library branch how to sign up.,https://www.sdcl.org/volunteers,,fetched,2026-10-09,"Run by the County library system, which is separate from the City of San Diego Public Library. The page lists no teen requirements; the background check and medical exam it mentions are for adult volunteers. Confirm your branch's age range before going."
san-diego-nat-camp-aides-youth-volunteers,Camp Aides (Youth Volunteers),San Diego Natural History Museum (The Nat),"San Diego, CA (Balboa Park)",san-diego,volunteer,science; education,16,18,,unpaid-credit,Unpaid. The page says you gain work experience and/or college credit.,summer,Summer camp season; exact dates not stated,closed-expect-reopen,Page says recruitment for camp aides begins in May. No 2027 dates posted.,,last-year-pattern,False,Youth ages 16 to 18.,"See the museum's main volunteer page and Volunteer Application link, or contact the museum at 619-232-3821.",https://www.sdnhm.org/join-and-give/volunteer/education-volunteers/,,fetched,2026-10-09,The page gives no application steps beyond pointing to the volunteer application. Ask the museum about the time commitment.
san-diego-public-library-teen-team-program-assistant,Teen Team Program Assistant,San Diego Public Library (City of San Diego),"San Diego, CA",san-diego,volunteer,education; social-impact,13,,,unpaid,Unpaid volunteer role,year-round,Not stated,year-round,No deadline posted. Apply any time through the City volunteer system.,,rolling,False,Teenagers only. The library's general volunteer rule is that volunteers must be at least 13. Annual volunteer training is required.,"Open the library volunteer opportunities link, pick the Teen Team Program Assistant listing, click the information icon, then 'Fill in an Application'. Sign in or create a MyImpact account and submit. If your branch has no listing, email LibraryVolunteer@sandiego.gov.",https://www.sandiego.gov/public-library/volunteer,,fetched,2026-10-09,Applies to City of San Diego library branches only. San Diego County Library is a different system (see the Teen Service Learner card). The page does not say how many hours a week. Background check and mandated reporter training are listed only for volunteers 18 and older.
san-diego-workforce-partnership-youth,San Diego Workforce Partnership youth career services,San Diego Workforce Partnership,"San Diego County, CA",san-diego,paid-youth-program,any,,,,mixed,Services are free. Some opportunities include paid training or paid on-the-job work experience; rates are not stated.,year-round,Varies by program,rolling,"No deadline. The online application takes about 10 to 15 minutes, then staff contact you about next steps.",,rolling,,"Free career centers. The page says it has helped thousands of 16 to 24 year olds and states no eligibility age, so ask.",Complete the online program application (10 to 15 minutes). The team follows up about next steps.,https://workforce.org/c2csd,https://portal.workforce.org/s/program-application?recordId=a3Z1N000002Op14UAC,fetched,2026-10-09,"The programs page also lists GenAI, workforce support for in-school youth across San Diego County school systems, and EXCEL for in-school and out-of-school young adults in the South Bay; their ages and dates were not checked. Pay and permit rules for under-18 placements are not stated."
san-jose-middle-college,San Jose Middle College (San Jose City College),San Jose Unified School District with San Jose City College,"San Jose, CA",san-jose; silicon-valley,pre-college,any,,,11 to 12,unpaid-credit,Free college classes (6 to 9 college credits). The page does not state other costs.,school-year,Junior and senior years (the page does not state a fixed length),unconfirmed,Not stated on the San Jose City College page. Ask the Middle College office for the application timeline.,,unknown,False,"Juniors and seniors. The application needs an administrator recommendation, a teacher recommendation (core subjects), a parent questionnaire, a student questionnaire and an unofficial transcript, plus a 504 plan if applicable. The page does not say whether students outside San Jose Unified may apply.","Deliver the application packet (administrator and teacher recommendations, parent and student questionnaires, unofficial transcript) to the Middle College office, Business Building B-107, San Jose City College. Questions: Lisa Canton, lcanton@sjusd.org, 408-298-2191 ext. 3996.",https://sjcc.edu/about/middle-college.aspx,,fetched,2026-10-07,"Re-read the SJCC Middle College page on 2026-10-07. The SJUSD Middle College page it links to (https://www.sjusd.org/our-schools/middle-college/nav/) returns 404, so the district's application steps, deadline and selection rules could not be confirmed. Students are responsible for their own transportation. Students from SJUSD can still play sports and join clubs at their home high schools. Confirm the deadline and whether non-SJUSD students can apply with Lisa Canton before applying."
san-jose-public-library-teen-volunteer,"San Jose Public Library Teen Volunteers (Teens Reach, Book Reviewer)",San Jose Public Library,"San Jose, CA",san-jose; silicon-valley,volunteer,education; arts-media,12,18,,unpaid,,year-round,,year-round,Rolling.,,rolling,False,The page lists teen programs for ages 12 to 18. A minimum age for general volunteering is not stated. Sign up through the volunteer page and an orientation (on-site or virtual).,"Use ""Sign Up to Volunteer"" on the library volunteer page and the Better Impact system, and attend an orientation. Email volunteer@sjlibrary.org.",https://www.sjpl.org/volunteer/,,fetched,2026-10-07,"Teen Book Reviewer roles are listed on Better Impact. See also the separate Teens Reach card. The Teens Reach card appears to describe the same program, and the age range differs between pages (12 vs 13), so confirm with the library."
san-jose-works,San Jose Works,City of San Jose (work2future and Mayor's Gang Prevention Task Force),"San Jose, CA",silicon-valley; san-jose,paid-youth-program,any,14,18,,paid,Rate not posted (checked 2026-10-07),year-round,,rolling,No deadline posted on the city pages. Apply any time with the online youth application.,,rolling,True,"San Jose residents. The paid work experience is for ages 14 to 18 who face barriers to employment. Job help (resumes, job fairs) is open to ages 16 to 29. Free to join.",Fill out the online Youth Application on the San Jose Works page. A staff member contacts you afterward.,https://www.sanjoseca.gov/your-government/departments-offices/office-of-the-city-manager/economic-development/san-jos-works,https://www.sanjoseca.gov/your-government/departments-offices/office-of-the-city-manager/economic-development/san-jos-works/youth-application,fetched,2026-10-07,Pay rate and placement dates are not posted on the pages I read. The paid work experience is for youth 14 to 18 with barriers to employment; placement is not guaranteed. The FAQ says job help is free for San Jose residents 16 to 29. Under 18 needs a work permit.
san-jose-youth-commission,San Jose Youth Commission and Youth Advisory Council,City of San Jose,"San Jose, CA",silicon-valley; san-jose,civic-government,law-government; social-impact,13,20,,unpaid,,school-year,Two-year term,open-now,"Youth Advisory Council (open now): no deadline posted. Youth Commission (closed): recruitment is closed, no reopening date posted.",,rolling,False,"Youth Advisory Council: ages 13 to 19 who live in a San Jose City Council district. Youth Commission: ages 14 to 20, must live in the district they represent, two-year term (up to two terms), meets 4th Monday at 6:30 p.m.",Fill out the District Youth Advisory Application for the YAC. A Youth Commissioner contacts you within about two weeks.,https://www.sjpl.org/youth-commission,https://www.sjpl.org/youth-commission/join-your-district-youth-advisory-council/,fetched,2026-10-07,Page is hosted by the library. Some council districts are unavailable or paused. YAC members earn community service hours. Pay not mentioned.
san-leandro-library-teen-volunteers,San Leandro Library Teen Volunteers,San Leandro Public Library,"San Leandro, CA",east-bay; alameda,volunteer,education; social-impact,,,9 to 12,unpaid,,school-year,At least 4 months,closed-expect-reopen,"Fall 2026 applications are closed. The page says to check back in November 2026. Summer applications open in mid March, per the summer page.",,last-year-pattern,False,Teens in grades 9 to 12 who can commit to a regular weekly shift for at least 4 months. You must attend one orientation each school year.,"Apply online, attend an in-person orientation at the Main Library, sign the waiver, and commit to a regular shift. Returning volunteers must use their old MyImpact login.",https://www.sanleandro.org/558/Teen-Volunteer,,fetched,2026-10-09,"The page mentions both 2026 and January 2026 timing, so confirm the next cycle with the Teen Librarian. It also says a teen should handle their own emails, because the program is meant to prepare you for a first job."
san-leandro-youth-advisory-commission,San Leandro Youth Advisory Commission,City of San Leandro Recreation and Parks,"San Leandro, CA",east-bay; alameda,civic-government,law-government; social-impact,,,,unpaid,,school-year,,unconfirmed,The page does not say when applications open.,,unknown,False,The page does not state ages or grades. Ask the Recreation office.,The page does not explain how to apply. Call Recreation at 510-577-3462 or email SLRec@SanLeandro.Org.,https://www.sanleandro.org/869/Youth-Advisory-Commission-YAC,,fetched,2026-10-09,"Meets at 6 p.m. on the first Tuesday of the month at the Marina Community Center, 15301 Wicks Blvd. Events listed for the 2025-2026 term include the MLK Celebration and the Cherry Festival and Parade."
san-mateo-county-jobs-for-youth,Jobs for Youth (County of San Mateo),County of San Mateo Human Resources,"Redwood City, CA",silicon-valley; peninsula,civic-government,law-government; any,14,21,,mixed,"Workshops and job board are free. Twenty $2,000 scholarships each year. Pay for the county summer internship is not stated on the pages I read.",year-round,"County summer internship: June to August, about 8 to 10 weeks, 20 to 40 hours a week",rolling,Membership: register any time. Summer internship: 2026 applications are closed; the page says next summer opens early 2027 (no date posted). Scholarship deadline not stated.,,rolling,,San Mateo County youth ages 14 to 21 can join. The county summer internship is only for members ages 18 to 21. You must attend a 1 hour job prep workshop before using the job board.,"Register as a student member on jobsforyouth.org, attend the 1 hour job prep workshop, then use the job board. For the internship you also attend a mandatory orientation.",https://jobsforyouth.org,https://jobsforyouth.org/student-registration/,fetched,2026-10-07,"Teens under 18 can use the workshops and job board but not the county internship. Phone 650-599-7215, email jobsforyouth@smcgov.org. Must be a San Mateo County resident for the internship."
san-mateo-county-library-teen-volunteer,San Mateo County Libraries Teen Volunteers,San Mateo County Libraries,"San Mateo County, CA (13 libraries)",silicon-valley; peninsula,volunteer,education,14,,,unpaid,,year-round,6 months or 1 semester,rolling,Ongoing. Openings vary by branch and there may be a waiting period.,,rolling,False,Age 14 or older. Minimum commitment 6 months or one semester. A free background check is required at 16 and older (takes 3 to 6 weeks).,"Pick a branch and apply for a role on Better Impact through the library volunteer page, or email volunteer@smcl.org.",https://smcl.org/volunteer/,,fetched,2026-10-07,"The page did not list a Teen Advisory Board. Roles are set by branch, and there may be a wait for an opening. Apply for your own branch (13 locations)."
sanford-burnham-prebys-spark-high-school-internship,SPARK High School Internship,Sanford Burnham Prebys Medical Discovery Institute,"La Jolla, CA",san-diego,research,science; health,16,,,paid,Described as fully paid; the page does not state an amount.,summer,"6 weeks, starting mid-June",unconfirmed,Next application dates not posted on the page. Use the Request Info form or email the program director.,,unknown,,California high school students who are at least 16 at the mid-June start. Preference goes to students living in San Diego or Imperial County. A few spots are reserved for San Diego MESA Alliance students.,"Use the 'Request Info' form on the SPARK page, or contact Program Director Sanjeev Ranade, PhD at cirmsparkinternship@sbpdiscovery.org.",https://sbpdiscovery.org/education/internships,,fetched,2026-10-09,Confirm the current deadline before planning; the official page lists none. Whether a California work permit is needed is not stated on the page.
santa-ana-zoo-volunteer,Santa Ana Zoo Volunteers (including Zoo Buddies),Santa Ana Zoo (City of Santa Ana),"Santa Ana, CA",orange-county,volunteer,environment; science; social-impact,12,,,unpaid,Unpaid,year-round,"Short-term: 40 hours or less (Greeter shifts Fri to Sun, 10 a.m. to 4 p.m.). Long-term: more than 40 hours (shifts every day, 8 a.m. to 5 p.m.).",rolling,No deadline. Long-term volunteers do an online and an in-person orientation offered every other month.,,rolling,False,"Volunteers must be at least 12 years old with an adult, or 15 years old on their own. Zoo Buddies is for ages 12 to 14, who must volunteer with a parent or guardian age 18 or older, and both complete the requirements together.",Long-term volunteers and Zoo Buddies apply with the online volunteer application on the zoo page. Short-term volunteers contact the zoo through its Contact Us page. The zoo does not accept walk-up volunteers.,https://santaanazoo.org/volunteer-as-an-individual,,fetched,2026-10-09,"Short-term needs the City of Santa Ana one-time volunteer waiver. Long-term needs the city volunteer application, a TB test and a background check. The City of Santa Ana volunteer page says volunteers under 18 must complete a minor waiver form. The Santa Ana library teen volunteer program was not listed because the only page found was from 2021."
santa-barbara-museum-of-art-teaching-assistants,Teaching Assistant Program (Santa Barbara Museum of Art),Santa Barbara Museum of Art,"Santa Barbara, CA",santa-barbara,volunteer,arts-media; education,15,18,,unpaid,Unpaid volunteer. Counts toward required community service hours.,year-round,"Per class or camp: Winter After-School Class Tuesdays Jan 12 to Feb 16, 2027 (3:30-5:15 PM); Spring Camp Mar 29 to Apr 2, 2027 (9 AM-3 PM)",open-now,"Winter After-School Class: apply by Dec 29, 2026 (confirmations Jan 5, 2027). Spring Camp: apply by Mar 15, 2027 (confirmations Mar 22, 2027).",2026-12-29,confirmed-2026-27,False,Teens ages 15 to 18 interested in art or working with children. The program is competitive.,Use the Apply Here links on the museum page for each class or camp. Email communityprograms@sbma.net or call 805-884-6457.,https://www.sbma.net/support/getinvolved/volunteer,,fetched,2026-10-09,"The museum also runs a free SBPL x SBMA Teen Art Party for grades 7-12 (next: Jan 22, 2027 and Apr 16, 2027, Fridays 4-5:30 PM)."
santa-barbara-natural-history-museum-counselors-in-training,Counselors in Training (Santa Barbara Museum of Natural History),Santa Barbara Museum of Natural History,"Santa Barbara, CA",santa-barbara,volunteer,education; science; environment,13,17,,unpaid,Unpaid. Community service hours. $20 uniform shirt (waived with SNAP/CalFresh EBT).,summer,At least 3 full weeks of camp (2026 camps ran June 15 to Aug 14),closed-expect-reopen,"2026 cycle: applications opened April 1 and were due April 30, 2026. CIT training was June 12, 2026. Next cycle dates are not posted.",,last-year-pattern,False,Teens ages 13 to 17. Uniform shirt required: $20 (waived for teens with SNAP/Cal Fresh EBT).,Fill in the online CIT application form. Contact Haylee Rosso at hrosso@sbnature2.org or 805-682-4711 ext. 170.,https://www.sbnature.org/education/teens/counselors-in-training/,,fetched,2026-10-09,"Dates shown are the 2026 cycle. The page says summer CITs are invited back for fall, winter and spring break camps."
santa-barbara-natural-history-museum-quasars-to-sea-stars,Quasars to Sea Stars (Santa Barbara Museum of Natural History),Santa Barbara Museum of Natural History,"Santa Barbara, CA",santa-barbara,paid-youth-program,science; environment,,,Must be in 8th or 9th grade (or that age) to apply,mixed,"Unpaid for the first 60 community service hours, then paid Museum employee shifts. The pay rate is not stated.",year-round,3 to 4 years; stay active year-round until graduation,closed-expect-reopen,"2026 cycle: applications were due April 3, 2026, with in-person interviews in April and orientation week June 21-27, 2026. The page says applications for 2026 opened Feb 1, 2026. Next cycle dates are not posted.",,last-year-pattern,,"Students currently in 8th or 9th grade with at least a 2.5 GPA who can give 20 hours a month in the school year and 25 hours a week in summer, and have reliable transportation to the Museum and Sea Center.","Online application, then an in-person interview. Contact Teen Programs Manager Haylee Rosso at hrosso@sbnature2.org or 805-682-4711 ext. 170.",https://www.sbnature.org/education/teens/quasars-to-sea-stars/,,fetched,2026-10-09,"Only 8th and 9th graders can apply, so start early. Summers are intensive. Dates shown are the 2026 cycle; expect a similar early-spring deadline next year and check the page."
santa-barbara-natural-history-museum-volunteens,VolunTEENS (Santa Barbara Museum of Natural History),Santa Barbara Museum of Natural History,"Santa Barbara, CA",santa-barbara,volunteer,science; education; environment,13,17,,unpaid,Unpaid. Community service hours for the SBUSD graduation requirement. Uniform shirt purchase required (waived with SNAP/CalFresh EBT).,summer,"Up to 16 two-hour weekend shifts, Memorial Day weekend to Labor Day (2026: May 23 to Sept 6)",closed-expect-reopen,"2026 cycle: applications opened April 1 and were due April 30, 2026. Training was May 16-17, 2026. Next cycle dates are not posted.",,last-year-pattern,False,Teens ages 13 to 17 who can work a two-hour shift on Saturdays or Sundays during Museum hours (10 AM to 5 PM). Teens must buy a Museum Store shirt as a uniform; the cost is waived for teens with SNAP/CalFresh EBT.,Fill in the online VolunTEEN application. Contact Haylee Rosso at hrosso@sbnature2.org or 805-682-4711 ext. 170.,https://www.sbnature.org/education/teens/volunteens/,,fetched,2026-10-09,"Dates shown are the 2026 cycle. Expect applications to reopen around April 1, 2027 (the page did not say)."
santa-barbara-parks-rec-junior-counselor,Junior Counselor Program (Parks and Recreation),City of Santa Barbara Parks and Recreation,"Santa Barbara, CA",santa-barbara,volunteer,education; sports,13,17,,unpaid,Unpaid. Volunteer service hours.,summer,Summer camp season; length not stated,unconfirmed,No dates are posted on the page. Use the Register link or call Parks and Recreation at 805-564-5418.,,unknown,False,Teens ages 13 to 17.,Use the Register button on the Teens and Early Adults page.,https://sbparksandrec.santabarbaraca.gov/activities/teen-and-early-adult-recreation#junior-counselor,https://cityofsantabarbara.perfectmind.com/23701/Clients/BookMe4BookingPages/BookingCoursesPage?calendarId=78ba1a4e-fe62-4fbb-b98e-742d0b6a11a3&widgetId=73e0f759-582c-4577-baac-c8b6a2b9fad6&embed=False&singleCalendarWidget=true,fetched,2026-10-09,"The same page also lists a Job Apprentice Program and a free Arts Alliance mentoring program; those pages gave no ages or pay, so they are not listed."
santa-barbara-parks-rec-seasonal-jobs,"Parks and Recreation Seasonal Jobs (lifeguard, camp staff)",City of Santa Barbara Parks and Recreation,"Santa Barbara, CA",santa-barbara,paid-youth-program,sports; education,,,,paid,"Hourly, set by position. A March 2024 City notice listed $18.78 to $23.92 an hour for lifeguards, camp counselors and swim instructors; check the current posting.",summer,Summer camps and pools; aquatics hires through the year with more hiring before summer,rolling,"Aquatics hires year-round; summer hiring is announced in the spring (March 2025 release: tryouts and interviews in April, training before June).",,last-year-pattern,,Eligibility varies by position. Some need experience or certifications (for example lifeguard); others are for first-time workers. Camp Recreation Assistants need no experience. Minimum ages are set in each job posting and were not read.,Apply to open positions on the City's NEOGOV job site (Parks and Recreation). Lifeguard jobs include a tryout.,https://sbparksandrec.santabarbaraca.gov/activities/teen-and-early-adult-recreation#seasonal-jobs,https://www.governmentjobs.com/careers/santabarbara,fetched,2026-10-09,"The City has offered a reduced-cost lifeguard certification course for ages 15 and up (March 2024 notice, $50 for residents); check sbparksandrec.santabarbaraca.gov for the current course. Under-18 workers need a work permit from their school district."
santa-barbara-public-library-teen-job-volunteer-fair,Teen Job and Volunteer Fair (Santa Barbara Public Library),Santa Barbara Public Library,"Santa Barbara, CA",santa-barbara,volunteer,any,,,9 to 12,unpaid,Free to attend.,spring,"One afternoon, 2 hours",closed-expect-reopen,"2026 fair: Wednesday, April 15, 2026, 4:00 to 6:00 PM at Central Library (workshop April 22). The 2027 date is not posted; the library calls it annual.",,last-year-pattern,,Teens in grades 9 to 12. Parents and guardians are welcome. No registration needed for the fair; the interview workshop needs registration.,Just show up. Register separately for the Teen Interview Skills Workshop.,https://library.santabarbaraca.gov/node/18084,,fetched,2026-10-09,"2026 employers included the Museum of Natural History and Sea Center, MOXI, Santa Barbara Museum of Art, Santa Barbara Zoo, City Parks and Recreation, and the Postal Service. More than 200 teens attended in 2025."
santa-barbara-public-library-teen-volunteering,Teen Volunteering and Teen Advisory Board (Santa Barbara Public Library),Santa Barbara Public Library,"Santa Barbara, CA",santa-barbara,volunteer,education; social-impact,,,Book reviews: grades 7-12. Teen Advisory Board: high school students.,unpaid,"Unpaid. Community service hours (1 hour per book review, up to 5 reviews a month).",year-round,"Teen Volunteer Time: Thursdays 4:15 PM at Central Library (or Saturdays 11 AM to 12:30 PM at Eastside Library). Advisory Board: twice a month on Tuesdays, 5-6:30 PM, during the school year and once a month during the summer.",year-round,Teen Advisory Board applications are taken at the start of each school term. Teen Volunteer Time and book reviews are ongoing.,,rolling,False,Teens. Book reviews are for grades 7 to 12. The Teen Advisory Board is for high school students and requires a Library Services Orientation for Teens first. Volunteers ages 16 and over are welcome to complete an 8-hour training.,"Teen Volunteer Time: pre-register to guarantee a spot, or drop in. Advisory Board: submit the application and attend the orientation. Book reviews: submit through the library form.",https://library.santabarbaraca.gov/classes-events/teen-services-events,https://forms.cloud.microsoft/g/vEMhbvTijs,fetched,2026-10-09,The apply link is the Teen Advisory Board form. Service-hour sign-off requests go to the Teen Services Librarian and take up to 3 business days. The library cannot sign court-ordered community service.
santa-barbara-public-library-teens-teach-tech,Teens Teach Tech (Santa Barbara Public Library),Santa Barbara Public Library,"Santa Barbara, CA",santa-barbara,volunteer,tech-cs; education,14,17,,unpaid,Unpaid. About 52 community service hours in total.,school-year,"November 2026 to June 2027, about 2 hours a week (schedule to be set)",open-now,"Apply by Saturday, October 24, 2026.",2026-10-24,confirmed-2026-27,False,"Teens ages 14 to 17 with strong communication skills, an interest in coding or robotics, and the ability to work well with teens and children. No experience needed. Limited spots for highly motivated teens.",Online application form (linked from the library news post).,https://library.santabarbaraca.gov/news/join-teens-teach-tech-apply-october-24,https://forms.cloud.microsoft/pages/responsepage.aspx?id=1ifjWL21yUSYiqzygxkLYoay24ahW0NMqDpMIfeB88pUNTlJTDdZOEVQUVlNQkFVTEpVODNCSTZVNCQlQCN0PWcu&route=shorturl,fetched,2026-10-09,"Meets at Central Library, 40 E. Anapamu St. Posted October 4, 2026, so the deadline is close. Supported by a federal library grant."
santa-barbara-sbcc-dual-enrollment,Dual Enrollment (Santa Barbara City College),Santa Barbara City College,"Santa Barbara, CA",santa-barbara,school-pathway,any,,,,unpaid-credit,"Applying to SBCC is free. High-school-based courses cost nothing. For online and campus courses, enrollment fees are waived but students pay student fees and textbooks.",year-round,By semester,rolling,Fall 2026 dual enrollment registration began July 1. Deadlines for each term are on the Dual Enrollment calendar on the SBCC page.,,rolling,False,High school and home school students. High-school-based courses are for Santa Barbara and Carpinteria Unified students only. Some courses are restricted. Complete the SBCC application and the dual enrollment steps first.,"Apply to SBCC through CCCApply, then follow the Steps to Enrollment for your course type. Contact dualenrollment@sbcc.edu or 805-898-8170.",https://www.sbcc.edu/dualenrollment/,,fetched,2026-10-09,Your school counselor or College and Career Center can help choose courses.
santa-barbara-sea-center-volunteer-interpreter,Sea Center Volunteers (Ty Warner Sea Center),"Santa Barbara Museum of Natural History, Ty Warner Sea Center","Santa Barbara, CA",santa-barbara,volunteer,environment; science,11,,,unpaid,"Unpaid. A $45 program fee covers uniform, badge and administration; email scvolunteer@sbnature2.org for a fee waiver before your first training.",year-round,One shift per week for at least 4 months,rolling,The Museum's teen page says the Sea Center accepts volunteer applications year-round.,,rolling,False,Anyone age 11 and up. Volunteers 11 to 13 must volunteer with a parent or guardian. Aquarist volunteers must be 14 or older and have done 48 hours of service first. Commit to one shift a week for at least four months.,"Fill in the online volunteer application, interview, then attend mandatory training. Contact scvolunteer@sbnature2.org or 805-962-2526 ext. 110.",https://www.sbnature.org/volunteer/adult/sea-center-opportunities/,https://www.sbnature.org/volunteer/application/,fetched,2026-10-09,"Counts for the community service hours needed to graduate from high school in Santa Barbara Unified (per the Museum). Shifts are 9:45-12:45, 12:30-3:30 or 3:00-5:00."
santa-barbara-ucsb-research-mentorship-program,Research Mentorship Program (UCSB Summer Sessions),UC Santa Barbara Summer Sessions,"Santa Barbara, CA",santa-barbara,pre-college,science,,,10th or 11th grade (outstanding 9th graders considered case by case),fee-based,"2026 cost page (the 2027 price is not posted): commuter $5,675 total ($75 application fee + $1,000 deposit + $5,600 tuition and program fees); residential $13,274 total (adds $7,599 housing and meals). A limited number of need-based scholarships exist, with priority for California residents.",summer,"About 7 weeks (June 14 to July 30, 2027).",opens-soon,"Application window Dec 15, 2026 to Mar 8, 2027. Reviews start in January and decisions are rolling.",2027-03-08,confirmed-2026-27,False,High school students in 10th or 11th grade with a weighted GPA of at least 3.80. Students must attend the whole program and cannot take other courses or programs at the same time. No English test is needed for international applicants.,"Online application with a transcript that includes fall 2026 grades, AP scores if any, a 500-word personal statement, short answers, and the $75 fee. Tick the box on the application if you want to be considered for a scholarship. An optional info webinar is offered.",https://www.summer.ucsb.edu/programs/research-mentorship-program/overview,https://www.summer.ucsb.edu/apply,fetched,2026-10-09,Competitive. Costs shown are the 2026 figures because the 2027 cost page was not updated. Residential students live on campus and housing is billed by Summer Discovery. Contact: precollege@summer.ucsb.edu.
santa-barbara-ucsb-summer-research-academies,Summer Research Academies (UCSB Summer Sessions),UC Santa Barbara Summer Sessions,"Santa Barbara, CA",santa-barbara,pre-college,science,,,"9th, 10th or 11th grade",fee-based,"2026 cost page (the 2027 price is not posted): commuter $3,475 total ($75 application fee + $900 deposit + $3,400 tuition and program fees); residential $9,874 total (adds $6,399 housing and meals). A limited number of need-based scholarships exist, with priority for California residents.",summer,"About 4 weeks (June 25 to July 23, 2027).",opens-soon,"Application window Dec 15, 2026 to Mar 22, 2027. Reviews start in January and decisions are rolling.",2027-03-22,confirmed-2026-27,False,"High school students in 9th, 10th or 11th grade with a weighted GPA of at least 3.60. Students must attend the whole program and cannot take other courses or programs at the same time. No English test is needed for international applicants.","Online application with a transcript that includes fall 2026 grades, a 500-word personal statement, short answers, and the $75 fee. Tick the box on the application if you want to be considered for a scholarship. An optional info webinar is offered.",https://www.summer.ucsb.edu/programs/summer-research-academies/overview,https://www.summer.ucsb.edu/apply,fetched,2026-10-09,"Costs shown are the 2026 figures because the 2027 cost page was not updated. The younger, shorter and cheaper of the two UCSB pre-college programs. Contact: precollege@summer.ucsb.edu."
santa-barbara-youth-council,Santa Barbara Youth Council,City of Santa Barbara,"Santa Barbara, CA",santa-barbara,civic-government,law-government; social-impact,13,19,,unpaid,Unpaid (the City lists compensation as none).,school-year,"Two-year term, July 1 to June 30. Meets the 1st and 3rd Monday at 5:15 PM at Franklin Neighborhood Center (monthly in July and August).",open-now,"Fall 2026 City advisory group recruitment: applications due Monday, October 19, 2026 at 5:00 PM. Applications are accepted year-round for future rounds.",2026-10-19,confirmed-2026-27,False,"Ages 13 to 19. Of 15 members, 8 must live in the City; seats are set aside for SBUSD high schools, alternative and private high schools, and at-large. Members serve two-year terms from July 1.","Apply online through the City's advisory group application. Youth Council applicants interview with both the City Council and the current Youth Council. Contact Recreation Specialist Nicole Morgan, 805-897-2582.",https://santabarbaraca.gov/santa-barbara-youth-council/santa-barbara-youth-council-general-functions,https://santabarbaraca.gov/volunteerbc,fetched,2026-10-09,"The City's recruitment page lists Youth Council interview dates but this check did not confirm which seats are open this round, so call Nicole Morgan. The City also has a one-year Youth Intern seat on some boards and commissions (nominated by a high school principal)."
santa-barbara-zoo-seasonal-jobs,Santa Barbara Zoo Jobs for Teens (Guest Experience Specialist and seasonal),Santa Barbara Zoo,"Santa Barbara, CA",santa-barbara,paid-youth-program,environment; food-hospitality,14,,,paid,Not stated on the page; see each job listing.,year-round,"Seasonal, mostly spring and summer",unconfirmed,No dates posted. The Zoo says the busiest hiring is a month before spring and summer school breaks.,,last-year-pattern,,Most of our job opportunities are open to applicants 14 years and older; some positions require that an applicant be at least 16 or 18. You must be able to present proof of citizenship or legal right to work in the United States. Most positions require some related experience and/or an educational background in a related field. Students with no prior work experience: 'We will consider your application for our entry level positions.',Apply online for a specific opening on the Zoo's Employment Listings page. One application per job.,https://www.sbzoo.org/careers,,fetched,2026-10-09,"The Employment Listings page was not read, so check whether any openings are posted now. Under-18 workers need a work permit from their school district."
santa-barbara-zoo-teen-volunteers,"Zoo Teen Volunteers (Junior Camp Counselor, Leader in Training, Teen Conservation Club)",Santa Barbara Zoo,"Santa Barbara, CA",santa-barbara,volunteer,environment; education,,,,unpaid,Unpaid. Community service hours.,summer,"Junior Camp Counselor: 7 hours a day, Mon-Fri, 3 summer weeks plus 1 fall week and 2 winter weeks",closed-expect-reopen,"No application dates are posted. The Zoo volunteer page says it is not taking new volunteer recruitment applications at this time (that line sits in the adult sign-up steps), yet the teen sections still show application links. The Leader in Training dates (June 17 to Aug 23) have no year.",,unknown,False,Current junior high or high school students. Junior Camp Counselors give at least 3 weeks of summer Zoo Camp (about 100 hours). Leaders in Training give 4 summer weeks (about 130 hours). Special-event volunteers can be 13 or older.,Use the Apply links under Teens on the Zoo volunteer page (junior camp counselor application plus a reference letter). Call or email the Zoo to confirm before you plan.,https://www.sbzoo.org/volunteer,,fetched,2026-10-09,Confirm first. The Zoo says no internships are available at this time. The Zoo held a Job and Volunteer Fair on February 22 (year not on the page).
santa-clara-county-teen-cert,Santa Clara County Teen CERT Academy,Santa Clara County Teen CERT,"Santa Clara County, CA",silicon-valley; san-jose,volunteer,health; social-impact; law-government,13,18,,unpaid,Free,year-round,3 day academy (Friday evening to Sunday),unconfirmed,"Join the waitlist for the next academy. The site shows January 8 to 10 with no year printed. The last academy was March 13 to 15, 2026.",,unknown,False,Teens ages 13 to 18 who live in Santa Clara County.,Join the waitlist form on the Teen CERT website or email scctcert@gmail.com. Paperwork drop-off happened before the last academy.,https://sites.google.com/view/santa-clara-county-teen-cert/home,,fetched,2026-10-07,"The March 2026 flyer said ages 13 to 17 and the website says 13 to 18, so check your age with them. Cost is not stated; the last academy was at Los Altos Hills Town Hall. Santa Clara County residents only."
santa-clara-youth-commission,Santa Clara Youth Commission,City of Santa Clara,"Santa Clara, CA",silicon-valley,civic-government,law-government; social-impact,12,19,,unpaid,,school-year,"September to May, up to six years",closed-expect-reopen,The 2026-27 recruitment is closed. The page does not give 2027-28 dates.,,last-year-pattern,False,Santa Clara residents ages 12 to 19. You cannot be employed by the City of Santa Clara.,Apply during the yearly recruitment. Call the Youth and Teen Center at 408-615-3760 or email youthcommission@santaclaraca.gov to ask when it opens.,https://www.santaclaraca.gov/our-city/government/boards-commissions/youth-commission,,fetched,2026-10-09,"Meets the second Tuesday of the month at 6 p.m. at the Youth and Teen Center, 2446 Cabrillo Ave. The page was last updated 2026-09-30."
scc-intern-and-earn,County of Santa Clara Intern and Earn,County of Santa Clara Employment Connection,"Santa Clara County, CA",silicon-valley; san-jose,paid-youth-program,law-government; any,16,24,,paid,"$19.75 per hour, up to 30 hours per week",summer,8 weeks per cohort,rolling,"Posted 2026 cohorts: Summer deadline May 20, program June 29 to Aug 7. Fall deadline Sept 19, program Oct 19 to Dec 11. The page also says it is accepting applications now; call to ask about the next cohort. 2027 dates not posted.",,rolling,True,"Youth ages 16 to 18 who get CalWORKs benefits, or current and former foster youth ages 16 to 24. Open to year-round employment services.","Call 408-758-3797 to begin your application, or use the Register/Refer form on the page.",https://ecstaffing.santaclaracounty.gov/services/county-santa-clara-intern-earn,,fetched,2026-10-07,"Only for teens who get CalWORKs benefits or who are/were in foster care, so most teens do not qualify. Under 18 needs a work permit. Positions are across the county."
scc-library-teen-volunteer,Santa Clara County Library District Teen Volunteers (tutor a K-6 student),Santa Clara County Library District,"Santa Clara County, CA",silicon-valley,volunteer,education,14,,,unpaid,,year-round,,year-round,Ongoing. No deadline posted.,,rolling,False,Volunteers must be 14 or older.,Apply through the volunteer page at sccld.org/volunteer or ask a local library.,https://sccld.org/teens,,fetched,2026-10-07,"Serves the library district branches, not every city in the county (San Jose has its own library). Hours, training and schedule are on the volunteer page. See the separate homework-help tutor card (Santa Clara County Library District Teen Volunteer Tutor) for a similar after-school tutoring role."
scc-student-intern-level-1,"County of Santa Clara Student Internship Program (Level I, high school)",County of Santa Clara Employee Services Agency,"San Jose, CA",silicon-valley; san-jose,internship,law-government; any,,,"High school (regular, vocational or working toward equivalency)",paid,Paid on a five-step county salary scale; the rate is not stated on the page (see the county salary plan).,year-round,,closed-expect-reopen,"No current posting for Level I. Subscribe to email alerts on the Student Intern, Level I job title or contact county departments. Applications are reviewed as departments ask and expire after 6 months.",,unknown,True,"High school student (regular, alternative vocational, or working toward equivalency), enrolled or graduated within 6 months, legal right to work in the US, overall GPA of at least 2.5. Application plus transcript and proof of enrollment. Under 18 needs a work permit (from your counselor or EDD). May need Live Scan and a physical.","Subscribe to alerts for the Student Intern Level I posting on the county jobs site and apply with your transcript when it opens. You can also email departments, or the coordinator at studentinterns@esa.sccgov.org.",https://esa.santaclaracounty.gov/career-seekers/student-internship-program-information-students,,fetched,2026-10-07,"Interns can be hired any time of year depending on department needs, so keep the alert on. Some departments (District Attorney, Behavioral Health, Public Health, Parks) run their own internships; contact them directly."
sccld-homework-help-tutor,Santa Clara County Library District Teen Volunteer Tutor,Santa Clara County Library District,"Campbell, Cupertino, Gilroy, Los Altos, Milpitas, Morgan Hill and Saratoga, CA",silicon-valley,volunteer,education,14,,,unpaid,,school-year,One semester,rolling,Ongoing. No deadline posted.,,rolling,False,"Age 14 or older, free one afternoon Monday to Thursday from 3:30 to 6pm for a whole semester, and about 7 hours of training.",Fill in the volunteer application on the library's volunteer page.,https://sccld.org/volunteer/,,fetched,2026-10-07,"The page lists these libraries: Campbell, Cupertino, Gilroy, Los Altos, Milpitas, Morgan Hill and Saratoga. Check that your branch is included. Training is online (about 7 hours). The broader card (Santa Clara County Library District Teen Volunteers) also includes after-school tutoring of a kindergarten to grade 6 student."
schaumburg-library-student-advisory-trustee,"Student Advisory Trustee, Schaumburg Township District Library",Schaumburg Township District Library,"Schaumburg, IL",chicago,leadership,law-government; education; social-impact,15,18,,unpaid,Not stated,school-year,One year: October 2026 to September 2027,closed-expect-reopen,"The 2026-27 term closed Aug 9, 2026. A new application period is likely in summer 2027 but has not been posted.",,last-year-pattern,False,Ages 15 to 18 who live within the Schaumburg Township District Library service area. Grade level is not stated.,The page invites eligible teens to apply but does not describe the method. Watch the library's Student Trustees page or ask the Teen Department.,https://www.schaumburglibrary.org/student-trustees,,fetched,2026-10-09,"Board meetings are the third Monday of each month at 6:00 p.m., plus monthly meetings with the Teen Department. The next-cycle timing is a guess from this year's August 9 deadline."
scoe-cte,Sacramento County Office of Education Career Technical Education,Sacramento County Office of Education (SCOE),"Sacramento, CA",sacramento,school-pathway,any; trades; health; tech-cs,,,,unpaid-credit,,school-year,,year-round,Course catalog online; no student deadline posted on the page.,,unknown,False,Not stated on the page. Which classes you can take depends on your school district. Ask your counselor.,"Not stated on the page. Ask your school counselor and look at the SCOE CTE course catalog. Contacts listed: Michelle McIntosh (Director), mmcintosh@scoe.net; Raelynn Sharp (Project Specialist), rsharp@scoe.net.",https://ccr.scoe.net/programs/cte,,fetched,2026-10-07,"The pages describe CTE (career technical education, 15 industry sectors) and list staff contacts. They do not list eligibility, enrollment steps, dates or work-based learning details. Treat this as a starting point and call SCOE. Age and grade are not stated, so ask your counselor."
scripps-health-volunteer-ages-15-plus,Volunteer Program (ages 15 and up),Scripps Health,"San Diego County, CA (La Jolla, Encinitas, San Diego, Chula Vista)",san-diego,volunteer,health,15,,,unpaid,Unpaid volunteer role,year-round,At least 6 months and 100 service hours; 2 to 4 hours a week depending on age and position,rolling,"South region (Scripps Mercy San Diego and Chula Vista): reviewed on an ongoing basis. North region (Scripps Memorial La Jolla and Encinitas, Scripps Green): applications open the first business day of April (May orientation) and of October (November orientation); applications sent outside those periods are not reviewed.",,rolling,False,Anyone at least 15 years old. Teens apply through the same process as adults; there is no separate teen program on the page.,"Submit one online application and choose one site. If chosen, you complete an interview, show proof of required immunizations and attend orientation. Onboarding takes about 6 to 8 weeks.",https://www.scripps.org/about-us__volunteer,,fetched,2026-10-09,"Drop-in or on-call volunteering is not available; you pick a regular weekly shift. The portal opens on the first business day of each month and closes when a site is full, so apply early in the month. Only submit one application."
scvmc-volunteer-services,Santa Clara Valley Medical Center Volunteers,Santa Clara Valley Medical Center,"San Jose, CA",silicon-valley; san-jose,volunteer,health; social-impact,15,,,unpaid,,year-round,At least 6 months and 100 hours,rolling,"No deadline stated. Applications are accepted online year-round, and the office is looking for weekday morning or afternoon shifts.",,rolling,False,Age 15 or older. You must give one 4-hour shift a week for at least six months in a row and at least 100 hours. They cannot take summer-only or school-break-only volunteers.,"Fill out the online application and a volunteer reference form, then interview, attend a 2-hour orientation, pass a background check and health screening.",https://scvmc.scvh.org/giving-volunteering/volunteer-services/how-become-volunteer,,fetched,2026-10-09,"The health screening asks for proof of vaccines, a flu shot, immunity to measles, mumps, rubella and varicella, a Tdap shot, and a TB test within the last 3 months. Ask your parent to start gathering records early. Questions: vmcvolunteer@hhs.sccgov.org."
sdma-teen-council,Teen Council,San Diego Museum of Art,"San Diego, CA (Balboa Park)",san-diego,leadership,arts-media,,,High school,unpaid,No stipend or fee stated on the page.,school-year,October 2026 to end of June 2027; monthly meetings on Zoom with several in-person events,closed-expect-reopen,"2026-2027 application closed Oct 1, 2026 and the first meeting is Oct 14, 2026. Next year's dates are not posted; expect a similar fall cycle.",,last-year-pattern,,High school students. The page gives no narrower age or grade range. Space is limited to 12 teens.,Complete the online application on the Teens page. Only completed forms are considered. Questions: outreach@sdmart.org.,https://www.sdmart.org/teens/,,fetched,2026-10-09,Closed right now. Check the page around late summer 2027 for the next application.
seattle-aquarium-youth-ocean-advocates,Youth Ocean Advocates,Seattle Aquarium,"Seattle, WA",seattle,volunteer,environment; science,,,"9 to 12 (high school, Running Start, GED or homeschool)",unpaid,Unpaid volunteer program. The page does not mention a cost.,year-round,One school year or one summer; at least 8 activities of about 3 to 5 hours each; can stay until the summer after senior year,closed-expect-reopen,School Year 2026-27 Currents interest form is closed. The page says to check back in February 2027 for the Summer 2027 interest form (its general timeline says January; confirm with the Aquarium). Info sessions run over Zoom in March (summer) and September (school year).,,last-year-pattern,False,"Students enrolled in grades 9 to 12 in a high school, Running Start, GED or homeschool program when they apply. Tides is the easiest level (any high school-aged person); Currents is the hands-on volunteer level.","Attend a required online info session, then complete the application, then interview. Accepted teens do training before starting shifts. Questions: YOA@seattleaquarium.org.",https://www.seattleaquarium.org/act-for-the-ocean/volunteer/youth-ocean-advocates/,,fetched,2026-10-09,"The page says its timeline is rough and may change. Washington L&I says its child labor rules 'only apply to minor employees, not volunteers.'"
seattle-childrens-hospital-volunteer,Seattle Children's Hospital Volunteer Program,Seattle Children's,"Seattle, WA",seattle,volunteer,health,16,,,unpaid,Unpaid. Volunteers get a badge and free on-site parking.,year-round,Most shifts are 3 hours on the same day and time every week; at least 6 months in a row (check each role),unconfirmed,"Applications open each March, July and November and stay open until positions are filled. The site lists the next open date (not read).",,last-year-pattern,False,People 16 and over for some positions and 18 and over for others. You must meet the minimum age when you apply.,"Apply online during an open period (you have one hour to finish), complete online training and forms within 2 weeks, do a 1-hour virtual group interview, then accept a placement. Onboarding includes a Washington State background check, an in-person health screening and a 90-minute orientation. Email VolunteerServices@seattlechildrens.org or call 206-987-4655.",https://seattlechildrens.vsyslive.com/,,fetched,2026-10-09,"The youth service projects page (for ages under 16, such as donation drives or junior guilds) still carries a COVID-era notice, so it may be out of date. Nearly all shifts are weekdays starting between 9am and 2pm. Washington L&I says its child labor rules 'only apply to minor employees, not volunteers.'"
seattle-fred-hutch-summer-high-school-internship,Fred Hutch Summer High School Internship Program (SHIP),Fred Hutch Cancer Center,"Seattle, WA",seattle,research,health; science,16,,Entering senior year (the page also says 'between 11th and 12th grade'),paid,Paid internship; the amount is not stated on the page.,summer,8 weeks full time (2026: June 22 to Aug 14),closed-expect-reopen,2026 applications are closed. The page says information on the 2027 program will be posted in November 2026.,,unknown,True,"High school students entering senior year who are 16 or older by the program start, with strong scientific interest, living in Greater Seattle or nearby. Out-of-state and international students are not accepted. You must be free for all eight weeks and able to do a Zoom interview.","Online application with short essays, email addresses for two references (they get a recommendation link after you submit), a PDF transcript and a PDF resume. Applicants must be able to attend a Zoom interview with the selection committee.",https://www.fredhutch.org/en/education-training/high-school-students/summer-high-school-internship-program.html,,fetched,2026-10-09,"Highly competitive and designed for students without much research experience. Fred Hutch does not provide or arrange housing, and interns arrange their own transportation. In Washington there is no permit the teen carries: the employer must hold a minor work permit endorsement, and a parent/guardian (and the school during the school year) signs a parent authorization form (Parent Authorization for Summer Work if hired during summer break only) before the minor starts."
seattle-parks-lifeguard-jobs,Seattle Parks and Recreation Lifeguard,Seattle Parks and Recreation,"Seattle, WA",seattle,paid-youth-program,sports,16,,,paid,Listed on the Parks summer jobs page as 'starts at $26.92' (the unit is not stated on the page).,year-round,"Summer-only at beaches and outdoor pools, or year-round at indoor pools",rolling,"The last posting closed June 16, 2026. The Aquatics page says Temporary/Intermittent Lifeguards are hired year-round, even when no posting is active.",,rolling,False,"Seattle Parks summer jobs are open to ages 16 and up (18 and up for some positions). Lifeguards need a current American Red Cross Lifeguarding, First Aid and CPR/AED certification. The Red Cross course requires being at least 15 on or before the last class and passing a swim test.","Get Red Cross certified. Then apply on GovernmentJobs.com when a listing is active, or email an Aquatic Application (or resume and cover letter) to parksaquatics@seattle.gov, or give it to the Aquatic Center Coordinator at any Seattle indoor pool. Hired lifeguards pass a background check, a physical and the NW Lifeguard Test. Call 206-684-4078.",https://www.seattle.gov/parks/about-us/jobs/aquatics-employment-and-training,,fetched,2026-10-09,Red Cross certifications last 2 years. The cost of the Red Cross course is not stated on the Parks pages. Seattle Parks is a municipal employer; Washington L&I says state and municipal governments are not subject to Washington's child labor rules (federal rules still apply).
seattle-parks-yesl-pre-employment-training,Seattle Parks Youth Employment and Service Learning: Pre-Employment Training,Seattle Parks and Recreation,"Seattle, WA",seattle,paid-youth-program,any,13,18,,stipend,After finishing the training you may earn a $300 stipend or Service Learning credit toward high school graduation. Internship pay is not stated on the page.,school-year,"7 weeks, 14 hours total, offered each Fall, Winter and Spring quarter",unconfirmed,"Offered each Fall, Winter and Spring quarter. The page does not list current dates, so email to ask.",,unknown,False,"Pre-Employment Training is for ages 13 to 18, and you can take it once every 2 years. It is the prerequisite for Parks paid internships (Teen Late Night, Summer, Community Learning Centers), which are for ages 15 to 21.","Email PKS_Teen_Employment@seattle.gov (phone 206-684-4575) for details and to apply. The page also lists career readiness workshops (resumes, mock interviews, food handler permit help) at Teen Life Centers and community centers.",https://www.seattle.gov/parks/learning-and-childcare/teen-programs/job-readiness-opportunities-for-teens,,fetched,2026-10-09,Youth may do one paid internship at a time. Seattle Parks is a municipal employer; Washington L&I says state and municipal governments are not subject to Washington's child labor rules (federal rules still apply). The page also mentions free college tours for Seattle Public Schools students in grades 9 to 12.
seattle-uw-changemakers-in-computing,Changemakers in Computing,University of Washington Paul G. Allen School of Computer Science & Engineering,"Seattle, WA",seattle,pre-college,tech-cs,,,Washington high school students in 10th or 11th grade when applying (rising juniors and seniors),stipend,"Free. Every mentee gets a $1,200 stipend; lunch and materials are provided. No housing, and bus passes are not provided.",summer,"4 weeks, Monday to Thursday, about 9am to 3pm (2026: July 6 to 30)",closed-expect-reopen,"2026 cohort: applications opened March 4 and closed April 1, 2026 (11:59pm PT); decisions April 27; orientation May 16. 2027 dates are not posted.",,last-year-pattern,,Washington state residents enrolled in a Washington high school in 10th or 11th grade. No coding experience needed. The program aims to include economically disadvantaged and future first-generation college students; the home page says it is open to all rising juniors and seniors at Washington state high schools.,Apply online by the deadline (every application submitted on time is reviewed equally). Questions: cic@cs.washington.edu.,https://cic.cs.washington.edu/,,fetched,2026-10-09,"Students must be able to get to the UW campus on their own. Absences are limited: after four absences students are dismissed. The stipend is described as a stipend, not a wage, so work permit is marked unknown."
seattle-uw-foster-business-and-leadership-program,Business and Leadership Program (UW Foster School of Business),University of Washington Foster School of Business with Summer Springboard,"Seattle, WA",seattle,pre-college,business-finance,,,"Rising 10th, 11th, 12th graders and graduating seniors",fee-based,"Commuter tuition $4,498 (lunch, a course, excursions, 9am to 5pm Monday to Friday). Residential adds $3,000. Commuters can join weekend excursions for $125 per day. Financial aid is not mentioned on the page.",summer,2 weeks (2026 session: July 5 to 17),unconfirmed,"No deadline stated; 'spaces are limited.' The only session listed was July 5 to 17, 2026. 2027 dates are not posted.",,unknown,False,"High school students (page lists rising 10th, 11th and 12th graders and graduating seniors; no age range stated). No business experience required.",Apply through partner Summer Springboard's online portal (Apply now link on the program page). Program questions go to the program contact listed on the page.,https://foster.uw.edu/pre-college-programs/business-and-leadership-program/,https://summerspringboard.com/apply/,fetched,2026-10-09,"Expensive paid pre-college program from a real university. The page says students can attend both experiences during a single extended stay, but it does not name a one-week Business Startup Bootcamp."
seattle-woodland-park-zoo-teen-ambassadors,Woodland Park Zoo Teen Ambassador Volunteer Program,Woodland Park Zoo,"Seattle, WA",seattle,volunteer,environment; science,,,Entering 10th to 12th grade in the fall of the program year (2026 page),stipend,"Active teen volunteers receive a $300 summer stipend to help with transportation, lunches and shoes. No participation fee is listed.",summer,"June to September: orientation day, at least 7 of 10 Wednesday meetings (3:30 to 6:30 pm), 20 volunteer hours between June 29 and Sept 6 (2026 dates)",closed-expect-reopen,"2026 cohort: application deadline Friday, March 27, 2026, 5:00 pm; Q&A sessions in March; interviews mid-April; decisions early May. 2027 dates are not posted.",,last-year-pattern,,High school students entering grades 10 to 12. No prior experience required. The teen page does not state a minimum age; 15 teen volunteers were taken in 2026.,Fill out the online application by the deadline. Email teenambassadors@zoo.org for help. Sign up for recruitment updates at zoo.org/volunteer.,https://www.zoo.org/volunteer/teen/,,fetched,2026-10-09,"The zoo's general volunteer program has its own rules (at least 16, one-year commitment, applications opening January 2027); those do not appear on the teen page. Applicants who identify with autism or ADHD can get application and interview support from Canopy Neurodiversity Foundation. Marked work permit unknown because of the stipend."
seattle-youth-employment-program,Seattle Youth Employment Program (SYEP),City of Seattle Human Services Department,"Seattle, WA",seattle,paid-youth-program,any,16,24,,mixed,"Internship: at least Seattle's minimum wage, listed as $21.30 per hour. Learn & Earn Foundations: $325 stipend at the end of each module. Pathways: monthly stipend, amount not stated.",summer,"Internship about 6 weeks (July 6 to Aug 18, 2026). Foundations: October 2026 to March 2027 (tentative), 2-hour weekly sessions.",closed-expect-reopen,"2026 internship applications ran March 18 to May 5, 2026 (closed). Learn & Earn Foundations 2026-27 applications ran Aug 11 to Sept 25, 2026 (closed). 2027 dates are not posted.",,last-year-pattern,,"Age 16 to 24 at the start of the program (you can apply at 15 if you will be 16 by the start date). You must live in Seattle or attend Seattle Public Schools or Seattle Colleges, and household income must be at or below 80% of Area Median Income (for example $81,700 for 1 person, $116,650 for 4).",Create an account and complete the online application at youthconnect.powerappsportals.us (the page links a help guide). The 250 internship spots are chosen by lottery. Pathways requires finishing SYEP Foundations or passing the Assessment of Skill.,https://www.seattle.gov/humanservices/services-and-programs/preparing-youth-for-success/seattle-youth-employment-program,,fetched,2026-10-09,"Proof of authorization to work in the U.S. is required for the internship, and an SSN or ITIN is needed to receive stipends and take part. The SYEP page does not mention work permits. Placements include City departments, which Washington L&I says are exempt from state child labor rules ('Public entities, including state and municipal governments, are not subject to Washington's child labor rules'; federal rules still apply), and private businesses and nonprofits, which are not exempt, so ask your placement about the parent/school authorization form. Questions: SYEP@seattle.gov or 206-386-1375."
sf-826-valencia,826 Valencia Youth Programs,826 Valencia,"San Francisco, CA",san-francisco,leadership,arts-media; education,6,18,Programs for ages 6 to 18; stipended roles for grades 8 to 12,mixed,Free programs; some leadership roles are stipended (amounts not posted),year-round,Varies,year-round,No dates posted. Check the 826 Valencia program calendar.,,rolling,False,Students ages 6 to 18. Many students join through partner schools; some workshops allow direct sign-up.,Check the calendar on the 826 Valencia site or contact a Writing Center.,https://826valencia.org/programs/,,fetched,2026-10-07,"All 826 Valencia programs are free, and most students join through partner schools. The stipended Youth Leadership Advisory Board (grades 8 to 12) and Black Literary Achievement Club are listed on the SFPL page; the stipend amount is not posted."
sf-breakthrough-sf,Breakthrough Leadership Program (BLP),Breakthrough San Francisco,"San Francisco, CA",san-francisco,paid-youth-program,education; social-impact,,,Grades 9 to 12,paid,Paid through San Francisco's Opportunities for All program (rate not posted on the page). Some hours also count toward school volunteer requirements.,summer,"Summer 2026 ran orientation June 15 to 18, then June 22 to July 31, 2026, about 6 weeks",closed-expect-reopen,The summer 2026 application is closed. The page says the summer 2027 application launches in early 2027; exact dates not posted.,,unknown,True,Any current high school student (grades 9 to 12). Preference goes to current Breakthrough students and current or former Breakthrough volunteers.,Fill in the notify form on the BLP page to hear when the summer 2027 application opens.,https://www.breakthroughsf.org/blp/,,fetched,2026-10-07,"Breakthrough's separate Teaching Fellow job is a paid summer teaching residency with housing for people from outside SF and does not say it is for high schoolers, so it is not listed here. Located at 350 Masonic Ave."
sf-calacademy-careers-in-science,Careers in Science (CiS) Intern Program,California Academy of Sciences,"San Francisco, CA",san-francisco,paid-youth-program,science; environment; education,,,9 to 10 at entry,paid,Paid above minimum wage (rate not posted),year-round,2 to 3 years through graduation,closed-expect-reopen,Applications are closed. The page says to check back in February 2027; closing date not posted.,,unknown,True,"Current 9th or 10th graders at an SFUSD school, with a 2.5 GPA and a C or higher in science and math, authorized to work in the US, able to commit 2 to 3 years through high school, and able to get to the Academy after school and on Saturdays.",Apply online when the window opens in February 2027. Contact CiS@calacademy.org.,https://calacademy.org/interns,,fetched,2026-10-07,SFUSD students only. Sign up for the Academy's Youth Programs mailing list to hear when applications open. Questions: CiS@calacademy.org.
sf-ccsf-dual-enrollment,CCSF Dual Enrollment (free college classes),City College of San Francisco and SFUSD,"San Francisco, CA",san-francisco,school-pathway,any,,,,unpaid,Free,school-year,By semester,rolling,Not stated on the page. Ask your counselor before each term.,,rolling,False,"SFUSD high school students, through a partnership with City College. Talk to your high school counselor about which classes are offered. Non-SFUSD students, or SFUSD students who want a class their school does not offer, use the Concurrent Enrollment page.",Talk to your high school counselor. Questions: dualenrollment@ccsf.edu. Non-SFUSD students use the CCSF Concurrent Enrollment page.,https://www.ccsf.edu/academics/high-school-programs/dual-enrollment,,fetched,2026-10-07,"Classes can be at your high school or at a CCSF location. A permission consent form for high school students is linked on the page. Grade and credit rules are not stated on the page, so ask your counselor."
sf-community-youth-center-job-fair,Community Youth Center Youth Job Fair,Community Youth Center of San Francisco,"San Francisco, CA (Stonestown Galleria)",san-francisco,paid-youth-program,any; education; tech-cs,14,24,,unpaid,Free event,fall,"Wed Oct 14, 2026, 12 to 4 p.m.",event,"Wednesday, October 14, 2026, 12:00 to 4:00 p.m. at Stonestown Galleria.",2026-10-14,confirmed-2026-27,False,Youth ages 14 to 24. Register with the Google Form on the DCYF listing.,Register using the form linked from the sf.gov youth opportunities page. Bring a resume if you have one.,https://www.sf.gov/opportunities-for-youth-ages-14-24,https://docs.google.com/forms/d/e/1FAIpQLSe3AVLzOyaO2MSIox5_v5-gRPsBiJf-bTmrPYatTZqMGpyShA/viewform,fetched,2026-10-07,"The page does not list which employers will attend. It is a free event, not a job offer."
sf-elections-ambassadors,High School Elections Ambassador Program,San Francisco Department of Elections,"San Francisco, CA",san-francisco,civic-government,law-government; social-impact,,,,unpaid,Unpaid. Ambassadors get a participation certificate signed by the Mayor and community service hours.,fall,"About 2 weeks: Sept 14 to 27 in fall 2026, plus a 90 minute in-person training",closed-expect-reopen,"Fall 2026 applications are closed (the round ran Sept 14 to 27, 2026). The program runs twice a year, in April and September. Spring 2027 dates are not posted.",,last-year-pattern,False,San Francisco high school students. No prior experience needed.,Watch the Department of Elections high school programs page for the next application. Questions: hsp@sfgov.org or 415-558-6100.,https://www.sf.gov/high-school-student-programs-info,,fetched,2026-10-07,"Same page: if you will be 16 by the next Election Day you can apply to be a high school poll worker, with a stipend up to $245. A poll worker application for the November 2026 election was due to be posted there in mid-August."
sf-exploratorium-explainers,High School Explainer Program,Exploratorium,"San Francisco, CA",san-francisco,paid-youth-program,science; education,15,18,High school,paid,Paid job; the wage is not on the program page,year-round,"A summer session or a school-year session, with over 60 hours of training (20 before working with visitors)",closed-expect-reopen,School-year applications are typically posted in July and summer applications in March. Closing dates are not stated.,,unknown,True,"High school age students, 15 to 18 for first-time Explainers (up to 20 for returning ones). Must be able to get a work permit, attend all training dates and work the whole school year or summer session. No science background needed.","When open, apply on the Exploratorium Current Openings page under the job title High School Explainer. Questions: hsesupervisors@exploratorium.edu.",https://www.exploratorium.edu/about/explainers/high-school,https://www.exploratorium.edu/about/jobs/current-openings,fetched,2026-10-07,"About 130 paid positions a year across two cohorts. The Current Openings list did not show on my read, so check it for a live posting. A separate PACE program serves ages 17 to 21."
sf-fire-youth-academy,San Francisco Fire Youth Academy,San Francisco Black Firefighters Association,"San Francisco, CA",san-francisco,shadowing,any; social-impact,,,High school,stipend,"Free to join. Cadets get breakfast, lunch and a bi-weekly stipend (amount not stated).",school-year,"Saturdays 9 a.m. to 1 p.m., following the SFUSD calendar. A 2025 news article said 15 weeks each fall.",unconfirmed,"Not stated on the academy's site. A 2025 news article reported an Aug 11, 2025 deadline for the fall class.",,unknown,,Cadets must attend high school in San Francisco (or equivalent) or live in the City and County of San Francisco. Space is limited.,Use the Apply page on the academy's website.,https://www.sffireyouthacademy.org,https://www.sffireyouthacademy.org/apply,fetched,2026-10-07,"The site does not list an age range or application dates, so ask the academy. Because it pays a stipend, ask whether a work permit is needed. It is a project of the SF Black Firefighters Association."
sf-girls-on-the-run-junior-coach,Girls on the Run Bay Area Junior Coach,Girls on the Run Bay Area,"San Francisco, CA",san-francisco,volunteer,education; sports; social-impact,16,18,High school,unpaid,Unpaid,fall,"8 to 10 weeks, 1.5 to 3 hours per week; season starts early September, 5K on Nov 14, 2026",closed-expect-reopen,"The fall 2026 Junior Coach application was due Aug 26, 2026 (season started early September; 5K on Nov 14, 2026). Spring dates are not posted.",2026-08-26,confirmed-2026-27,False,"Ages 16 to 18 and in high school. The page says teens on Heart&Sole teams must identify as female, and males are welcome on Girls on the Run teams. Needs a completed reference, a signed waiver (parent signs if under 18) and the Junior Coach application. Background check at 18.",Complete the Junior Coach application on the Girls on the Run Bay Area site. Email admin@gotrbayarea.org or call (415) 863-8942 to ask about late spots or the next season.,https://www.gotrbayarea.org/junior-coach,,fetched,2026-10-07,"The Oct 12, 2026 date on the sf.gov listing is for adult coaches (18 and up), not Junior Coaches. Teams meet at least once a week."
sf-mission-bit,Mission Bit Free Coding Classes,Mission Bit,"San Francisco, CA",san-francisco,pre-college,tech-cs,14,18,High school,unpaid,Free,school-year,"Semester long. Fall 2026 classes ran Sep 8 to Dec 4, 2026.",closed-expect-reopen,"Fall 2026 class registration is closed. Spring 2027 classes are not posted yet. Workshops and events are posted separately (College Connections is Nov 7, 2026).",,unknown,False,"Ages 14 to 18 (high school). Priority goes to youth underrepresented in tech, students at high schools with few or no computer science classes, and girls and LGBTQIA+ youth. Online classes are for San Francisco students only.",Pick a class and register on the Mission Bit Classes page when registration opens.,https://www.missionbit.org/programs/,https://www.missionbit.org/classes/,fetched,2026-10-07,"Mission Bit's Tech Start career prep is ages 18 to 26, not for most high schoolers. College Connections (Nov 7, 2026, 10:30 a.m. to noon at Chase Center, grades 9 to 12) closes registration Oct 27, 2026 per sf.gov."
sf-myeep,Mayor's Youth Employment and Education Program (MYEEP),"Japanese Community Youth Council (JCYC), funded by SF DCYF; Buchanan YMCA is a partner site","San Francisco, CA",san-francisco,paid-youth-program,any,14,17,9 to 10,paid,Paid work experience (hourly rate not posted on the pages read),year-round,"School year: Oct to April, with an 8 hour per week internship Jan to April. Summer: June to August, 20 hours per week.",closed-expect-reopen,"School-year round closed Sept 14, 2026. The YMCA page says summer applications are due the first week of April; school-year applications the first week of September.",,last-year-pattern,True,San Francisco youth ages 14 to 17 (the DCYF newsletter lists grades 9 and 10 for this round). Apply through the JCYC Workhub.,Apply online through the JCYC Workhub (jcycworkhub.org). Ask the YMCA contact on the program page about your neighborhood site.,https://www.ymcasf.org/myeep,https://www.jcycworkhub.org/,fetched,2026-10-07,"Pay rate is not stated on the pages read, so ask your site. Contact the Buchanan YMCA ((415) 931-9622) about eligibility."
sf-new-door-ventures,New Door Ventures Employment Program,New Door Ventures,"San Francisco, CA",san-francisco,paid-youth-program,any,17,24,,paid,Paid (rate not posted),year-round,6 months,rolling,Applications accepted all year (per the sf.gov youth listing).,,rolling,True,Ages 17 to 24. Aimed at 'opportunity youth' who are out of school or not working.,Apply on the New Door intake portal linked from their site. The application link is on the official page.,https://www.newdoor.org/,,fetched,2026-10-07,Mainly for 17 year olds and older who are not in a regular school path; not the usual fit for a student who is in school. Pay is not stated on the pages read.
sf-opportunities-for-all,Opportunities for All (OFA) and Black 2 San Francisco,"San Francisco Human Rights Commission, with JCYC","San Francisco, CA",san-francisco,paid-youth-program,any; law-government; tech-cs,13,24,,paid,Paid; the hourly rate and hours are not posted on the pages read,summer,B2SF is 6 weeks; OFA length not stated on the pages read,closed-expect-reopen,"The 2026 OFA deadline was April 10, 2026. The summer application is closed; 2027 dates are not posted.",,last-year-pattern,True,Ages 13 to 24 who live in or go to school in San Francisco (that is the only rule on the OFA page).,"Create an account on the JCYC Workhub, complete the application and submit before the spring deadline.",https://www.sf.gov/hrc-youth-career-exploration-opportunities,https://www.jcycworkhub.org/programs/ofa,fetched,2026-10-07,Applications are run by JCYC. B2SF and the OFA fellowships share an application with other youth programs. Interest areas decide placement.
sf-pre-register-to-vote,California Pre-Register to Vote (ages 16 and 17),California Secretary of State,California,san-francisco; statewide,civic-government,law-government,16,17,,unpaid,Free,year-round,A few minutes,year-round,Always open.,,rolling,False,California residents ages 16 and 17 who are US citizens and not in prison for a felony or ruled mentally unable to vote by a court.,Fill in the online form at registertovote.ca.gov (linked from the Secretary of State page).,https://www.sos.ca.gov/elections/pre-register-16-vote-18,https://registertovote.ca.gov/,fetched,2026-10-07,"Not a job or internship, but a real civic step. Your registration becomes active when you turn 18. Citizenship is required."
sf-project-pull,Project Pull,SF Public Utilities Commission and partner City departments,"San Francisco, CA",san-francisco,paid-youth-program,engineering; environment; science; business-finance,,,,paid,Paid (rate not posted on the page read),summer,About 8 weeks (per the SFPUC page),closed-expect-reopen,The 2027 timeline on the application page says 'details coming soon'. Dates are not posted.,,unknown,True,San Francisco high school students (there are separate college tracks). The application page says details are coming soon.,Use the High School Internship application page. Questions: sfprojectpull1996@gmail.com.,https://sf.gov/information/project-pull,https://www.sf.gov/apply-internship-project-pull,fetched,2026-10-07,"The pages do not list age, pay or a deadline yet. Check the application page in early 2027."
sf-rec-park-yep,YEP! Youth Employment Program,San Francisco Recreation and Park Department,"San Francisco, CA",san-francisco,paid-youth-program,any; environment; sports,14,17,,paid,Pay not posted on the page read,year-round,Up to 25 hours per week in summer; 10 hours per week in the school year,unconfirmed,No dates posted. Email the program to ask when the next round opens.,,unknown,True,Teens ages 14 to 17 in San Francisco.,Email yep@sfgov.org or call Yuri Ugarte at 415-452-3863.,https://sfrecpark.org/workreation,,fetched,2026-10-07,This page replaced the older Workreation name on the department site. An older listing says applicants need work-permit papers and no citizenship is required.
sf-sfpl-teen-volunteers,SFPL School-Year Teen Volunteers,San Francisco Public Library,"San Francisco, CA",san-francisco,volunteer,any; arts-media; education; law-government; social-impact,,,,unpaid,Unpaid,school-year,Ongoing; some roles start late October or early November,rolling,Rolling. Some positions start late October or early November 2026.,,rolling,False,No minimum age is listed for youth volunteers; if a branch is not on the application form it cannot take volunteers right now.,Fill in the online volunteer form at https://on.sfpl.org/yva,https://www.sfpl.org/teens/volunteer-job-opportunities,https://on.sfpl.org/yva,fetched,2026-10-07,"FOG Readers tutoring takes select volunteers age 15 and up (6 month commitment, needs fingerprinting). The same page lists paid teen jobs: YELL (summer, applications open each March) and the Youth Advisory Board (applications for this year closed Sept 14)."
sf-sfpuc-ssip-cityworks,SSIP CityWorks (Sewer System Internship Program),San Francisco Public Utilities Commission,"San Francisco, CA",san-francisco,paid-youth-program,engineering; environment; trades,,,Starts after 11th grade,paid,Paid (rate not posted),summer,Summer,unconfirmed,No dates posted on the SFPUC page.,,unknown,True,High school students from San Francisco's southeast neighborhoods; internships start after junior year.,"The SFPUC page does not list an application. It says SFUSD students are referred through SFUSD's Career and Technical Education office, so ask them or the SFPUC workforce team.",https://sfpuc.gov/about-us/careers-sfpuc/internships-and-youth-employment,,fetched,2026-10-07,Narrow neighborhood focus (southeast San Francisco). The same SFPUC page also lists YouthWorks and Project Pull.
sf-sfzoo-teen-volunteers,"Teen Volunteer Programs (Nature Trail, Junior Zoologists, Leadership Fellows)","San Francisco Zoo and Gardens, Koret Animal Rescue and Conservation Center","San Francisco, CA",san-francisco,volunteer,education; environment; health; science,12,17,,unpaid,Unpaid. Cost to you: Nature Trail and Junior Zoologists require buying a $40 uniform.,summer,"Nature Trail: Memorial Day weekend to Labor Day, at least 7 days a month. Junior Zoologists: 2 days a month for 6 months. Leadership Fellows: Mon to Fri, 8:15 am to 4 pm, mid June to early Aug (2026: June 15 to Aug 7).",closed-expect-reopen,"Nature Trail applications open each March (the page says 2027 applications open in March). Junior Zoologists and Leadership Fellows were closed on the pages read; 2026 Leadership Fellows group interviews were Apr 25, 2026. No 2027 closing dates posted.",,last-year-pattern,False,Nature Trail: ages 12 to 14. Junior Zoologists: ages 15 to 17. Leadership Fellows: entering grades 10 to 12 in fall 2026 (ages 15 to 17 per the zoo's volunteer page).,"Each track has its own page. Nature Trail and Junior Zoologists include an online interview. Questions: naturetrail@sfzoo.org (Nature Trail), izvolunteer@sfzoo.org (Junior Zoologists), luked@sfzoo.org (Leadership Fellows), or (415) 753-7080.",https://www.sfzoo.org/volunteer/,,fetched,2026-10-07,"Located in San Francisco (a long trip from Sacramento). Applications were closed when checked. The Leadership Fellows page gave 2026 dates, so check for 2027 dates."
sf-ucsf-immunoexplore,UCSF ImmunoExplore Summer Camp,UCSF Immunology Program (ImmunoX),"San Francisco, CA",san-francisco,pre-college,science; health,,,,unpaid,Free,summer,Not stated (summer camp; dates not posted),closed-expect-reopen,"The page says 2026 camper applications are open, but its title still reads Summer Camp 2025 and the summer 2026 camp has already passed. No 2027 dates are posted.",,last-year-pattern,False,"Bay Area high school students who may have limited opportunities to engage with biomedical research, per the page. Grade range and other rules are not stated.",Fill in the Google Form linked from the ImmunoExplore page.,https://immunox.ucsf.edu/community/immunoexplore,https://docs.google.com/forms/d/e/1FAIpQLSeh3fu02ldq5PJF2XT-jWX53DRfOqtvdSpUgOUHQ5cmiCZkCQ/viewform,fetched,2026-10-07,"Re-read the ImmunoX page on 2026-10-07. It is titled Summer Camp 2025 but mentions 2026 applications, so it may be out of date. Grades, camp dates and deadlines are not posted. The apply link is the Google Form linked on the page. Confirm dates and grade range with ImmunoX before applying."
sf-ucsf-sep-hs-intern,UCSF SEP High School Intern Program,UCSF Science and Health Education Partnership,"San Francisco, CA",san-francisco,internship,science; health,,,Rising seniors (current juniors),stipend,"$4,500 paid after completing the program (35 hours a week for 8 weeks)",summer,8 weeks,closed-expect-reopen,"The 2026 application is closed. Last cycle's deadline was Sunday, Feb 8 (the 2026 application). 2027 dates are not posted; fill in the page's interest form to be notified.",,last-year-pattern,True,"Current juniors at an SFUSD high school or an SF public charter school, no exceptions. Grades and science background are not used to pick students; low-income and first-generation college students are encouraged.","Fill in the interest form to hear when the application opens, then submit the online application. About 50 students are interviewed for 25 spots; results come by email in April.",https://sep.ucsf.edu/programs/high-school-students/intern-program/,,fetched,2026-10-07,"The SEP high school programs page says 2025-26 is the final year of a program and that there will be no summer internship for 2026; it is not clear which program that means, while the intern page invites 2027 interest. Confirm with SEP at 415-364-8077."
sf-youth-art-exchange,Youth Art Exchange After-School Programs,Youth Art Exchange (YAX),"San Francisco, CA",san-francisco,leadership,arts-media,,,High school,unpaid,Free,school-year,After school,year-round,Contact YAX for current sessions.,,unknown,False,Mainly public high school students in San Francisco. Programs are free.,Call (415) 574-8137 or email info@youthartexchange.org.,https://www.youthartexchange.org/,,fetched,2026-10-07,Also runs summer camps for grades 3 to 5 and classes for adults. The page does not mention paid internships or exact ages.
sf-youthworks,SF YouthWorks,"City and County of San Francisco, run with JCYC and DCYF","San Francisco, CA",san-francisco,paid-youth-program,law-government; any,,,11 to 12,paid,$19.61 per hour for school-year interns; $20.36 per hour for Youth Leadership Team members,year-round,School-year and summer internships,closed-expect-reopen,"The 2026-27 school-year application is closed (the DCYF newsletter listed Sept 14, 2026). The Youth Leadership Team application is marked coming soon. Summer dates are not posted.",,unknown,True,"11th or 12th graders (rising juniors, rising seniors and graduating seniors) who live in or go to school in San Francisco and can get a work permit. Youth Leadership Team members must have finished a full YouthWorks session.",Create an account and apply through the JCYC Workhub portal. Expect a short application and an interview step.,https://www.jcycworkhub.org/programs/youthworks,,fetched,2026-10-07,"Interns work in City departments such as the SFPUC, the Library and SFO. Former interns can return as paid Youth Leadership Team members. Ask JCYC about work permit help."
sharp-chula-vista-junior-volunteer,Junior Volunteer Program,Sharp Chula Vista Medical Center Auxiliary (Sharp HealthCare),"Chula Vista, CA",san-diego,volunteer,health,14,,9 to 11,unpaid,Unpaid volunteer role,year-round,"Minimum 1 year, 2 to 4 hour shift once a week",open-now,"Application window Oct 1 to Nov 13, 2026 (per the program page). Application packet due 6 p.m. Nov 12, 2026. Teacher evaluation due Dec 11, 2026. Results by email Jan 31, 2027.",2026-11-12,confirmed-2026-27,False,"High school students in grades 9 through 11, at least 14 years old, who have finished 8th grade and have a GPA of 3.0 or higher. Seniors are pointed to the college or adult program after graduation.","Use the 'High school volunteers (junior volunteers)' online application during the window. A follow-up email asks for your transcript and parental consent, then teacher referrals, an interview and orientation.",https://www.sharp.com/volunteers/chula-vista,https://sharpcoro.vsysweb.com/pages/tool/live.webapp:cvjunior,fetched,2026-10-09,"The hospital calls this program highly sought after and competitive, and says onboarding can take up to three months. Health requirements after acceptance include MMR, varicella, Tdap, COVID, flu and TB testing. Contact scv.volunteers@sharp.com or 619-502-3606. The two official pages differ by one day on the close date; use Nov 12 to be safe."
sjpl-teens-reach,Teens Reach (San Jose Public Library teen council),San Jose Public Library,"San Jose, CA (library branches)",silicon-valley; san-jose,volunteer,education; social-impact,13,18,,unpaid,,year-round,,rolling,Each branch has its own sign-up. No single deadline.,,rolling,False,"Ages 13 to 18. You need a strong interest in the library, and you must go to meetings and join in activities.","Find your branch's Teens Reach sign-up on BetterImpact or ask the branch. Volunteer Services: 408-808-2181, volunteer.sjpl@sjlibrary.org.",https://www.sjpl.org/teensreach,,fetched,2026-10-07,"Meeting times differ by branch (for example Rose Garden Thursdays 4 p.m., Almaden Tuesdays 4:30 p.m.). Other SJPL teen roles include Teen Book Reviewer. TeenHQ is at the King Library, 150 E San Fernando. This appears to be the same program as san-jose-public-library-teen-volunteer, and the age range differs between pages (12 vs 13). Confirm with the library."
sjsu-summer-open-university-high-school,SJSU Summer Session (Open University) for High School Students,San Jose State University,"San Jose, CA (online, hybrid and in person)",silicon-valley; san-jose,pre-college,any,,,High school,fee-based,"Price not on the page; ask Summer Session (see SJSU Fees, Payment and Refund)",summer,5 or 10 week sessions (2026: June 1 to Aug 7),closed-expect-reopen,Summer 2026: Open University registration began April 15 and closed July 13. 2027 dates not posted.,,last-year-pattern,False,High school students can register for summer classes through Open University without being admitted to SJSU.,Register as an Open University student using the first-time or returning student steps on the SJSU Summer registration page. Questions: professionaled@sjsu.edu or 408-924-2670.,https://www.sjsu.edu/summer/,,fetched,2026-10-07,"You pay college tuition. The page does not state age, grade or approval rules for high schoolers or the cost, so ask Summer Session. For fall and spring the page points to the Dual Enrollment Program (dualenrollment@sjsu.edu)."
skillsusa,SkillsUSA,SkillsUSA,School chapters,statewide; national,school-pathway,trades; engineering; any,,,Middle and high school,fee-based,Membership dues are not stated on the pages read; ask your CTE teacher.,school-year,School year,year-round,Join through your CTE teacher. No cycle stated.,,rolling,False,"Middle school, high school and college students in career and technical education, in a school chapter. Virtual chapters exist for students without a classroom chapter.","Ask your CTE teacher, or use the 12 Steps to Start a Chapter or Virtual Chapter on skillsusa.org. Phone 844-875-4557, email customercare@skillsusa.org.",https://www.skillsusa.org/about/,,fetched,2026-10-07,Most useful if your school has a trades or tech CTE pathway.
slac-regional-science-bowl-high-school,SLAC Regional High School Science Bowl,SLAC National Accelerator Laboratory (U.S. Department of Energy National Science Bowl),"Menlo Park, CA",silicon-valley; peninsula,pre-college,science; engineering,,,High school,unpaid,,winter,"One day, Feb 27, 2027",open-now,"Registration opened Oct 5, 2026. High school event is Feb 27, 2027 (middle school is Feb 6, 2027). Registration deadline not posted.",,unknown,False,High school student teams registered by a coach or teacher. Team size and cost are not stated on the page.,A teacher or coach pre-registers the team on the National Science Bowl coach site (apps.orau.gov/nsb-coach). You do not need all team details for step one.,https://www6.slac.stanford.edu/science-bowl,,fetched,2026-10-07,"Needs a school team and coach. Volunteer sign-up info is due to be shared by December 2026 (no experience needed). Event is at SLAC, 2575 Sand Hill Road, Menlo Park."
slac-sage-camp,SAGE Camp at SLAC,SLAC National Accelerator Laboratory,"Menlo Park and Palo Alto, CA",silicon-valley; peninsula,pre-college,science; engineering,,,High school,unpaid,Free,summer,1 week (2026: June 21 to 27),closed-expect-reopen,"2026 applications ran Feb 24 to Mar 17, 2026. 2027 dates not posted.",,last-year-pattern,False,"High school students from all backgrounds. The page lists no age, grade or residency limits. Apply on the Kaleidoscope platform.",Apply through the Kaleidoscope platform linked from the SAGE site when the next cycle opens.,https://sage.slac.stanford.edu/,,fetched,2026-10-07,"The page says the camp is free. Whether it is overnight, and the 2027 dates, were not on the page I read. Check the SAGE site in February."
smash-residential,SMASH Residential (UC Berkeley site),SMASH,"Oakland and Berkeley, CA",oakland; berkeley; east-bay,pre-college,tech-cs; science,,,10 and 11 at application,unpaid,Free; tuition-free,year-round,One year with a residential summer,unconfirmed,Application dates for 2026 to 27 are not posted. Join the interest list for updates.,,unknown,False,"Students in grade 10 or 11 with a 3.0 GPA, strong math scores, at a public or scholarship-funded private high school, with strong interest in computer science. Bay Area schools within the radius are preferred.",Join the interest list on smash.org/programs and watch for the application. Contact devo@smash.org.,https://www.smash.org/programs,,fetched,2026-10-07,Based in Oakland (2148 Broadway). SMASH Virtual is a separate online option for a national audience; its cost is not stated. SMASH Morehouse is for males and SMASH Spelman for females.
smccd-dual-enrollment,Skyline College Dual Enrollment (San Mateo County CCD),"Skyline College, San Mateo County Community College District","San Bruno, CA",peninsula; silicon-valley,pre-college,any,,,High school,unpaid-credit,Free,school-year,Per term,rolling,No deadline on the page. Ask your counselor about each term.,,rolling,False,"Students at partner high schools: Jefferson Union HSD, San Mateo Union HSD, South San Francisco USD, Sequoia Union HSD and Gateway charter school. Need a C or better to get college credit.","Sign up through your high school (talk to your counselor), submit the Skyline application on CCCApply, then attend an enrollment workshop to register and get parent approval.",https://skylinecollege.edu/careerandworkforce/dualenrollment.php,,fetched,2026-10-07,"Grades become part of a permanent college record and can affect financial aid and college admission. Contacts on the page: hendrieg@smccd.edu or fuentesa@smccd.edu. Canada College and College of San Mateo run their own dual enrollment pages, not checked here."
smud-hs-internship,SMUD High School Internship Program,SMUD with Sacramento Employment and Training Agency (Sacramento Works),"Sacramento, CA",davis; sacramento; yolo,internship,any; business-finance; engineering; tech-cs; trades,16,,current junior or senior,paid,"$16.90 per hour (2026), about 36 hours per week.",summer,6 weeks (2026: June 22 to July 31),closed-expect-reopen,"2026 cycle: applications opened Mar 23, 2026 and closed May 1, 2026 (5 pm). 2027 dates not posted yet.",,last-year-pattern,True,"16 or older (by June 2 in the 2026 cycle), current junior or senior, 2.5 GPA or higher, attends an eligible school in the service area, no relatives who work for the internship host, own transportation.","Apply on the Sacramento Works site before the deadline. Steps: application review, document check, computer random drawing (55 candidates), work readiness workshops and video interview, manager review, in-person interview. Up to 25 interns are chosen.",https://sacworks.seta.net/?p=187,,fetched,2026-10-07,Questions: SacramentoWorksFor.Youth@seta.net. Random drawing means even qualified students may not be picked. Check the school list on the Sacramento Works SMUD page. Age rule and school-area details come from the 2026 posting; confirm for 2027.
stanford-aimi-summer-research-internship,Stanford AIMI Summer Research Internship,Stanford Center for Artificial Intelligence in Medicine and Imaging (AIMI),"Palo Alto, CA",silicon-valley; peninsula,research,health; tech-cs; science,,,High school,mixed,Not stated on the page,summer,Not stated on the page,opens-soon,"Summer 2027 program. Application opens Nov 10, 2026 and closes Feb 1, 2027. Free online info session Tue Nov 10, 2026, 5 to 6 pm Pacific, open to students and parents.",2027-02-01,confirmed-2026-27,,"High school students, per the page. The page does not state age, grade range, residency or citizenship rules.","Apply when the application opens on Nov 10, 2026 (the page does not describe the form). Attend the free info session on Nov 10, 2026, or RSVP through the page. Questions: aimi-hs-programs@stanford.edu.",https://aimi.stanford.edu/education/summer-research-internship,,fetched,2026-10-07,"Re-read the AIMI page on 2026-10-07. The dates are for the Summer 2027 program. The page does not state pay or cost, length, detailed eligibility or whether the program is in person, so the pay and work-permit answers are not confirmed. Confirm those with aimi-hs-programs@stanford.edu before applying. The Summer Health AI Bootcamp is a separate program on the same site and is not covered here."
stanford-care-explorers,Stanford CARE Explorers: AI x Precision Health,Stanford Center for Asian Health Research and Education,"Palo Alto, CA",silicon-valley; peninsula,pre-college,health; tech-cs; science,14,,"Rising 10th, 11th and 12th graders",fee-based,"2026 fee was $5,500; 2027 fee not announced. Limited need-based aid in 2026.",summer,2 weeks (2026 sessions: June 15 to 26 and July 6 to 17),closed-expect-reopen,2027 dates will be announced in fall 2026. Sign up for announcements.,,unknown,False,"Rising sophomores, juniors and seniors who are at least 14 and can commute daily to the Palo Alto campus. You need a laptop.",Sign up for application announcements on the CARE page; email carehighschoolprogram@stanford.edu.,https://asianhealth.stanford.edu/education/stanford-care-ai-summer-program-high-school-students,,fetched,2026-10-07,"Pay-to-play. Day program, about 9am to 3pm on weekdays. No housing or transportation provided; lunch and snacks included. No application fee waivers in 2026."
stanford-childrens-teen-volunteer,Stanford Medicine Children's Health Teen Volunteer Program,Stanford Medicine Children's Health (Lucile Packard Children's Hospital),"Palo Alto, CA",silicon-valley; peninsula,volunteer,health,,,Teen,unpaid,Unpaid volunteer,year-round,,unconfirmed,Openings and requirements are shown during the online orientation. No dates on the page.,,unknown,False,"Teens. Start with an online orientation, then a scheduled interview; eligible teens get the application link after the interview. Age and schedule rules are given in the orientation.","Start with the online orientation on volunteer.stanfordchildrens.org, then interview. Questions: volunteerservices@stanfordchildrens.org.",https://www.stanfordchildrens.org/en/volunteer/programs.html,https://volunteer.stanfordchildrens.org,fetched,2026-10-07,Minimum age is not stated on the page. Ask the volunteer office.
stanford-grips,Genomics Research Internship Program at Stanford (GRIPS),Stanford Department of Genetics,"Stanford, CA",silicon-valley; peninsula,research,science; health; tech-cs,16,,High school,mixed,Application fee (amount not stated; waived for financial need). Stipend not stated on the page.,summer,"8 weeks, 4 hours a day, 5 days a week (2026: June 15 to Aug 6)",closed-expect-reopen,"2026 cycle: opened Dec 2025, due Feb 28, 2026 at 11:59pm (fee waiver request due Feb 15). 2027 dates not posted.",,last-year-pattern,False,"Live in Alameda, San Francisco, San Mateo, Santa Clara or Santa Cruz County; 16 or older by the start date; unweighted GPA of 3.0 or higher; some biology, chemistry or programming background.","2026 process: email essays, transcripts, resume, science course list and one recommendation letter to grips-program@stanford.edu by the deadline.",https://med.stanford.edu/genetics/education/GRIPS.html,,fetched,2026-10-07,Decisions in 2026 came mid-March to mid-April. The 2027 timing is a guess from last year; check the page in December.
stanford-health-care-teen-volunteer,Stanford Health Care High School Volunteer Program,Stanford Health Care,"Stanford and Palo Alto, CA",silicon-valley; peninsula,volunteer,health,16,,High school,unpaid,Unpaid volunteer,year-round,At least 1 shift per week for 6 months (inpatient roles: 1 year),unconfirmed,The page says to use the portal to see the next application dates. Dates not shown on the page I read.,,unknown,False,"Age 16 or older. Inpatient unit roles need 18. Needs 6 to 8 hours of online training, a background check, a health screening (including a TB test), and orientation within 30 days of selection.",Apply on volunteer.stanfordhealthcare.org. Questions: VolunteerResources@stanfordhealthcare.org or 650-723-7424.,https://stanfordhealthcare.org/for-patients-visitors/volunteering.html,https://volunteer.stanfordhealthcare.org,fetched,2026-10-07,Stanford says this does not count for school clinical-hour needs and has no shadowing.
stanford-medcsi,Stanford Clinical Summer Internship (MEDCSI),Stanford Medicine,"Stanford, CA (also virtual)",silicon-valley; peninsula; virtual,pre-college,health,16,,Rising juniors and seniors,fee-based,"2026 fees: $6,580 on campus, $4,580 virtual, $2,480 for the 10-week fall virtual option. Application fee $95 for summer ($75 fall). Fee waivers for U.S. citizens or green card holders under $80,000 household income or in low-income support programs, limited and first come first served.",summer,2 weeks (2026: July 13 to 24 on campus; July 27 to Aug 7 virtual),opens-soon,"All 2026 programs closed. The page says the next cycle opens Jan 1, 2027; no 2027 deadline posted. Last cycle: Nov 1, 2025 to Feb 9, 2026.",,last-year-pattern,False,"16 by start; strongly suggested to have taken high school biology. Needs transcripts, resume, test scores, essay and a STEM teacher recommendation.","Create an account and apply through the MEDCSI SlideRoom portal when the new cycle opens. Needs transcripts, resume, test scores (if available), essay and a STEM teacher recommendation.",https://med.stanford.edu/medcsi.html,https://med.stanford.edu/medcsi/application.html,fetched,2026-10-07,Pay-to-play and expensive. Fees shown are 2026 prices. No stipend or work experience. The program also admits undergraduate pre-med students.
stanford-pips,Pediatrics Internship Program at Stanford (PIPS),Stanford Medicine Department of Pediatrics,"Stanford, CA",silicon-valley; peninsula; san-francisco; east-bay,research,health; science,16,,Rising juniors and seniors,stipend,"No fee. $3,000 stipend for students who show financial need.",summer,"7 weeks, 30 hours a week (2026: June 8 to July 24)",closed-expect-reopen,"2026 deadline was Feb 23, 2026 (decisions Apr 1, 2026). 2027 dates not posted.",,last-year-pattern,False,"Rising juniors and seniors, 16 or older, unweighted GPA of 3.0 or higher, living in and attending high school in San Francisco, San Mateo, Santa Clara, Marin, Alameda, Contra Costa or Santa Cruz County. You must live with a family member or legal guardian; housing and transportation are not provided.",Apply online through the PIPS portal when the next cycle opens. Check the PIPS page for the next cycle.,https://med.stanford.edu/pediatrics/education/pediatrics-internship-program.html,,fetched,2026-10-07,"About 35 to 40 students are admitted. The page says in person, with some remote work possible. The 2027 timing is a guess from last year."
stanford-pre-collegiate-summer-institutes,Stanford Pre-Collegiate Summer Institutes,Stanford Pre-Collegiate Studies,"Stanford, CA (online courses)",silicon-valley; peninsula; virtual; national,pre-college,any; tech-cs; science,13,19,Grades 8 to 11,fee-based,"2026 tuition $3,200. Application fee $65 (the aid page says $60); waivers on request. Limited need-based aid. Some courses need materials costing up to $100.",summer,"Two weeks, live online (2026: June 15 to 26 or July 6 to 17)",closed-expect-reopen,"2026 deadline was Mar 13, 2026 (decisions mid-May 2026). 2027 dates not posted.",,last-year-pattern,False,Currently in grades 8 to 11 and between 13 and 19 years old during the program dates. Domestic and international students may apply.,Apply online with unofficial transcripts and the application fee; rank up to three courses. Financial aid is a separate form due about a week after the deadline.,https://summerinstitutes.spcs.stanford.edu/,https://summerinstitutes.spcs.stanford.edu/admissions,fetched,2026-10-07,Pay-to-play. Prices and dates are from 2026. The page says to join the mailing list for future dates. Age wording on the admissions page is 'between 13 and 19'.
stanford-simr,Stanford Institutes of Medicine Summer Research Program (SIMR),Stanford School of Medicine,"Stanford, CA",silicon-valley; peninsula,research,health; science,16,,Juniors and seniors (classes of 2027 and 2028 for the 2027 program),unpaid,"Unpaid. Cost to you: the 2026 application fee was $50 (waivable for family income under $80,000). No program cost. Most students get no stipend; a very limited number of need-based stipends exist.",summer,"8 weeks, about 40 hours a week, tentatively June 7 to July 29, 2027",opens-soon,"Application opens Dec 18, 2026 at 5pm Pacific; due late February 2027 (exact date not posted). 2026 deadline was Feb 21, 2026.",,last-year-pattern,False,"Juniors or seniors now (classes of 2027 and 2028), 16 or older by June 2027, living in and attending high school in the U.S., and a U.S. citizen or green card holder. Local Bay Area students are strongly favored. You must live with a family member or guardian.",Online application with transcripts and recommendations. In 2026 the decision date was Apr 10.,https://simr.stanford.edu/,https://simr.stanford.edu/application.html,fetched,2026-10-07,Very competitive. Housing and transportation not provided. Fee and decision date shown are from the 2026 cycle.
stanford-smysp,Stanford Medical Youth Science Program (SMYSP),Stanford School of Medicine,"Stanford, CA",silicon-valley; peninsula; san-jose,pre-college,health; science,,,Current juniors,unpaid,Tuition free. Housing and stipend not stated.,summer,About 5 weeks (2026: June 22 to July 26),closed-expect-reopen,"2026 deadline was March 23, 2026. 2027 dates not posted.",,last-year-pattern,False,Current high school juniors who are low-income and first-generation college students living in Northern California. About 24 students are admitted.,Apply online through the SlideRoom link on the SMYSP page when it opens. Contact: smysp-team@stanford.edu.,https://med.stanford.edu/che/smysp.html,,fetched,2026-10-07,The 2027 timing is a guess from last year.
sunnyvale-youth-volunteer,City of Sunnyvale Youth Volunteer Program,City of Sunnyvale,"Sunnyvale, CA",silicon-valley,volunteer,education; social-impact,13,,,unpaid,,year-round,,rolling,Ongoing. Roles are posted as needed.,,rolling,False,"Age 13 and up. Most roles require volunteers 18 and older to be fingerprinted and cleared first, so ask which roles take teens.","Fill one application: general, library, or recreation and senior center. Volunteer Resources: 408-730-7533.",https://www.sunnyvale.ca.gov/your-government/get-involved/volunteer,,fetched,2026-10-07,Official page read directly. Fill out only one application.
svcte-silicon-valley-career-technical-education,Silicon Valley Career Technical Education (SVCTE),Silicon Valley Career Technical Education (Metropolitan Education District),"San Jose, CA (760 Hillsdale Ave)",san-jose; silicon-valley,school-pathway,arts-media; engineering; food-hospitality; health; tech-cs; trades,,,High school,unpaid-credit,"Not stated. Dual enrollment courses earn college credit. The site links a Schedule of Fees page that was not read, so ask about costs.",school-year,,unconfirmed,Not stated on the pages read. Ask your counselor for enrollment dates.,,unknown,False,The pages read do not list eligibility rules. Shadow Days require your home school counselor's approval. Ask your counselor or call SVCTE about enrollment.,"Talk to your school counselor about enrolling in SVCTE courses. To visit, apply for a Shadow Day through the SVCTE site (your counselor must approve it). Phone (408) 723-6403, Monday to Friday, 7 a.m. to 4 p.m. The site lists Milthon Marquez as Post-Secondary Planning Coach.",https://svcte.metroed.net/,,fetched,2026-10-07,"Re-read the SVCTE home page and the Shadow Days, Dual Enrollment, Internships and Post-Secondary Options pages on 2026-10-07. The homepage lists 22 career technical courses (the old file said more than 24 pathways). Dual enrollment courses are taught by college professors at the high school campus. Shadow Days: after talking to your home school counselor, submit interest on the site; the counselor must approve it, and you get a confirmation 7 days before the visit. Eligibility, costs, deadlines and enrollment dates are not stated on the pages read."
tcsg-dual-enrollment-georgia,Dual Enrollment at Technical College System of Georgia colleges,Technical College System of Georgia (including Atlanta Technical College),"Georgia, including Atlanta Technical College",georgia; atlanta,school-pathway,any,,,9-12 (state funding starts at 10th grade),unpaid-credit,"No tuition, fees or books for the first 30 hours for eligible students. Not a paid job.",year-round,"Fall, spring and summer semesters",rolling,"Each college sets deadlines. Atlanta Technical College lists June 1 for fall, Nov 1 for spring and April 1 for summer (no year stated).",,last-year-pattern,False,"Students at a participating Georgia high school or approved home study program. 11th and 12th graders and returning 10th graders can take any approved course. New 10th graders take career courses, or core courses with the required SAT or ACT score. 9th graders can join but get no state funding.","Get approval from your high school and parent or guardian, apply to the college, and apply for dual enrollment funding at GAfutures.org. Atlanta Tech asks for PSAT, SAT, ACT or Accuplacer scores (a 2.6 HOPE GPA can be used for 11th and 12th graders).",https://www.tcsg.edu/dualenrollment/for-students-parents/,,fetched,2026-10-09,"Atlanta Tech funding rules on its page: 15 funded hours per semester, a 30 hour total, and funding ends after two course withdrawals. Atlanta Tech high school contact: hsadmissions@atlantatech.edu or 404-225-4511. This is a course program, not a job, so no work permit applies."
tech-interactive-teen-holiday-helper,The Tech Interactive Teen Volunteer Program (Holiday Helper),The Tech Interactive,"San Jose, CA",san-jose; silicon-valley,volunteer,science; education; tech-cs,,,Teen,unpaid,,winter,"Nov 23, 2026 to Jan 3, 2027",opens-soon,"Applications open Oct 9 to Oct 23, 2026.",2026-10-23,confirmed-2026-27,False,Teens. The page states no minimum age or other rules.,Apply through the volunteer hub during the window. Questions: volunteer@thetech.org or 408-294-8324.,https://www.thetech.org/support-us/volunteer,,fetched,2026-10-07,Very time-sensitive: the window is two weeks. Check with the museum about age rules before applying.
texas-childrens-north-austin-summer-junior-volunteer,Summer Junior Volunteer Program (North Austin),Texas Children's Hospital North Austin,"Austin, TX",austin,volunteer,health,15,17,Enrolled in high school for the following school year,unpaid,Unpaid volunteer program,summer,"About 4 weeks, Monday to Thursday 8:00 a.m. to 4:30 p.m. (June 1 to June 25 in 2026)",closed-expect-reopen,"The 2026 application opened Monday Feb 9 and closed Friday Feb 13, 2026 at 5:00 p.m. 2027 dates are not posted.",,last-year-pattern,False,High school students who are at least 15 by June 1 of the program year and enrolled in high school for the next school year. The flyer describes the program as ages 15 to 17.,"Complete the online application, upload two recommendation letters from two different references, and upload your most recent report card. Accepted volunteers must show vaccine records (MMR, varicella, Tdap) and a negative TB test, and attend mandatory orientation on the first two days.",https://www.texaschildrens.org/sites/tc/files/uploads/documents/volunteer/ATX%202026%20Summer%20Junior%20Volunteer%20Program.pdf,,fetched,2026-10-09,"The flyer calls the program prestigious and highly sought-after, so expect competition. Up to two absences are allowed and there are no weekend or make-up shifts. Questions: ATXNCVolunteerServices@texaschildrens.org or 737-229-3388. Check the Texas Children's volunteer pages for the 2027 flyer."
travis-county-syep,Summer Youth Employment Program (SYEP),Travis County Health and Human Services with Austin Public Health,"Austin, TX",austin,paid-youth-program,any,14,18,Middle school or high school,paid,Paid work experience; hourly rate not stated on the program page,summer,not stated,closed-expect-reopen,Summer 2026 applications are closed and the page is labeled Expired. 2027 dates are not posted; the county has a 2027 interest form to get notified when applications open.,,unknown,,"Must be 14 to 18 (14 by April 1) and in middle or high school, and must live and/or attend school in Travis County. Teens with disabilities can apply up to age 22. Other factors such as household income may also be considered.","Fill out the online application (Jotform) and upload a Social Security card and a school ID or recent report card. Eligible applicants are invited to a mandatory job readiness training, then matched to a host site if space allows. Applying does not guarantee a placement.",https://www.traviscountytx.gov/health-human-services/children-and-youth/syep,,fetched,2026-10-09,"Phone 512-854-4590. Pay rate, hours and program length are not stated on the page. The page does not mention a work permit. Texas rules for 14 and 15 year olds limit hours (see Texas Workforce Commission child labor page)."
tri-valley-rop,Tri-Valley ROP (Regional Occupational Program),Tri-Valley ROP,"Livermore, CA",east-bay; alameda,school-pathway,trades; health; tech-cs; engineering; education; law-government,,,9 to 12,unpaid-credit,Free classes; you earn high school elective credit (many satisfy a-g requirements),school-year,,closed-expect-reopen,Registration for the 2026-2027 school year is closed. Talk to your school's College and Career Specialist or counselor.,,unknown,False,"High school students in Dublin Unified, Livermore Valley Joint Unified or Pleasanton Unified school districts.",Sign up through your high school's regular class registration; your school's College and Career Specialist finishes the ROP signup. Phone (925) 455-4800.,https://www.tvrop.org,,fetched,2026-10-07,"You must arrange your own transportation to off-site classes. Classes run at six high schools and Las Positas College, during the school day and after school."
trybe-oakland-summer-jobs,Trybe Summer Jobs and Paid Internships (East Oakland),"Trybe, Inc.","Oakland, CA (1701 E 19th St)",oakland,paid-youth-program,any,,,,paid,"City of Oakland's 2026 list says paid, 100 hours, at least Oakland minimum wage. Trybe's own 2022 posting said $15.06 per hour (old).",summer,About 100 hours,unconfirmed,No current dates posted. The old 2022 posting took applications until May 31.,,unknown,True,Current rules are not posted. Older postings (2022) said 16 and up with photo ID; confirm with the program.,Call (510) 985-9915 or email info@oaklandtrybe.org. Trybe also has a Jobs/Internships page on its site.,https://oaklandtrybe.org,,fetched,2026-10-07,Trybe's free summer camp is for kids 0 to 14; the paid youth internship is separate and the summer page shows only a flyer with no details. Call to ask about 2027. Do not confuse oaklandtrybe.org with trybe.org.
uc-davis-health-volunteen,Summer VolunTEEN Program,UC Davis Health Volunteer Services,"Sacramento, CA",sacramento; davis,volunteer,health,16,,,unpaid,,summer,"8-week program, 6-week minimum (2026: June 15 to Aug 7)",closed-expect-reopen,"2026 cycle: application completion deadline May 4, 2026 (first come, first served). 2027 dates not posted yet.",,last-year-pattern,False,"Must be 16 by the program start (June 15 in 2026). Two references (at least one from a school mentor), signed parent consent form, English fluency, proof of MMR, varicella and Tdap shots, and TB testing. The page names no upper age limit.","Register in the UC Davis Health VolunTEEN portal, finish all health clearance items, and submit references. Questions: 916-734-2401 or volunteer.services@health.ucdavis.edu.",https://health.ucdavis.edu/volunteer/opportunities/summer-volunteen-program,https://ucdhealth.samaritan.com/custom/501/opp_details/536,fetched,2026-10-07,"Located at the Sacramento medical campus (Davis II Building, 2420 Stockton Blvd). Health clearances (MMR, varicella, Tdap, TB test) take time, so start early. Spots are limited and filled first come, first served."
uc-davis-mmi-hs-internship,UC Davis Medical Microbiology and Immunology high school research internship,UC Davis School of Medicine with DJUSD and Esparto CTE,"Sacramento, CA",davis; yolo; sacramento,internship,health; science,,,high school,unpaid,The DJUSD CTE page says its internships are unpaid. The UC Davis article does not mention pay.,spring,10 weeks (2025 cohort: Mar 18 to May 22),unconfirmed,"2026-27 cohort not confirmed. Last known cohort ran Mar 18 to May 22, 2025.",,last-year-pattern,False,"Students in career programs at Davis Senior High, MLK Jr. High, Da Vinci Charter Academy and Esparto High (2025 cohort). Through DJUSD, students are matched to internships by the Internship Specialist.","Ask your school's CTE teacher or the DJUSD Internship Specialist (Alexha Contreras, 530-757-5400 ext 170). The DJUSD list shows a UC Davis Center for Valley Fever internship in spring.",https://health.ucdavis.edu/patients-visitors/news/headlines/yolo-county-high-school-students-gain-hands-on-experience-in-uc-davis-research-labs/2025/07,,fetched,2026-10-07,Based on a July 2025 UC Davis Health news story and the DJUSD CTE internship list. There is no UC Davis application page. Confirm that it runs in spring 2027.
uc-davis-summer-pre-college,Summer at UC Davis Pre-College Program,UC Davis Continuing and Professional Education,"Davis, CA",davis; yolo; sacramento,pre-college,health; science; engineering; business-finance,,,rising 9 to 12,fee-based,"2025 tuition was $6,985 plus a $100 application fee (includes dorm and meals). 2027 price not posted yet.",summer,about 2 weeks per session (2025: July 7 to 18 and July 21 to Aug 1),closed-expect-reopen,"2025 cycle deadline was May 16, 2025 (the fee page still shows 2025). 2027 dates not posted yet.",,last-year-pattern,False,"High-achieving high school students. No minimum GPA. Admission is first come, first served once your application is complete. No academic credit.","Fill out the online application, two short-answer questions, and pay the application fee. Transcript and personal statement are optional but helpful.",https://discoveryprograms.ucdavis.edu/summer-uc-davis/apply,,fetched,2026-10-07,"Expensive. The program moved to a new website (discoveryprograms.ucdavis.edu), and the fee page still shows 2025 numbers, so confirm the 2027 price and deadline. Age rule differs between UC Davis pages: other UC Davis pages say ages 16 to 18. A $1,500 deposit is due at enrollment. The apply page says a decision takes about 10 business days after your application is complete."
uc-davis-upward-bound,UC Davis Upward Bound,UC Davis School of Education,"Sacramento area, CA",sacramento; davis,school-pathway,education; any,,,high school,unpaid,No fee listed on the page. Confirm with the program.,year-round,school year plus summer,rolling,No deadline posted. Check with an Upward Bound advisor at your school.,,unknown,False,"High school students at partner schools in Sacramento, Solano, Shasta and Siskiyou counties who are low income or whose parents did not attend college.","Get an application from the Upward Bound advisor at your school (Shasta County students ask the GO Center). Send student info and a short essay, a parent-signed eligibility form and two recommendation letters back to the advisor. Questions: eduadvising@ucdavis.edu or 530-752-5887.",https://education.ucdavis.edu/upward-bound,https://education.ucdavis.edu/upward-bound-join,fetched,2026-10-07,"Only available at partner schools. Federally funded TRIO program for low-income or first-generation students. No fee or stipend is listed on the pages read, so ask."
uc-davis-young-scholars-program,Young Scholars Program (YSP),UC Davis School of Education,"Davis, CA",davis; yolo; sacramento,research,science; environment; health,16,17,rising 11 to 12,fee-based,"2026 program cost $7,750 (housing, meals and 5 units of credit included). Application fee $45 in 2026. Fee reduction and application fee waiver available.",summer,6 weeks (2026 dates: June 21 to Aug 1),closed-expect-reopen,"2026 cycle: applications Jan 1 to Mar 1, 2026, teacher references by Mar 3. 2027 dates not posted yet.",,last-year-pattern,False,Rising junior or senior. Must be 16 by the first day and not turn 18 before the last day. Must be a permanent US resident living and attending school in the US. Two teacher references needed (one must be a science teacher).,"Apply in the YSP portal between Jan 1 and Mar 1. Submit grades, activities, essays and two teacher references. Ask for fee reduction by the deadline if you need it.",https://education.ucdavis.edu/young-scholars-program,https://education.ucdavis.edu/ysp-application,fetched,2026-10-07,"Very competitive (about 40 students). Residential, so you live on campus. Late and incomplete applications are not accepted. Application fee waivers are given on request. Contact ysp@ucdavis.edu."
uc-scout,UC Scout Online High School Courses,University of California (UC Santa Cruz),Virtual,statewide; virtual,school-pathway,any,,,High school,mixed,Fees vary by course; the site mentions free options for CA public schools and scholarships (prices not on the home page),year-round,Self-paced,rolling,"Fall 2026 enrollment is open (as of Oct 7, 2026).",,rolling,False,High school students looking to get ahead or recover credit. The site mentions free options for California public schools and scholarship applications for eligible students.,"Enroll from the courses page, ask your school counselor about school-paid seats, or call (408) 450-4962.",https://www.ucscout.org/,,fetched,2026-10-07,"This is coursework, not a job. Included because many teens use it to free up schedule time for jobs and internships."
uci-cosmos,COSMOS at UC Irvine (California State Summer School for Mathematics and Science),"University of California, Irvine (COSMOS)","Irvine, CA",orange-county,pre-college,science; engineering; tech-cs,,,8 to 12,fee-based,"Fee-based residential program. The 2027 cost is not stated on UCI's page, so check the COSMOS site for the current fee.",summer,"4 weeks, residential (2027 session dates TBA)",opens-soon,"Statewide COSMOS dates: application opens Jan 6, 2027 at 8:00 AM and closes Feb 5, 2027. Financial aid forms postmarked by Feb 6, 2027. Decisions Mar 25, 2027. UCI's own pages still show 2026 dates, so confirm there.",2027-02-05,confirmed-2026-27,False,"California high school students in grades 8 to 12, per the COSMOS application site. A GPA of 3.5 or above is typical.","Online application with a personal statement, teacher recommendation(s), transcripts and a parent or guardian e-signature, plus the application fee. You choose one campus and cluster. Pay one-third of tuition by Apr 7, 2027 and the rest by Apr 16, 2027 if accepted.",https://cosmos.uci.edu,https://cosmos-ucop.ucdavis.edu/,fetched,2026-10-09,Competitive: about 160 to 200 students per campus. UCI says the 2027 application will be available in January 2027 and to watch for info sessions in December. Students must live on campus for the full program. COSMOS runs on several UC campuses; this card is the UC Irvine campus.
uci-health-high-school-volunteer,UCI Health High School Volunteer Program,UCI Health (UCI Medical Center),"Orange, CA",orange-county,volunteer,health,16,,,unpaid,Unpaid.,year-round,"One 3-hour shift a week, Monday to Friday 4 to 7 p.m., minimum 75 hours",closed-expect-reopen,"Volunteer applications are currently closed. The page says it is under construction and will be back soon, with no date.",,unknown,False,"High school students ages 16 and over. Selection looks at your application, your ability to keep the weekly schedule, past community service, and your education and career interests.",The page does not describe the application steps. Email ucimcvolunteer@uci.edu or call 714-456-5541 to ask when applications reopen.,https://www.ucihealth.org/volunteer/high-school-students,,fetched,2026-10-09,"Requires a physician-signed medical clearance with immunity proof (measles, mumps, rubella, varicella), Tdap, hepatitis B series, COVID-19 vaccine with booster, flu shot in season, and a negative TB blood test within 90 days of your start date. Also a three-hour orientation. "
ucla-summer-sessions-precollege,UCLA Summer Sessions for high school students,UCLA Office of Summer Sessions,"Los Angeles, CA",los-angeles,pre-college,any,,,,fee-based,Fee-based. Ask UCLA Summer Sessions for current fees. Scholarship programs described on the page include BASE and Summer Scholars Support.,summer,Focus Series: 3 weeks; other formats vary (2026 sessions ran June 22 to July 31),unconfirmed,Summer 2026 enrollment is closed. Summer 2027 programs and dates are not posted yet; the site offers a sign-up for 2027 updates.,,unknown,False,"High school students. The Summer Precollege Focus Series requires being at least 15 by the first day of Summer Sessions, and some programs set older ages. Regular summer courses must come from a pre-approved high school list.","Apply or enroll through each program page on summer.ucla.edu. California students in grades 9 to 11 can apply for Summer Scholars Support (need and merit scholarships), and 10th and 11th graders from under-resourced California communities can apply for BASE, a free 6-week online course with a UCLA mentor.",https://summer.ucla.edu/student-types/high-school-students/,,fetched,2026-10-09,Out-of-state and international students cannot receive UCLA Summer Sessions financial aid. Exact program prices were not found; use UCLA's fee calculator before applying.
ucr-trio-upward-bound-and-talent-search,UCR TRIO Pre-College: Upward Bound and Educational Talent Search,UC Riverside TRIO Pre-College Programs,"Riverside, CA",inland-empire,pre-college,any,,,Upward Bound: 9 to 10,mixed,Free to join. Only Upward Bound summer participants receive a stipend (amount not stated).,year-round,"Year-round support; UB summer program is 6 weeks (5 weeks bused to campus, final week in residence halls)",rolling,No deadline posted. Apply with the interest form or ETS application.,,rolling,,"Students at participating schools. Upward Bound: freshmen or sophomores at Moreno Valley, Perris, Rubidoux, Banning, Norte Vista, Ramona, Bloomington, Colton or Eisenhower High School. Talent Search: Arroyo Valley, Indian Springs, Pacific, San Bernardino or San Gorgonio High. Both need a 2.5 GPA, U.S. citizenship or permanent residency, low income and/or first generation, and interest in college.",Upward Bound: fill out the interest form on the page to receive an application. Talent Search: fill out the ETS application and give it to your school's ETS contact or email ets@ucr.edu; phone (951) 827-7863.,https://trioprecollege.ucr.edu/,,fetched,2026-10-09,Only students at the listed schools qualify. The page does not list grade levels for Talent Search.
ucsd-cosmos-summer-school,COSMOS at UC San Diego,UC San Diego (Jacobs School of Engineering) / California State Summer School for Mathematics and Science,"La Jolla, CA",san-diego,pre-college,science; engineering; tech-cs,,,Completing grades 8 to 12,fee-based,"2026 program cost $5,518 (housing, meals, field trips) plus a $46 application fee. Financial assistance form available for California residents. Amounts for 2027 not posted.",summer,4 weeks (2026: July 5 to July 31),opens-soon,"2027 applications open Jan 6, 2027 at 8 a.m. and close Feb 5, 2027 at 11:59 p.m. The program says no exceptions to the deadline.",2027-02-05,confirmed-2026-27,False,Motivated students completing grades 8 through 12 with strong interest and achievement in math and science. In 2026 the in-person program was limited to California residents. Students can attend COSMOS only once.,"Online application through the COSMOS portal: choose UCSD, rank two clusters and write an essay for each, one or two online recommendations from a math or science teacher, current and prior-year transcripts, and the application fee.",https://jacobs.ucsd.edu/cosmos/how-to-apply,,fetched,2026-10-09,"2027 dates come from the statewide COSMOS site; the UCSD page still shows 2026 dates. Fees shown are for 2026. 2026 rules asked for proof of COVID vaccination and a negative test; check whether that still applies. If admitted, a non-refundable deposit of one third of tuition holds your spot."
ucsd-sports-medicine-summer-academy,Sports Medicine Summer Academy (Research Scholars),UC San Diego Division of Extended Studies,"La Jolla, CA",san-diego,pre-college,health; sports,,,Rising 11th and 12th grade,fee-based,"$3,500 for the July 2026 session (commuter only; no housing or transportation). A hybrid fall session cost $2,000.",summer,"3 weeks, weekdays 9:30 a.m. to 2:30 p.m. (2026: July 6 to July 24)",unconfirmed,"2026 summer enrollment closed June 26, 2026; fall 2026 enrollment closed Sept 21, 2026. Summer 2027 dates not posted; you can sign up for notifications on the program page.",,last-year-pattern,False,Incoming 11th and 12th graders with a cumulative GPA of 3.3 or better who are interested in sports medicine. No application is needed; you enroll directly.,Enroll directly on the Extended Studies registration page (add the course to your cart). No application or essay. Questions: precollege@ucsd.edu.,https://researchscholars.ucsd.edu/currentprograms/som/index.html,,fetched,2026-10-09,"Earns 3 to 6 UC pre-college units. UCSD's Research Scholars also offers life sciences and marine science courses; its older Academic Connections summer program was canceled for 2026. Marine science fall 2026 application closed Sept 17, 2026."
ucsf-health-volunteer-bch-oakland,UCSF Health Volunteer Program (includes BCH Oakland campus),UCSF Health / UCSF Benioff Children's Hospitals,"Oakland, CA (BCH Oakland) and San Francisco",oakland; east-bay; san-francisco,volunteer,health,16,,,unpaid,,year-round,One weekly 3 to 4 hour shift for 6 months,unconfirmed,"Page update dated Sept 22 (year not stated): registration opens Tuesday Oct 13 at 9:30am only for two high-need SF programs. Other opportunities, including others at BCH Oakland, are listed as full.",,unknown,False,"Age 16 or older. You must be 18 to volunteer in pediatric inpatient units or the Emergency Department. Minimum 6 months, one 3 to 4 hour weekday shift each week.","Attend a virtual info session, in-person group interview, online training and health clearance (background check if 18+). Volunteer Services (415) 502-9888.",https://volunteering.ucsfmedicalcenter.org/volunteer-requirements,,fetched,2026-10-07,"The Oct 13 opening is for Parnassus and Mt. Zion or Mission Bay programs in San Francisco, not Oakland. UCSF says it cannot take new volunteers for other roles right now. Under 18 needs a parent at the health clearance visit. No high school summer program was found on the official pages."
umd-esteem-ser-quest,ESTEEM/SER-Quest Summer Program,"A. James Clark School of Engineering, University of Maryland (Center for Minorities in Science and Engineering)","College Park, MD",college-park,research,engineering; science,,,Rising 12th grade,unpaid,No cost to students selected (stated on the page). No stipend is stated.,summer,"4 weeks (Jul 7 to Jul 31 in 2026), commuters only",closed-expect-reopen,"2026 cycle: application deadline Mar 29, 2026; teacher recommendations due Apr 9, 2026; program Jul 7 to Jul 31, 2026. 2027 dates not posted.",,last-year-pattern,False,"Rising 12th graders with at least a 3.2 GPA and no C's in math or science, who finished Trigonometry, Chemistry and Pre-Calculus with a B or better, want to study engineering at UMD, and can attend full time for all 4 weeks.","Online application with an essay and resume, two teacher recommendations (one math, one science), and a virtual interview with the student and a parent or guardian.",https://eng.umd.edu/cmse/pre-college-programs/esteem-ser-quest,,fetched,2026-10-09,"The page says taking part does not guarantee admission to UMD. No housing is offered. A free program, not a job, so no work permit."
umd-terp-young-scholars,Terp Young Scholars,"University of Maryland, College Park (Extended Studies)","College Park, MD",college-park,pre-college,any,13,,Rising 10th grade through graduating 12th grade,fee-based,"2026 package fee: $1,791 campus option or $1,420 online option (3 credits, tuition and fees). Also a $75 application fee and a $275 program deposit that is credited to the bill. Partial scholarships, none above 30% of the package fee.",summer,3 weeks (Jul 13 to Jul 31 in 2026),closed-expect-reopen,Application window dates are not stated on this page. The page says the application for this year is currently closed.,,last-year-pattern,False,Page lists rising 10th through graduating 12th grade; minimum age 13 and the 3.0 GPA rule are not stated on this page.,"Pick a course and the campus or online option, then apply online with a transcript, health insurance card and card payment for the application fee and deposit. No essays or recommendations.",https://exst.umd.edu/pre-college-programs/terp-young-scholars,https://exst.umd.edu/pre-college-programs/terp-young-scholars/apply-domestic-applicants,fetched,2026-10-09,"Costs shown are the 2026 prices; 2027 prices are not posted. Commuter program: no campus housing except the business course BMGT262. The grade posts to a UMD college transcript. Not a job, so no work permit."
umn-arboretum-counselor-in-training,Teen Counselor-in-Training (CIT) program,University of Minnesota Landscape Arboretum,"Chanhassen, MN",twin-cities,leadership,environment; education,12,15,,fee-based,"One-time $100 registration fee (orientation, training, t-shirt, certificate, supplies); financial aid available for students who qualify for free or reduced school lunch. CIT service is volunteer time.",summer,Flexible half or full days over the summer,closed-expect-reopen,Applications for 2026 are closed. The page says to check back in January 2027 for the next session; an info session is held each February and the 2026 orientation was June 12.,,last-year-pattern,False,"The page title says ages 12 to 15 (the University youth programs list says 12 to 16). Applicants attend a February info session, interview, and a mandatory one-day orientation in June.","Attend the free virtual info meeting in February, get the application, sign up for an interview, pay the fee if accepted, then attend orientation. Call 612-301-1210 for questions.",https://arb.umn.edu/learn/cit,,fetched,2026-10-09,Good first leadership experience for younger teens. Volunteer hours can be logged.
umn-connected-automated-vehicles-camp,Connected and Automated Vehicles (CAV) Camp,"University of Minnesota, Minnesota CAV program","Minneapolis area, MN",twin-cities,pre-college,engineering; tech-cs,,,Students entering grades 10 to 12,unpaid,Free to attend; lunch is provided,summer,"One week, day camp",closed-expect-reopen,Information about the 2027 camp will be available in early 2027.,,unknown,False,"Students entering grades 10 to 12 with an interest in automotive tech, manufacturing, engineering, planning or robotics. Space is limited to 20 students.",Application instructions for 2027 are posted early in 2027 on the camp page.,https://mncav.umn.edu/outreach/cavcamp,,fetched,2026-10-09,Competitive: 20 spots. Day camp; the page does not mention transportation.
umn-national-summer-transportation-institute,National Summer Transportation Institute (NSTI),University of Minnesota Center for Transportation Studies,"Minneapolis area, MN",twin-cities,pre-college,engineering; science,,,Students entering grades 7 to 9,unpaid,Free two-week day camp,summer,"Two weeks, day camp",closed-expect-reopen,Dates and application instructions for the 2027 camp will be announced in early 2027.,,unknown,False,"Students entering grades 7 to 9 with a cumulative GPA of at least 2.0, who have completed or can enroll in pre-algebra and are interested in engineering, science, transportation or technology.",Application information for 2027 is posted early in 2027. Selection process details are on the camp's admission decisions page.,https://www.cts.umn.edu/education/k-12/nsti,,fetched,2026-10-09,For younger teens. The University's youth programs list shows ages 13 to 16 for this camp.
unc-explore-unc,Explore@UNC,UNC-Chapel Hill Summer School,"Chapel Hill, NC",triangle,pre-college,any,,,"Entering 9th, 10th, 11th or 12th grade in fall 2027",fee-based,$625 per student per week (includes a $50 non-refundable registration and placement fee); some tracks may add a $25 activity fee; lunch and snacks included. Need-based aid for permanent NC residents who are rising seniors.,summer,"1 week. 2027 weeks: June 14-18, June 21-25, June 28-July 2, July 12-16. Commuter only, no residential option.",unconfirmed,"Pre-registration runs mid-December 2026 through mid-January 2027; placement notices early February 2027; financial aid paperwork due January 28, 2027.",,confirmed-2026-27,False,"Students entering grades 9 to 12 in fall 2027, at a high school or homeschooled. Not open to 8th grade or below or to graduates.",Pre-register online (interest form on the Explore@UNC pages). Pre-registering improves placement chances. Payment details come after placement.,https://summer.unc.edu/exploreunc/,,fetched,2026-10-09,Families must have a local trusted contact. A temporary drop-off pass is $25 for the week and all-day parking is the family's cost. UNC also lists dual enrollment as a visiting student for rising seniors (see summer.unc.edu/dual-enrollment/); its cost was not read. Questions: explore@unc.edu.
union-city-youth-commission,Union City Youth Commission,City of Union City,"Union City, CA",east-bay; alameda; fremont,civic-government,law-government; social-impact,,,7 to 12,unpaid,,school-year,August to May,closed-expect-reopen,"The page lists applications from February 1 to April 1, interviews in April and appointments in May. It gives no year, so treat this as last year's pattern.",,last-year-pattern,False,Students in grades 7 to 12 who live in or go to school in Union City.,"Submit an application between February 1 and April 1, then interview in April.",https://www.unioncityca.gov/650/Youth-Commission,,fetched,2026-10-09,"Follow @UCTeens on Instagram for events, per the city page. The program runs out of the Kennedy Youth Center."
us-senate-page-program,U.S. Senate Page Program,U.S. Senate (nominated by a Senator),"Washington, DC",national; statewide,civic-government,law-government,16,17,11 (semester); rising 11 or 12 (summer),paid,"$35,360 per year, prorated",school-year,"Spring 2027 session: Jan 24 to June 4, 2027. Summer 2027 dates to be announced.",opens-soon,"Padilla's office: opens Oct 13, 2026, closes Oct 26, 2026 for the Spring 2027 session.",2026-10-26,confirmed-2026-27,,"US citizen (the Senate application guide also mentions permanent residents; ask the office) with a Social Security number. Must be 16 or 17 at appointment, a junior (semester) or rising junior or senior (summer), with a 3.0 GPA and health forms. Needs a Senator's sponsorship. Senator Padilla sponsors California residents only.","Send a cover letter, resume, recent transcript and two recommendation letters to Senator Padilla's office at Page_Program@padilla.senate.gov. Other Senate offices have their own rules; the central Page Program does not take applications.",https://www.padilla.senate.gov/senate-page-program/,,fetched,2026-10-07,"Only about 30 positions in the whole Senate. Pages pay their own travel to and from Washington, DC. The job is in DC, so a California work permit likely does not apply; ask the office. Moving to DC for a semester is a big step for a family."
us-senate-youth-program,United States Senate Youth Program,"Hearst Foundations, with the California Department of Education","Washington, DC",national; statewide,leadership,law-government,,,Juniors and seniors (rising juniors and seniors may apply),stipend,"$12,500 college scholarship; travel, hotel and meals paid by the Hearst Foundations",spring,"Washington Week March 6 to 13, 2027",open-now,"California's deadline for the 2027 program is October 7, 2026 (today, as of this check). If you miss it, the next cycle is expected in fall 2027. States must report delegates by Dec 1, 2026.",2026-10-07,confirmed-2026-27,False,"High school juniors or seniors holding an elected or appointed leadership office this school year, such as student body or class officer. Must be a US citizen or green card holder and live in California. Get the application from your principal, counselor or social studies teacher, or the state contact.","Ask your principal or counselor for the application, or email the California coordinator at ussyp@cde.ca.gov (California Department of Education, Sacramento).",https://ussenateyouth.org,,fetched,2026-10-07,"Very competitive. Clubs, debate, Model UN, jobs and self-made groups do not count as qualifying offices. The CDE page was blocked by a bot check, so the coordinator name and contact are from the USSYP site only. If you are a junior now, plan for next fall."
usc-summer-programs-pre-college,USC Summer Programs (pre-college),"University of Southern California, Summer Programs","Los Angeles, CA",los-angeles,pre-college,any,,,Completed 9th grade or higher,fee-based,"2026 total for domestic students: $8,130 commuter or $11,570 residential. That adds tuition $7,401, course materials $300, program fee $325 and health center $104; residential adds $3,440 room and board. Also a $85 nonrefundable application fee and a $1,000 deposit that counts toward the total.",summer,"Four weeks, 9 a.m. to 3:30 p.m. each class day (2026 classes began June 22)",closed-expect-reopen,2026 deadlines were May 8 for domestic and March 13 for international applicants. 2027 dates and prices are not posted.,,last-year-pattern,False,High school students who have completed ninth grade by the start of the program and are pursuing a rigorous curriculum. Domestic and international students may apply.,Online application with the $85 fee. Email summer@usc.edu with questions.,https://precollege.usc.edu/,,fetched,2026-10-09,"Expensive. The admissions page read does not describe financial aid, so ask summer@usc.edu. The prices and dates above are the 2026 numbers and may change for 2027."
uss-hornet-volunteer-16-plus,USS Hornet Museum Volunteer (ages 16 and up),"USS Hornet Sea, Air and Space Museum","Alameda, CA",alameda,volunteer,engineering; trades; education,16,18,,unpaid,,year-round,"Set weekly shifts, for example Wed and Sat 8:30 to noon (aircraft), Tue and Sat (ship), first Saturday monthly (radio)",rolling,Rolling,,rolling,False,"Ages 16 and up for aircraft restoration, ship restoration, radio, community outreach and visitor services (16 and 17 year olds work with an adult). Collections: 18 and up. Docents, events, security: 21 and up.",Apply at volgistics.com/appform/1737643431 or call (510) 521-8448 ext. 243.,https://uss-hornet.org/volunteer,https://www.volgistics.com/appform/1737643431,fetched,2026-10-07,"Ship work involves climbing ladders and tight spaces. Another museum page lists overnight programs for groups, but no teen intern program."
ut-austin-csr-sees-internship,SEES (STEM Enhancement in Earth Science) Summer High School Intern Program,UT Austin Center for Space Research with NASA and the Texas Space Grant Consortium,"Austin, TX",austin; national,internship,science; engineering; tech-cs,16,,Current sophomore or junior,fee-based,"No stipend. Free for scholarship recipients and for virtual participation; paid participants pay $2,000 tuition (meals, housing, tours and local travel included, travel to Austin not included). Travel scholarships are available.",summer,Online work in June and July plus a 2-week on-site session in Austin (July 5-18 in 2026),closed-expect-reopen,"2026 deadline: February 22, 2026 at 8:00 p.m. PT, no late applications. 2027 dates are not posted; the page says future funding is not guaranteed.",,last-year-pattern,False,"Current high school sophomores or juniors who are 16 by July 5 of the program year, interested in STEM, and U.S. citizens. Past SEES interns cannot repeat.","Apply online at spacegrant.net/apps/sees: essays (maximum 250 words per response), a short intro video (submit the link), an unofficial transcript or report card, and a recommendation form. Travel scholarships are available and do not affect your selection.",https://www.csr.utexas.edu/sees-internship/,https://spacegrant.net/apps/sees,fetched,2026-10-09,"Very competitive: about 2,000 applications and 215 accepted in 2024 (FAQ). It is an educational internship, not a paid job."
ut-cockrell-longhorn-engineering-summer-camp,Longhorn Engineering Summer Camp (LESC),"Cockrell School of Engineering, The University of Texas at Austin","Austin, TX",austin,pre-college,engineering; science,,,Rising 8th and 9th graders,fee-based,"$75 commitment fee for Austin participants, collected only after acceptance (day camp, no lodging)",summer,4 days (Austin sessions June 8-11 and July 6-9 in 2026; both were full),closed-expect-reopen,"Registration for 2026 closed March 12, 2026 at 11:59 p.m. 2027 dates are not posted.",,last-year-pattern,False,"Students entering 8th or 9th grade. A panel reviews applications (not first come, first served), and students who attend schools without engineering or STEM offerings are encouraged to apply. Houston and San Antonio sessions are by invitation only.",Register through the camp page; you are notified by email by mid-May. Questions: cseoutreach@utexas.edu.,https://cockrell.utexas.edu/connect/k-12-outreach/longhorn-engineering-summer-camp/,,fetched,2026-10-09,For younger teens (about 13 to 15). Both 2026 Austin sessions are listed as full.
ut-cockrell-mite-engineering-camp,My Introduction to Engineering (MITE),"Cockrell School of Engineering, The University of Texas at Austin","Austin, TX",austin; national,pre-college,engineering; science,,,Current high school juniors,fee-based,"$200, paid only after acceptance (students stay in a campus residence hall)",summer,5 days (June 21-25 and July 12-16 in 2026),closed-expect-reopen,"Applications for MITE 2026 closed March 1, 2026 at 11:59 p.m. 2027 dates are not posted.",,last-year-pattern,False,"Current high school juniors with a strong interest in engineering, science or math who live in the United States. About 50 students per session are chosen by holistic review. Students from low-income backgrounds or with limited STEM access are strongly encouraged to apply.",Apply online through the MITE page. Questions: cseoutreach@utexas.edu.,https://cockrell.utexas.edu/connect/k-12-outreach/mite/,,fetched,2026-10-09,Selective. The page does not list a financial-aid policy; ask cseoutreach@utexas.edu if the $200 is a barrier.
uva-advance-pre-college-program,UVA Advance Pre-College Program,University of Virginia Summer and Special Academic Programs,"Charlottesville, VA",charlottesville,pre-college,any,15,18,Rising 11th and 12th grade,fee-based,"The FAQ says the maximum aid package covers full tuition and fees for Virginia residents, which is $7,097 for 2026. The cost for other students and the full breakdown were not read. Small number of need-based aid packages.",summer,"4 weeks (2026: July 11 to August 7), residential",closed-expect-reopen,"2026 cycle: application opened December 1; deadline March 1, 2026; teacher recommendation March 4; decisions March 31; accept by April 15. No 2027 dates posted yet.",,last-year-pattern,False,"Rising high school juniors and seniors in good standing with a minimum 3.5 GPA in a college prep curriculum, age 15 or older on the first day and 18 or younger on the last day.","Online application with transcripts, one teacher or administrator recommendation uploaded by the recommender, and a 350 to 500 word essay. Financial aid materials are due by March 1.",https://summer.virginia.edu/uva-advance,,fetched,2026-10-09,"Residents live in an air-conditioned residence hall with a 10 pm curfew. Travel, books, laundry and spending money are not included. Questions: UVaAdvance@virginia.edu, 434-243-2241. The Cost and Payment page was not read."
uva-health-junior-volunteer-summer-program,UVA Health Junior Volunteer Summer Program,"UVA Health, Charlottesville","Charlottesville, VA",charlottesville,volunteer,health,14,18,High school,unpaid,,summer,"8 weeks (2026: June 8 to July 31); at least 50 hours, or one full weekday, with at least 6 weeks of service",closed-expect-reopen,"2026 cycle: interest form due February 20, 2026; info sessions February 25 and March 7, 2026. 2027 dates not posted.",,last-year-pattern,False,High school youth ages 14 to 18. Students must attend a mandatory virtual information session with a parent or guardian and an all-day orientation on the first day of the program.,"Submit the online interest form, attend a mandatory virtual information session with a parent or guardian, then interview if selected. Two references must complete the online reference form before the interview.",https://uvahealth.com/support/volunteer/charlottesville/junior-summer-program,,fetched,2026-10-09,"The program page mentions a lottery. Cost and immunization rules for juniors were not stated on that page; UVA Health's general volunteer page lists a health assessment, vaccination requirements, background check and training for volunteers. Questions: 434-924-5251."
va-loma-linda-summer-youth-volunteer-program,Summer Youth Volunteer Program,VA Loma Linda Healthcare System,"Loma Linda, CA",inland-empire,volunteer,health,,,,unpaid,Unpaid. Free to join; volunteers over 100 hours can be considered for scholarships through community partners (2024 flyer).,summer,"6 weeks, Monday to Friday 8:30 a.m. to 2:30 p.m. (2024: June 17 to July 26)",closed-expect-reopen,"The VA page says applications for the 2026 program closed April 24, 2026. The 2024 deadline was April 30. 2027 dates not posted.",,last-year-pattern,False,Teens ages 14 to 18 (18-year-olds must be enrolled in high school). Based on the 2024 flyer; check the current year's rules.,"2024 flyer: application with parent signature, a 1-page essay, an availability schedule, and a virtual orientation. Contact the VA Center for Development and Civic Engagement, vhalomyouthprogram@va.gov.",https://www.va.gov/loma-linda-health-care/work-with-us/volunteer-or-donate/,,fetched,2026-10-09,"Closed now. The age, hours and application steps come from the 2024 flyer because the current page only says 2026 applications are closed. The 2024 flyer also required COVID vaccination or an exemption; check the current policy."
valley-water-youth-commission,Valley Water Youth Commission,Valley Water (Santa Clara Valley Water District),"San Jose, CA (serves all Santa Clara County)",silicon-valley; san-jose,civic-government,environment; law-government; engineering,13,18,High school,unpaid,,school-year,"2-year term, up to 5 hours a month",closed-expect-reopen,The application is closed and will open again in Spring 2027. Fill out the interest form to be told.,,unknown,False,"Ages 13 to 18, attending high school in Santa Clara County and living in the county. Able to give up to 5 hours a month for 2 years, and attend quarterly Wednesday evening meetings in person.",Fill out the Youth Commission interest form. To apply you need to know your Valley Water board district (find your home address on the map on the page).,https://www.valleywater.org/learning-center/valley-water-youth-commission,,fetched,2026-10-07,"Meetings are at Valley Water headquarters, 5700 Almaden Expressway, San Jose."
vancouver-art-gallery-art-exchange,Art Exchange (Vancouver Art Gallery and Arts Umbrella),Vancouver Art Gallery with Arts Umbrella,"Vancouver, BC",vancouver,pre-college,arts-media,13,15,,unpaid,Free to students (full scholarship). Not a paid job.,school-year,October 2026 to June 2027,closed-expect-reopen,"Submissions for the 2026-27 program were due Tuesday, September 29, 2026 at 8 AM. Next cycle not posted.",,last-year-pattern,,"Teens aged 13 to 15. Applicants send a portfolio (5 to 7 finished works and 3 to 5 sketchbook images, 10 images total) and a letter of intent of 500 to 1,000 words.",Use the APPLY NOW link on the page to submit the portfolio and letter of intent. Questions: submissions@artsumbrella.com or 604-681-5268.,https://www.vanartgallery.bc.ca/teens/art-exchange/,,fetched,2026-10-09,"Scholarship-funded learning program, not a paid job. Canada, so British Columbia Employment Standards rules have not been added to this guide yet."
vancouver-art-gallery-teen-art-group,Teen Art Group (Vancouver Art Gallery and Emily Carr University),Vancouver Art Gallery with Emily Carr University of Art + Design,"Vancouver, BC",vancouver,pre-college,arts-media,15,18,"Aged 15 to 18 or entering Grades 10, 11 or 12 in fall 2026",fee-based,Registration fee $555.90 (the page does not state the currency; likely Canadian dollars). Four full-tuition scholarships are available for Indigenous students or students facing financial barriers.,school-year,"Thursdays 4 to 7 PM, October 15, 2026 to February 11, 2027",open-now,"Registration for fall 2026 is open (no closing date stated). The scholarship deadline was September 15, 2026.",,unknown,,"Students aged 15 to 18, or entering Grades 10, 11 or 12 in fall 2026.",Apply through the Emily Carr University Continuing Studies website (Apply Now link on the page). Questions: teens@ecuad.ca.,https://www.vanartgallery.bc.ca/teens/teen-art-group/,,fetched,2026-10-09,"Paid-for arts program, not a job. Canada, so British Columbia Employment Standards rules have not been added to this guide yet."
vancouver-bgc-south-coast-youth-employability,Youth Employability Program (BGC South Coast BC),BGC South Coast BC,"Vancouver, BC",vancouver,paid-youth-program,any,15,30,,paid,"Participants are paid to take part, with a completion bonus for finishing all 8 weeks. Amounts are not stated on the page. Free to join.",year-round,8 weeks per session,unconfirmed,"Sessions run every other month (the page gives Oct, Dec, Feb, Apr as examples) and recruiting starts one month before each start date. No events were listed when read.",,unknown,,Ages 15 to 30 who need to find work. The page does not list other eligibility rules.,Click an event under Upcoming Events on the page to apply. Central office: 604-879-6554 or info@bgcbc.ca. Seats are limited.,https://www.bgcbc.ca/youth-employability/,,fetched,2026-10-09,"Canada, so British Columbia Employment Standards rules have not been added to this guide yet. The page did not say where the workshops are held."
vancouver-science-world-volunteer,Science World Volunteer Program,Science World,"Vancouver, BC",vancouver,volunteer,science; education,16,,Grades 11 and 12 for the High School Work Experience placement,unpaid,Unpaid volunteer.,year-round,"100 hours minimum, one 2 to 3 hour shift per week",closed-expect-reopen,The core volunteer intake is closed; intake and training sessions are scheduled each year. No dates posted.,,unknown,,"Core volunteer program: at least 16 years old, 100 hours minimum. High School Work Experience: Lower Mainland students in Grades 11 and 12; teachers sign students up.","Check the volunteer page for the next intake. For the work experience placement, ask your teacher to sign you up.",https://www.scienceworld.ca/volunteer/,,fetched,2026-10-09,The Science World Teen Advisory Group (ages 16 to 18) is on hiatus and not taking applications (page read 2026-10-09). Volunteer role in Canada; British Columbia Employment Standards rules have not been added to this guide yet.
vancouver-sfu-camps-volunteer,SFU Camps Volunteer,Simon Fraser University Camps,"Burnaby, BC",vancouver,volunteer,education; sports,14,,,unpaid,"Unpaid. Volunteers get volunteer hours, evaluations, confirmation letters and a reference request option.",summer,"Minimum 2 weeks (at least 80 hours), consecutive or separate",closed-expect-reopen,"2026: online applications opened March 20 and closed April 20, 2026; interviews mid-May (in person); training late June. 2027 dates are not posted.",,last-year-pattern,,"Must be 14 years of age by June 29, 2026. If accepted, you submit a criminal record check and complete training.","Submit the online volunteer application, attend one in-person interview, then complete in-person or online training. Returning volunteers can apply as Lead Volunteers by email.",https://www.sfu.ca/camps/opportunities/volunteer-opportunities.html,,fetched,2026-10-09,"SFU Camps says it is not a registered non-profit; check with your teacher that your school accepts these hours for service or work experience credit. Top volunteers are encouraged to apply as paid instructors later (2026 instructor wage $27.05 to $28.50 per hour, CAD); the minimum age for instructors is not stated on the page. Volunteer role in Canada; British Columbia Employment Standards rules have not been added to this guide yet."
vancouver-stanley-park-ecology-youth-volunteer,Stanley Park Ecology Youth Volunteering,Stanley Park Ecology Society,"Vancouver, BC",vancouver,volunteer,environment,12,,,unpaid,Unpaid volunteer. Volunteers can request a reference letter after 25 hours.,year-round,Varies by role; many are seasonal,rolling,Varies by role: DIRT and Nature House Host take applications year-round when there is room; EcoRangers apply in May; EcoCamp Assistant applications open in February and May; EcoStewards is listed as open.,,rolling,,"Ages 16 to 17 can join EcoStewards, DIRT, Nature House Hosts, EcoRangers and EcoCamp Assistants. Ages 12 to 16 can join EcoStewards with adult supervision. A parent or guardian must sign the youth consent form.","Register and sign up through Better Impact. If a role is closed, fill in the Volunteer Interest Form. Email vols@stanleyparkecology.ca with questions.",https://stanleyparkecology.ca/get-involved/volunteer/,,fetched,2026-10-09,"Volunteer role in Canada. British Columbia Employment Standards rules have not been added to this guide yet, so work permit is marked unknown. Most other roles on the site are for volunteers 16 and older."
vdm-museum-teen-internship,Museum Teen Internship (Summer Service Program),Virginia Discovery Museum,"Charlottesville, VA",charlottesville,internship,education,,,High school,unpaid,"Unpaid. Interns get high school service credit, a letter of recommendation, training, free parking and museum passes to share.",summer,"June to August; at least 25 service hours. Gallery shifts of 2-4 hours, 1-3 times a week; camp assistants commit to a full camp week (Mon-Fri, 8:45 a.m. to 1:45 p.m.)",closed-expect-reopen,Applications for Summer 2026 are closed. The 2027 deadline is not posted.,,last-year-pattern,False,"High school students. Applicants must apply by the posted deadline, attend a short interview and orientation, and commit to at least 25 service hours.","Apply by the posted deadline, then interview and attend orientation. Contact Anna Deater-Deckard, anna@vadm.org, 434-977-1025 x104.",https://www.vadm.org/museum-teen-internship,,fetched,2026-10-09,"The museum is a small children's museum for infants to age 8, so the work is with young kids. Weekday and Saturday shifts are available."
virginia-tech-c-tech2-computers-and-technology,C-Tech2: Computers and Technology at Virginia Tech,"Virginia Tech College of Engineering, Center for Engineering Excellence and Discovery","Blacksburg, VA",blacksburg,pre-college,engineering; tech-cs,,,Rising 11th and 12th grade,fee-based,"$2,500 for two weeks, covering all expenses except travel and personal items. Full and partial need-based scholarships are available.",summer,"2 weeks, residential (Jun 28 to Jul 11 in 2026)",closed-expect-reopen,Page says applications for Summer 2027 open in early December 2026. No closing date posted.,,unknown,False,Open to rising high school juniors and seniors. The pages I read do not state a Virginia residency rule for this program (WEE VT has one).,"Joint application with WEE VT and UPWARDS: rank your choices, short essays (120 words each), a grade transcript, and a parent financial statement for scholarships. You get an offer to only one camp.",https://eng.vt.edu/ceed/ceed-pre-college-programs/c-tech2.html,https://eng.vt.edu/ceed/ceed-pre-college-programs/c-tech2/apply-to-c-tech.html,fetched,2026-10-09,"Not a job, so no work permit."
virginia-tech-college-of-science-summer-camps,College of Science Summer Camps (Explore Science camps),Virginia Tech College of Science,"Blacksburg, VA",blacksburg,pre-college,science,,,Rising 9th to 12th (Explore Science 9-10; Life and Physical Science camps 11-12),fee-based,"2026 price $1,150 per residential camp ($700 for the day camp for rising 7th-8th). Camp fees cover instruction, supplies, room and board; need-based scholarships are available in the application.",summer,5 days (Sunday to Thursday),closed-expect-reopen,2026 cycle: application portal opened January 2026; deadline for first round of applications March 2. Offers of admission and scholarships made by March 16; accepted campers have until March 30 to pay fees (minus scholarships).,,last-year-pattern,False,Rising high school students in the grade band for each camp. No GPA or residency rule appears on the pages I read.,Register through the camp application link on the College of Science camps page; apply for a scholarship inside the form. Cancellation refund minus a $30 fee until 4 weeks before camp.,https://science.vt.edu/get-involved/camps.html,,fetched,2026-10-09,"Explore Science rising 9-10 camp was listed as full in 2026. Questions: explorescicamp@vt.edu. Not a job, so no work permit."
virginia-tech-watford-engineering-experience,Watford Engineering Experience at Virginia Tech (WEE VT),"Virginia Tech College of Engineering, Center for Engineering Excellence and Discovery","Blacksburg, VA",blacksburg; virginia,pre-college,engineering,,,Rising 11th and 12th grade,fee-based,"$2,500 for two weeks, covering all expenses except travel and personal items. Full and partial need-based scholarships are available.",summer,"2 weeks, residential (Jul 12 to Jul 25 in 2026)",closed-expect-reopen,"Page says applications for Summer 2027 open in early December. No closing date posted. 2026 program ran Jul 12 to Jul 25, 2026.",,unknown,False,Rising juniors and seniors who are Virginia residents.,"Joint application with the C-Tech2 and UPWARDS summer programs: rank your choices, add short essays (120 words each) and a grade transcript, and a parent completes a financial statement used for scholarships. You get an offer to only one camp.",https://eng.vt.edu/ceed/ceed-pre-college-programs/wee-vt.html,https://eng.vt.edu/ceed/ceed-pre-college-programs/wee-vt/apply-to-wee-vt.html,fetched,2026-10-09,"The page tells families not to let the cost stop them from applying because of scholarships. Not a job, so no work permit."
virtual-enterprises-international,Virtual Enterprises International,Virtual Enterprises International,School-based,virtual,school-pathway,business-finance,,,9 to 12 (middle school version for 7 to 8),unpaid,School/district pays (cost not public),school-year,School year,rolling,Depends on your school.,,rolling,False,Students at partner schools. Schools join by filling out an interest form and talking with a VEI Regional Director.,Ask your school or counselor about the program. Contact info@veinternational.org or 855-740-6555.,https://www.veinternational.org/,,fetched,2026-10-07,Not an individual sign-up; your school must be a partner. Cost to schools is not posted.
wakemed-junior-volunteer-program,WakeMed Junior Volunteer Program (High School),WakeMed Health & Hospitals,"Raleigh, NC",triangle,volunteer,health,16,,"High school, through the summer after graduation",unpaid,,year-round,"Minimum 6 months, one day a week on a regular set day and time",closed-expect-reopen,"Applications open for only about 24 to 48 hours. The page tells students to check on the 15th of October, December, February, April, June and August. The next check date is October 15, 2026. Both applications were listed as closed on 2026-10-09.",,last-year-pattern,False,High school students age 16 or older (the page covers ages 16 through the summer after graduation). Needs a Social Security Number or ITIN and Occupational Health clearance. Apply to only one location: Raleigh Campus or Cary Hospital.,"Review the current junior-eligible openings, then submit the online application for one campus during an open window. Selected students interview, give two references, finish medical screenings and attend orientation.",https://www.wakemed.org/volunteer/junior-volunteering,,fetched,2026-10-09,"Not first come, first served. Processing takes about 3 to 5 weeks. Required Occupational Health clearance includes flu, MMR, Varicella, Tdap and TB. Not for court-ordered community service. The page describes volunteer service, not an internship or job shadowing."
washington-aerospace-scholars,Washington Aerospace Scholars,The Museum of Flight,"Seattle, WA (online course, then a summer residency at the Museum of Flight)",seattle; washington,pre-college,engineering; science,,,Current high school junior,fee-based,"Phase 1 online course is free (optional 5 UW credits cost $255; financial assistance up to 100% available). Optional Phase 2 six-day residency costs $1,850 including room and board; tuition assistance up to 100% available.",school-year,Phase 1: November through March (15-20 hours per two-week lesson). Phase 2: six-day residency in July or August.,open-now,"2026-27 applications are open and close after October 13, 2026. Applicants are accepted on a rolling basis while room is available.",2026-10-13,confirmed-2026-27,False,Washington state residents who are high school juniors (per the 2025 WAS FAQ: 'Scholars must be a Washington state resident and be a current junior in high school'). No math or science prerequisites are listed on the program page.,Fill out the WAS 2026-27 Program Application linked on the program page. Questions: WAS@museumofflight.org or 206-768-7214. Phase 2 invitations use a lottery among students who meet the Phase 1 requirements.,https://www.museumofflight.org/education/explore-programs/was,,fetched,2026-10-09,Deadline is very close. Graduates can apply for Museum scholarships. Participation in Phase 2 is not required for Phase 1. Students who are not juniors yet can fill out the Program Interest Form on the page to be contacted when they are eligible.
washington-health-high-school-volunteer,Washington Health (Fremont) High School Volunteer Program,Washington Township Health Care District,"Fremont, CA",silicon-valley; fremont,volunteer,health,16,,Not seniors,unpaid,,school-year,,rolling,"Next high school round is Fall 2026. The waiting list closed May 22, 2026, but new students can still join and are contacted only when an info session is scheduled.",,rolling,False,Age 16 or older. Seniors are told not to apply because onboarding is long (a college program exists).,"Email volunteer_services@washingtonhealth.com with your name, grade, school, phone and email. They contact you only when an info session is scheduled. Phone 510-818-7465.",https://www.washingtonhealth.com/volunteering/,,fetched,2026-10-07,"No GPA rule or fee appears on the current page (older versions listed a GPA rule and $20 fee). Openings are limited. Office: 2500 Mowry Ave, Fremont."
washington-running-start,Running Start,Washington State Board for Community and Technical Colleges,Washington (34 community and technical colleges),washington,school-pathway,any,,,11 and 12,unpaid-credit,"No tuition. Students and families pay mandatory fees, books and transportation.",year-round,Per quarter or semester,rolling,Deadlines are not stated on the SBCTC page; they vary by college.,,unknown,False,High school juniors and seniors in Washington. The SBCTC page does not list other requirements; contact the college's Running Start coordinator.,Contact the Running Start coordinator at the college you want to attend (the SBCTC page links a coordinator list) and your high school counselor.,https://www.sbctc.edu/colleges-staff/programs-services/running-start/,,fetched,2026-10-09,"Work hours tie-in from Washington L&I: 16 and 17 year olds enrolled in a bona fide college program, such as Running Start, may work non-school week hours during the regular school year (employers should ask for proof such as a college transcript)."
west-sac-teen-heroes,Teen Heroes,City of West Sacramento Parks and Recreation,"West Sacramento, CA",yolo; sacramento,volunteer,education; sports; social-impact,14,16,,unpaid,"Free to join, unpaid. The page does not list a stipend.",summer,,unconfirmed,Not stated on the page. Dates for the next summer are not posted.,,unknown,False,"Ages 14 to 16, eligible West Sacramento residents. Needs proof of the hepatitis B vaccine series, fingerprinting and a background check.",The page does not give application steps. Call the Club West Teen Center at (916) 373-5877 or ask City of West Sacramento Parks and Recreation.,https://www.cityofwestsacramento.org/government/departments/parks-recreation/youth-and-teens/club-west-for-teens,,fetched,2026-10-07,"Page has no year or dates, so ask when applications open. Vaccine proof may take weeks to collect. Runs in summer."
west-valley-college-concurrent-enrollment,West Valley College Concurrent Enrollment,West Valley College,"Saratoga, CA",silicon-valley,school-pathway,any,,,9 to 12,unpaid-credit,Free (per the college page),school-year,,rolling,No deadline on the page. Follow the college's term dates.,,rolling,False,Concurrent enrollment: grades 9 to 12. Middle College: juniors and seniors from LGSUHSD and CUHSD. Dual enrollment on high school campuses: CUHSD (Campbell Union High School District) students only.,"Start at the college's high school students page and apply through the admissions portal; the page also covers assessment, orientation and registration.",https://www.westvalley.edu/high-school-students/,,fetched,2026-10-07,Ask the college about unit limits and your counselor about credit.
wikipedia-editing,Wikipedia Editing,Wikimedia Foundation volunteers,Virtual,virtual,volunteer,education; any,,,,unpaid,Free,year-round,Whenever you want,year-round,Always open.,,rolling,False,"Open to almost anyone, even without logging in. The page links to guidance for younger editors but states no minimum age.","Start editing, or make a free account (not required). Try The Wikipedia Adventure tutorial.",https://en.wikipedia.org/wiki/Wikipedia:Contributing_to_Wikipedia,,fetched,2026-10-07,Protect your personal info; do not share your school or address.
woodland-cc-dual-enrollment,Woodland Community College Dual Enrollment (Yolo Community College District),Woodland Community College,"Woodland, CA",davis; yolo,pre-college,any,,,9 to 12,unpaid-credit,Free up to 11 units ($46 per unit fee waived); books may cost,year-round,Per term,rolling,Rolling by term.,,rolling,False,Current high school students who have finished 8th grade. Partner high school classes are arranged through your counselor. Tuition is free for 11 units or fewer.,"Explore with your counselor, apply on CCCApply, set up your student account, submit the CCAP or High School Non-CCAP form, then register.",https://wcc.yccd.edu/enroll/dual-enrollment/,,fetched,2026-10-07,"Students may pay for books and materials. Check your counselor for term deadlines. Davis High was not on the CCAP list I saw, so a Davis student would use the non-CCAP route. Charter and homeschool students may need grade verification."
woodland-teens-helping-seniors,Teens Helping Seniors,City of Woodland Community Services,"Woodland, CA",yolo,volunteer,social-impact; education,13,17,,unpaid,,year-round,,unconfirmed,No dates on the Teen Programs page.,,unknown,False,Teens ages 13 to 17.,Register online through the Woodland Community Services registration portal (linked from the Teen Programs page) or call (530) 661-2000. Email: WoodlandCSD@cityofwoodland.gov.,https://cityofwoodland.gov/308/Teen-Programs,,fetched,2026-10-07,"The page gives no hours, dates or fees. Call Community Services to ask how it works and when to start."
work2future-youth,work2future Young Adult Program,"City of San Jose, work2future","San Jose, CA",san-jose; silicon-valley,paid-youth-program,any; business-finance; health; tech-cs,16,24,,mixed,Paid work experience; the page says earn up to $25 an hour. Other services are free.,year-round,,rolling,Enrollment is open year-round.,,rolling,True,Santa Clara County residents ages 16 to 24 who are low-income and have at least one barrier to employment or education.,Call the San Jose Job Center at 408-794-1101 or the Gilroy center at 408-758-3477 and ask about the young adult program.,https://www.work2future.org/young-adults/,,fetched,2026-10-07,"San Jose Works, a partner program for ages 14 to 29, is also listed on the page. Income and barrier rules apply. Job centers may be open by appointment only."
worknet-dupage-youth,workNet DuPage Youth Program,workNet DuPage (DuPage County),"Lisle, IL (DuPage County)",chicago,paid-youth-program,any,17,24,,mixed,"Paid work experience is offered; pay rates and length are not stated. Training or school help is up to $10,000.",year-round,Not stated,unconfirmed,No dates posted on the page.,,unknown,,Eligible young adults ages 17 to 24. The page does not list other rules or say which counties qualify.,"Click Apply Now or Get Started at worknetdupage.org/job-seekers/get-started/, or call 630-955-2030. Career Center: 2525 Cabot Drive, Suite 302, Lisle.",https://www.worknetdupage.org/youth,https://www.worknetdupage.org/job-seekers/get-started/,fetched,2026-10-09,"Starts at 17, so it fits only older high schoolers. Spanish-speaking services are available. The Get Started page was not read, so check eligibility there."
worksource-atlanta-youth-rise,Youth R.I.S.E. (Reaching Independence through Skills and Employment),WorkSource Atlanta (City of Atlanta workforce board),"Atlanta, GA",atlanta,paid-youth-program,any,16,24,,paid,Paid work experience and internships are one service. Wage not posted on the page. Services are no cost.,year-round,"Year-round, no set end date",rolling,"Year-round, first come first served. After the online orientation you have 30 days to submit all documents or your application may be closed.",,rolling,False,"City of Atlanta residents ages 16 to 24 who are WIOA eligible. In-school youth are generally 16 to 21, must meet income and other criteria, and may have a barrier such as disability, English learner, foster care, homeless, justice-involved or parenting. A WorkSource Atlanta Eligibility Specialist makes the final decision.","1) Finish the online youth orientation. 2) Create a profile in the WorkSource Georgia portal and save your SID number. 3) Upload your documents. 4) Book an eligibility appointment, or email WSAYouth@AtlantaGa.Gov with subject Ready to RISE. 5) Take the My Next Move career assessment. 6) Eligibility review.",https://worksourceatlanta.org/job-seekers/youth-services/,https://worksourceatlanta.org/job-seekers/youth-services/youth-eligibility/,fetched,2026-10-09,"Eligibility is income and barrier based, so not every teen qualifies. The document list includes a Social Security card and proof of address; this is the official city workforce board, but upload documents only through the portal named on the page. Under 18 using parent documents: proof of relationship and shared address is needed. Georgia requires a work permit only under 16, and this program starts at 16."
worksource-fulton-youth-services,WorkSource Fulton Youth Services,"Fulton County Government, WorkSource Fulton","Fulton County, GA",atlanta,paid-youth-program,any,16,24,,paid,Paid work experience is one service. Wage not posted on the page.,year-round,Year-round,rolling,Year-round. No application dates are posted.,,rolling,False,Fulton County residents ages 16 to 24 who are interested in employment or training and meet low-income guidelines and/or have significant barriers to education or employment.,"The page does not describe an application. Visit the youth center at 4405 Mall Blvd., Suite 400, Union City, GA 30291, or call a career center: South Fulton 404-613-6800 (5710 Stonewall Tell Rd., Suite 160, College Park) or North Fulton 404-613-4480 (7741 Roswell Rd., Suite 205, Sandy Springs).",https://www.fultoncountyga.gov/Inside-Fulton-County/Fulton-County-Departments/WorkSource-Fulton/Job-Training-and-GED-Resources,,fetched,2026-10-09,"A March 2026 county news release says WorkSource Fulton also offers the Career Compass Academy, a five-week paid virtual work readiness program for ages 14 to 24 that is income based. Teens signed up at the county's Summer Teen Hiring Fair on April 11, 2026; next year's dates are not posted. If you live inside the City of Atlanta, also look at Youth R.I.S.E. and ask which office serves your address. The county's older Summer Youth Job Training and Summer Youth Internship pages return errors now."
ws-home-run-internships,West Sacramento Home Run Paid Summer Internships,West Sacramento Home Run and City of West Sacramento,"West Sacramento, CA",yolo; sacramento,internship,any; business-finance; health; food-hospitality; engineering; environment,16,,high school,paid,"Paid by the City of West Sacramento, up to 40 hours per week. Hourly rate not posted on the page.",summer,"summer, up to 40 hours per week",closed-expect-reopen,The 2026 Internship Calendar is an image on the page (not readable here). 2027 dates not posted yet.,,last-year-pattern,True,Washington Unified School District high school students who are 16 by the first day. River City HS students need a Career Technical Education course; Yolo HS and Washington Middle College students need a teacher or counselor recommendation. Everyone attends one online info session.,"Go to the Internships page, attend the info session, send the recommendation form if needed, then apply and interview with employers.",https://www.wshomerun.org/internships,,fetched,2026-10-07,"Employers have included Center for Land Based Learning, Elica Health Centers, City of West Sacramento and others. The 2026 calendar on the page is an image, so ask for 2027 dates: wshomerun@cityofwestsacramento.org or (916) 617-4500."
xavier-university-steam-xu-research-immersion,STEAM@XU Research Immersion (summer pre-college),Xavier University,"Cincinnati, OH",cincinnati,pre-college,science; education,,,Incoming grades 9 to 12,fee-based,"2026 prices: day camp $495 ($545 after May 1, 2026); residential $1,095 ($1,195 after May 1, 2026). Scholarships offered.",summer,1 week (2026: July 19/20 to 24),unconfirmed,The page shows 2026 dates and prices under a 2027 title. The Summer Programs page says 2027 programs are being finalized and that 2027 scholarship applications are open.,,last-year-pattern,False,Incoming 9th to 12th graders.,Register online for the day camp or residential option; a separate summer program scholarship application is available. Questions: summerprograms@xavier.edu.,https://www.xavier.edu/summer-programs/steam-research-immersion,,fetched,2026-10-09,"Xavier's Summer Programs page also lists other high school options: Summer in Cincy (one-week residential pre-college), D'Artagnan Summer Business Academy (rising juniors and seniors), CSI Forensics Camp (grades 10 to 12) and STRONG eXplorer Career Camp. Check each page for 2027 prices. High school students who attend may get a $500 to $1,000 award if they later enroll."
ycoe-work-based-learning-b-unbound,YCOE Work-Based Learning (B-Unbound),Yolo County Office of Education,"Woodland, CA (Yolo County)",yolo; davis; sacramento,internship,any,,,,stipend,Stipend up to $500 on successful completion,year-round,About 60 hours,rolling,Rolling; no posted deadline.,,rolling,,"Students in Yolo County. Start through your school College and Career Center or counselor, or email CCR@ycoe.org. Age or grade limits were not stated on the page.","Tell your school College and Career Center or counselor, or email CCR@ycoe.org.",https://www.ycoe.org/College-and-Career-Readiness/Work-Based-Learning/index.html,,fetched,2026-10-07,"B-Unbound is the online platform for finding opportunities (interviews, tours, job shadowing, projects, internships). Placement depends on available mentors, so ask early. The stipend is paid after you finish the requirements. Email: CCR@ycoe.org."
yep-youth-employment-partnership,Youth Employment Partnership (YEP) summer and afterschool jobs,"Youth Employment Partnership, Inc.","Oakland, CA (2300 International Blvd)",alameda; east-bay; oakland,paid-youth-program,any,14,24,,paid,Paid; about 100 hours of work in the City summer program (hourly rate not posted),year-round,"Summer: about 100 hours, June 1 to Sept 30 (City list). Afterschool jobs during the school year.",unconfirmed,No closing dates posted. YEP lists an Afterschool Job Application and a Young Adult Program Application 2026.,,unknown,True,Oakland youth. YEP's job training serves ages 14 to 24. The City of Oakland's summer list shows YEP's summer program for ages 14 to 18.,"Use the application links on yep.org/how-you-join, or call 510-533-3447 or visit 2300 International Blvd, Oakland.",https://www.yep.org,https://www.yep.org/how-you-join/,fetched,2026-10-07,The YEP page does not give pay rates. Age 14 to 18 for summer comes from the City of Oakland table; the 19 to 24 programs are for older youth.
ymca-orange-county-volunteer,YMCA of Orange County Volunteer Opportunities,YMCA of Orange County,"Fullerton, Huntington Beach, Newport Beach, Laguna Niguel, Mission Viejo (YMCA branches), CA",orange-county,volunteer,social-impact; sports; education,14,,,unpaid,Unpaid,year-round,Varies by role,unconfirmed,"No dates listed. Special-event volunteering is seasonal, so the page says to stay tuned.",,unknown,False,Ongoing volunteers must be at least 16. Teens 14 and older can volunteer at many special events. Volunteers under 18 need parental consent.,"The page has no general form. Open roles link to postings (examples: Tustin Expanded Learning Volunteer, Youth and Government MUN Volunteer, Sports Volunteer at Laguna Niguel). Questions go through the contact form at ymcaoc.org/contact-us/.",https://ymcaoc.org/volunteer/,,fetched,2026-10-09,"All ongoing volunteers complete an online orientation, child abuse prevention training and role training. Screening includes an application, waiver, ID copy and background check, with extra checks for higher-responsibility roles. Court-ordered community service is not accepted. The YMCA of Orange County Model Legislature and Court page describes the statewide YMCA Youth and Government program, so it is not listed separately."
ymca-san-francisco-workforce-development,YMCA of San Francisco Workforce Development (Teens),YMCA of Greater San Francisco,"San Francisco, CA",san-francisco,paid-youth-program,any,14,,,mixed,Paid internships are mentioned at the Urban Services YMCA. Wage and hours are not stated. Other activities are not described as paid.,year-round,,unconfirmed,Not stated on the page.,,unknown,,"The page lists the program for ages 14 to 24 and older. Grade level, residency and other rules are not stated.",Not stated on the page. The page says to contact the Workforce Development team. Phone numbers listed: Urban Services YMCA (415) 561-0631; Bayview Hunters Point YMCA (415) 822-7728; Chinatown YMCA (415) 576-9622.,https://www.ymcasf.org/program/workforce-development/,,fetched,2026-10-07,"This is an umbrella page for several branch programs. Season, wage, hours and deadlines are not stated, so call a branch before a teen applies. The ymcasf.org/teens page lists teens ages 13-18 across programs, but it gives no details for Workforce Development. Contact emails on the page are obfuscated and were not confirmed, so none are listed."
ymca-silicon-valley-camp-campbell-cabin-leader,Outdoor Science School Cabin Leader (Camp Campbell),YMCA of Silicon Valley,"Boulder Creek, CA (Camp Campbell)",silicon-valley,leadership,education,15,,10th grade or higher,unpaid-credit,Pay not stated. The page says this is a way to earn Service-Learning credit for graduation.,school-year,Five days per session (typically Monday to Friday). Session dates are not stated.,open-now,Applications for the 2026-27 school year open in August and close in the middle of May. The exact closing date is not stated.,,confirmed-2026-27,False,"Must be at least 15 years old, in 10th grade or higher, and in good academic standing. A High School Authorization Form must be signed by members of your school. No prior training is required, according to the FAQ.","Complete the online application through the Learn More and Sign Up link, get a High School Authorization Form signed by members of your school, and watch email for further instructions. The page recommends applying at least two weeks before your session dates.",https://www.ymcasv.org/ymca-camp-campbell/outdoor-education/cabin-leaders,,fetched,2026-10-07,"Camp Campbell is at 16275 Highway 9, Boulder Creek, CA 95006, per the cabin-leaders page. This is an unpaid volunteer role, so no work permit is needed. The same YMCA's Youth and Government program is already in ymca-silicon-valley-youth-and-government.json. Leaders in Training is also listed on the leadership page, but its age and details are not stated, so it is not a card."
ymca-silicon-valley-youth-and-government,California YMCA Youth & Government,YMCA of Silicon Valley,Statewide program (listed by YMCA of Silicon Valley),silicon-valley; statewide,leadership,education; law-government; social-impact,,,High school,mixed,Cost not stated on the page. Ask the YMCA.,school-year,,unconfirmed,"Dates, fees and deadlines are not on the page.",,unknown,False,"High school youth from throughout California, per the page. No other rules are stated.","Click 'Sign up for more information' on the YMCA Leadership Development page, which opens the YMCA sign-up form. The page does not describe the application steps.",https://www.ymcasv.org/education-enrichment/leadership-development,https://forms.ymcasv.org/view.php?id=76792,fetched,2026-10-07,"Re-read the YMCA Leadership Development page on 2026-10-07. The same page lists Friday Night Live and Youth Technology Incubator Leadership Councils (separate teen groups), college tours and other teen programs; they are not part of this entry. The Model UN item on the page is for middle school students. Season, dates, cost and deadlines are not on the page, so confirm them with the YMCA before applying."
ymca-triangle-leaders-club,YMCA Leaders Club (Middle and High School),YMCA of the Triangle,"Chapel Hill and the Triangle, NC",triangle,leadership,social-impact,,,6-12 (Middle School Leaders Club grades 6-8; High School Leaders Club grades 9-12),fee-based,"2026-27 dues: $240 per year (Member) or $301 per year (Participant); club dues only, not annual events",school-year,Early fall to the end of the school year,unconfirmed,"No registration deadline stated. Clubs start in early fall; A.E. Finley YMCA held interest meetings September 15 and 16, 2026.",,unknown,False,"Middle and high school students. Chapel Hill-Carrboro YMCA also requires a nomination form, an application and a handbook review. The page does not say which listed branches are in Raleigh or Durham.","Register online through the link on the page, attend an interest meeting, or contact your branch's Teen Director.",https://ymcatriangle.org/programs/teen-programs/leaders-club,,fetched,2026-10-09,"Branches listed: A.E. Finley, Alexander Family, Chapel Hill-Carrboro, East Triangle, Kerr Family, Kraft Family, Northwest Cary, Poole Family and Taylor Family YMCAs. The page does not explain the difference between Member and Participant dues."
ymca-triangle-lightner-y-achievers,Lightner Y Achievers,YMCA of the Triangle,"The Triangle, NC",triangle,leadership,education,,,6-12,fee-based,$217 per year (Members) or $228 per year (Participants). Financial assistance is available through a separate form.,school-year,"Biweekly Saturday summits, 10 a.m. to 1 p.m., September 2026 to May 2027",unconfirmed,No application or registration deadline stated. College tour registration opens in early 2027.,,unknown,False,Students in grades 6 to 12. Locations are shared directly with participants.,Register through the program's online registration page. Questions: yo.sobha@ymcatriangle.org.,https://ymcatriangle.org/programs/teen-programs/lightner-y-achievers,,fetched,2026-10-09,Achievers may earn certified community service hours and may receive partial scholarships as seniors. The page does not say which cities host groups.
ymca-youth-and-government-ca,YMCA Youth and Government (Model Legislature and Court),YMCA California,California (ends at Sacramento),statewide,civic-government,law-government; social-impact,,,9 to 12,fee-based,Fee not posted on the page I read; ask your local YMCA about cost and scholarships,school-year,Weekly meetings plus conferences in November and February,unconfirmed,"Sign-up dates are not stated on the page. A conference is planned for November, so ask now.",,unknown,False,High school students in grades 9 to 12. Join a local delegation. Cost and sign-up steps are not posted on the page.,Contact the program director at (626) 604-4210 or use the inquiry form on the YMCA of Orange County site.,https://ymcaoc.org/mlc/,,fetched,2026-10-07,"Over 1,300 teens in more than 60 California delegations. This page is run by the YMCA of Orange County (Southern California) and lists no Northern California contact. Ask the director which delegation serves your area, and ask about cost and scholarships."
yolo-4h,Yolo County 4-H Youth Development Program,"UC Agriculture and Natural Resources, Yolo County 4-H","Yolo County, CA",yolo; davis,leadership,environment; education; food-hospitality; science,,,,fee-based,2026-27 enrollment is $80 per youth (waiver or reduction available).,school-year,,rolling,2026-2027 enrollment fee posted ($80). No closing date stated; join through a local club.,,rolling,False,Youth in Yolo County. The page does not list ages. Fee waivers are available.,"Find a community club, attend a meeting, complete online enrollment and pay the fee. Office: bbrinkhoushatch@ucanr.edu, 530-666-8703.",https://ucanr.edu/site/yolo-county-4-h/youth,,fetched,2026-10-07,Teens can take leader and ambassador roles. Fee is non-refundable; a fee waiver or reduction form is available. Returning members update their online enrollment and submit health forms to their club.
yolo-children-alliance-youth-employment,Youth Employment Services (WIOA paid work experience),Yolo County Children's Alliance,"West Sacramento, CA",yolo,paid-youth-program,any,17,24,,paid,Paid work experience. The pay rate and number of hours are not stated on the page.,year-round,Not stated,rolling,No deadline stated on the page. Contact the Workforce Development Program Manager to check eligibility and enrollment.,,rolling,,"Ages 17 to 24, living in Yolo County, and not in school right now, per the program page. The page names foster care, homelessness, disabilities, parenting, leaving high school, and justice involvement as challenges the program serves.","Contact the Workforce Development Program Manager at the Administrative Offices, (530) 757-5558, or drop by free office hours on Wednesdays from 3 to 6 p.m. at 2455 West Capitol Ave, #118, West Sacramento, CA 95691.",https://www.yolokids.org/get-help/community-collaboration/youth-employment-services/,,fetched,2026-10-07,"Only the 17-year-old end of this guide's 13 to 18 range is covered. The page does not say whether a California work permit is needed for participants under 18, so ask. Older YCCA posts mention up to 300 paid hours; that figure is not on the current page and is not used here. Narrower and competitive: it is aimed at young people facing barriers and out of school."
yolo-county-library-youth-volunteers,Youth volunteers at Yolo County Library branches,Yolo County Library,"Yolo County, CA (West Sacramento, Winters, Esparto, Clarksburg, Yolo and others)",davis; yolo,volunteer,education; social-impact,,,,unpaid,,year-round,,rolling,No deadline. Applications are accepted at branches.,,rolling,False,Opportunities are limited and differ by branch. The Mary L. Stephens Davis Branch is not accepting applications right now. The page does not list a minimum age.,Download the Youth Volunteer Application (PDF) from the volunteer page and email it or drop it off at the branch you want.,https://yolocountylibrary.org/volunteer/,,fetched,2026-10-07,Call the branch first (main number 530-666-8005). The page said the Mary L. Stephens Davis Branch was not accepting volunteer applications when checked.
yolo-food-bank-youth-volunteers,Youth volunteering at Yolo Food Bank,Yolo Food Bank,"Woodland, CA",yolo; davis,volunteer,social-impact; food-hospitality,12,17,,unpaid,,year-round,,rolling,Sign up for open shifts any time.,,rolling,False,Ages 12 to 15 must be with an adult or a supervised group. Ages 16 to 17 can volunteer alone with parent permission (youth waiver).,"Create an account on the Yolo Food Bank volunteer site (with the Youth Volunteer Waiver for ages 12 to 17), then sign up online for events. Email volunteer@yolofoodbank.org.",https://yolofoodbank.galaxydigital.com/start-here-onboarding/,,fetched,2026-10-07,Wear closed-toe shoes and gloves at events. You log your own hours in your volunteer account. Ages 12 to 15 must be with an adult or a supervised group.
youth-community-service-palo-alto,Youth Community Service (YCS),Youth Community Service,"Palo Alto, CA (serves Palo Alto, East Palo Alto and nearby)",silicon-valley; peninsula,volunteer,social-impact; education,,,Service award is for grades K to 12; Summer of Service is for high school,unpaid,,year-round,,rolling,"Ongoing. Service Award cycles run in four windows; the current one is Fall 2026, Sep 1 to Nov 30, 2026.",,rolling,False,For the Service Award: students in grades K to 12 who live or go to school in Santa Clara or San Mateo County. High schoolers need 100 hours within 12 months. Other programs list no clear age rule.,Create an account on the Do Service platform at volunteer.youthcommunityservice.org. Phone 650-858-8019 or email ycs@youthcommunityservice.org.,https://www.youthcommunityservice.org/,https://volunteer.youthcommunityservice.org,fetched,2026-10-07,"Also offers a scholarship and one-day service pop-ups. Based at 780 Arastradero Rd, Palo Alto."
youth-radio-oakland,Youth Radio,Youth Radio,"Oakland, CA",oakland; virtual,internship,arts-media,14,24,,unpaid,Pay not stated on the site,year-round,,unconfirmed,No dates posted. Youth Radio paused in 2024 and says it is back in 2026.,,unknown,False,Ages 14 to 24. No experience needed.,Fill out the Google Form linked on youthradio.org.,https://www.youthradio.org,https://forms.gle/ds5VFroqFf8H2KtGA,fetched,2026-10-07,"The page describes training and mentoring, not a formal paid internship. Ask whether it is paid. It is not on the City of Oakland's 2026 summer jobs list."
youth-spirit-artworks-berkeley,Youth Spirit Artworks job training,Youth Spirit Artworks,"Berkeley, CA (1740 Alcatraz Ave)",berkeley,paid-youth-program,arts-media,15,25,,paid,Rate not posted (checked 2026-10-07),year-round,,unconfirmed,Not posted,,unknown,True,"Ages 15 to 25, low-income or homeless youth (per the Berkeley Public Library jobs page).",Email jobtraining@youthspiritartworks.org or call 510-858-7229.,https://www.youthspiritartworks.org,,snippet-only,2026-10-07,"Ages and contact come from the library page. The group's home page shows free arts workshops and drop-in events for ages 14 to 25 but no job training details, so ask about jobs. Not on the City of Oakland's 2026 summer jobs list."
youth-uprising-summer-jobs,Youth UpRising Summer Jobs and Job Readiness,Youth UpRising,"Oakland, CA (8711 MacArthur Blvd)",oakland,paid-youth-program,any,14,21,,paid,Paid (100 hours of fully paid work per the City list); rate not posted,summer,About 100 hours over 4 to 6 weeks (City list),unconfirmed,No dates posted on the site. Contact YU in spring for the next summer.,,unknown,True,East Oakland youth. The City of Oakland list shows YU summer jobs for ages 14 to 21. YU serves ages 13 to 24 overall.,"Call 510-777-9909 or visit 8711 MacArthur Blvd, Oakland. The site gives no online form.",https://www.youthuprising.org,,fetched,2026-10-07,"YU's own site has no summer job details, so the ages and hours come from the City of Oakland's 2026 list. Also a referral partner for EBMUD's high school internship."
youthbeat-media-careers,YouthBeat Media Careers and Pre-Apprentice Program,YouthBeat,"Oakland, CA",oakland,paid-youth-program,arts-media,16,21,middle and high school,mixed,Training is free; apprentice and PRO work is paid (rate not posted),year-round,,rolling,No deadline posted. Use the Apply link on the site.,,rolling,True,Oakland middle and high school students. The City summer jobs list shows Media Careers for ages 16 to 21 (June to September).,"Use the Apply page at youthbeat.org/apply, or call 510-922-0060 or email youthbeatmedia@gmail.com.",https://www.youthbeat.org,https://www.youthbeat.org/apply,fetched,2026-10-07,YouthBeat's own page does not state exact ages; 16 to 21 comes from the City of Oakland's list. Address is a PO box in Oakland.
zoo-atlanta-volunteen-program,Volunteen Program (Zoo Atlanta),Zoo Atlanta,"Atlanta, GA",atlanta,volunteer,science; environment; education,14,17,,unpaid,"Unpaid. $30 orientation fee covers name badge, uniform shirt and access card. Scholarships available for qualified applicants.",year-round,"June 1 to May 31. At least 160 hours total: 100 in summer, 30 in fall, 30 in spring. Required training week June 7 to 11, 2027.",opens-soon,"Applications open 9 a.m. Jan 1 and close 5 p.m. Jan 31 (the page prints no year; it is for the June 2027 program year, so Jan 2027). A free Program Preview is Nov 14, 10 a.m. to noon, with registration.",2027-01-31,confirmed-2026-27,False,"Teens 14 to 17 years old by June 1, 2027 who are enrolled in high school (or equivalent) for the coming school year.","Online application plus an essay of 2 pages or less written by the teen alone (AI-looking essays are rejected), and one recommendation from a non-family adult. Selected teens interview in person in March and attend orientation with a parent in April.",https://zooatlanta.org/program/volunteen-program/,,fetched,2026-10-09,"Staff review in February, notification of next steps by March 1. A current TB test is needed each year by June 1. Shifts are A.M., P.M. or full day. The page does not print a year beside Jan 1 and Jan 31; the year is read from the 2027 program-year details."
zooniverse,Zooniverse Citizen Science,Zooniverse,Virtual,virtual,volunteer,science; environment,,,,unpaid,No cost stated on the pages read; it is a volunteer research site,year-round,Whenever you want,year-round,Always open.,,rolling,False,Open to volunteers online. The pages read state no age rule; check the user agreement.,"Go to zooniverse.org, pick a project, and make an account if the project asks.",https://www.zooniverse.org/,,fetched,2026-10-07,"Minimum age is not stated on the home page or FAQ. Projects span arts, biology, climate, history, language, medicine, nature, physics, space and social science."
